00000000
00000407
00000000
00000000
00000000
00000000
00000000
00000000
00000000
00000000
00000000
00000000
00000000
00000001
00000000
00000002
00000000
00000003
00000000
00000004
00000000
00000005
00000000
00000006
00000000
00000007
00000000
00000008
00000000
00000009
00000000
0000000A
00000000
0000000B
00000000
0000000C
00000000
0000000D
00000000
0000000E
00000000
0000000F
00000000
00000010
00000000
00000011
00000000
00000012
00000000
00000013
00000000
00000014
00000000
00000015
00000000
00000016
00000000
00000017
00000000
00000018
00000000
00000019
00000000
0000001A
00000000
0000001B
00000000
0000001C
00000000
0000001D
00000000
0000001E
00000000
0000001F
00000000
00000020
00000000
00000021
00000000
00000022
00000000
00000023
00000000
00000024
00000000
00000025
00000000
00000026
00000000
00000027
00000000
00000028
00000000
00000029
00000000
0000002A
00000000
0000002B
00000000
0000002C
00000000
0000002D
00000000
0000002E
00000000
0000002F
00000000
00000030
00000000
00000031
00000000
00000032
00000000
00000033
00000000
00000034
00000000
00000035
00000000
00000036
00000000
00000037
00000000
00000038
00000000
00000039
00000000
0000003A
00000000
0000003B
00000000
0000003C
00000000
0000003D
00000000
0000003E
00000000
0000003F
00000000
00000040
00000000
00000041
00000000
00000042
00000000
00000043
00000000
00000044
00000000
00000045
00000000
00000046
00000000
00000047
00000000
00000048
00000000
00000049
00000000
0000004A
00000000
0000004B
00000000
0000004C
00000000
0000004D
00000000
0000004E
00000000
0000004F
00000000
00000050
00000000
00000051
00000000
00000052
00000000
00000053
00000000
00000054
00000000
00000055
00000000
00000056
00000000
00000057
00000000
00000058
00000000
00000059
00000000
0000005A
00000000
0000005B
00000000
0000005C
00000000
0000005D
00000000
0000005E
00000000
0000005F
00000000
00000060
00000000
00000061
00000000
00000062
00000000
00000063
00000000
00000000
00000000
00000064
00000000
00000000
00000000
00000065
00000000
00000000
00000000
00000066
00000000
00000000
00000000
00000000
00000067
00000000
00000068
00000000
00000069
00000000
0000006A
00000000
0000006B
00000000
0000006C
00000000
0000006D
00000000
0000006E
00000000
0000006F
00000000
00000070
00000000
00000071
00000000
00000072
00000000
00000073
00000000
00000074
00000000
00000075
00000000
00000076
00000000
00000077
00000000
00000078
00000000
00000079
00000000
0000007A
00000000
0000007B
00000000
0000007C
00000000
0000007D
00000000
0000007E
00000000
0000007F
00000000
00000080
00000000
00000081
00000000
00000082
00000000
00000083
00000000
00000084
00000000
00000085
00000000
00000086
00000000
00000087
00000000
00000088
00000000
00000089
00000000
0000008A
00000000
0000008B
00000000
0000008C
00000000
0000008D
00000000
0000008E
00000000
0000008F
00000000
00000090
00000000
00000091
00000000
00000092
00000000
00000093
00000000
00000094
00000000
00000095
00000000
00000096
00000000
00000097
00000000
00000098
00000000
00000099
00000000
0000009A
00000000
0000009B
00000000
0000009C
00000000
0000009D
00000000
0000009E
00000000
0000009F
00000000
000000A0
00000000
000000A1
00000000
000000A2
00000000
000000A3
00000000
000000A4
00000000
000000A5
00000000
000000A6
00000000
000000A7
00000000
000000A8
00000000
000000A9
00000000
000000AA
00000000
000000AB
00000000
000000AC
00000000
000000AD
00000000
000000AE
00000000
000000AF
00000000
000000B0
00000000
000000B1
00000000
000000B2
00000000
000000B3
00000000
000000B4
00000000
000000B5
00000000
000000B6
00000000
000000B7
00000000
000000B8
00000000
000000B9
00000000
000000BA
00000000
000000BB
00000000
000000BC
00000000
000000BD
00000000
000000BE
00000000
000000BF
00000000
000000C0
00000000
000000C1
00000000
000000C2
00000000
000000C3
00000000
000000C4
00000000
000000C5
00000000
000000C6
00000000
000000C7
00000000
000000C8
00000000
000000C9
00000000
000000CA
00000000
000000CB
00000000
000000CC
00000000
000000CD
00000000
000000CE
00000000
000000CF
00000000
000000D0
00000000
000000D1
00000000
000000D2
00000000
000000D3
00000000
000000D4
00000000
000000D5
00000000
000000D6
00000000
000000D7
00000000
000000D8
00000000
000000D9
00000000
000000DA
00000000
000000DB
00000000
000000DC
00000000
000000DD
00000000
000000DE
00000000
000000DF
00000000
000000E0
00000000
000000E1
00000000
000000E2
00000000
000000E3
00000000
000000E4
00000000
000000E5
00000000
000000E6
00000000
000000E7
00000000
000000E8
00000000
000000E9
00000000
000000EA
00000000
000000EB
00000000
000000EC
00000000
000000ED
00000000
000000EE
00000000
000000EF
00000000
000000F0
00000000
000000F1
00000000
000000F2
00000000
000000F3
00000000
000000F4
00000000
000000F5
00000000
000000F6
00000000
000000F7
00000000
000000F8
00000000
000000F9
00000000
000000FA
00000000
000000FB
00000000
000000FC
00000000
000000FD
00000000
000000FE
00000000
000000FF
00000000
00000100
00000000
00000101
00000000
00000102
00000000
00000103
00000000
00000104
00000000
00000105
00000000
00000106
00000000
00000107
00000000
00000108
00000000
00000109
00000000
0000010A
00000000
0000010B
00000000
0000010C
00000000
0000010D
00000000
0000010E
00000000
0000010F
00000000
00000110
00000000
00000111
00000000
00000112
00000000
00000113
00000000
00000114
00000000
00000115
00000000
00000116
00000000
00000117
00000000
00000118
00000000
00000119
00000000
0000011A
00000000
0000011B
00000000
0000011C
00000000
0000011D
00000000
0000011E
00000000
0000011F
00000000
00000120
00000000
00000121
00000000
00000122
00000000
00000123
00000000
00000124
00000000
00000125
00000000
00000126
00000000
00000127
00000000
00000128
00000000
00000129
00000000
0000012A
00000000
0000012B
00000000
0000012C
00000000
0000012D
00000000
0000012E
00000000
0000012F
00000000
00000130
00000000
00000131
00000000
00000132
00000000
00000133
00000000
00000134
00000000
00000135
00000000
00000136
00000000
00000137
00000000
00000138
00000000
00000139
00000000
0000013A
00000000
0000013B
00000000
0000013C
00000000
0000013D
00000000
0000013E
00000000
0000013F
00000000
00000140
00000000
00000141
00000000
00000142
00000000
00000143
00000000
00000144
00000000
00000145
00000000
00000146
00000000
00000147
00000000
00000148
00000000
00000149
00000000
0000014A
00000000
0000014B
00000000
0000014C
00000000
0000014D
00000000
0000014E
00000000
0000014F
00000000
00000150
00000000
00000151
00000000
00000152
00000000
00000153
00000000
00000154
00000000
00000155
00000000
00000156
00000000
00000157
00000000
00000158
00000000
00000159
00000000
0000015A
00000000
0000015B
00000000
0000015C
00000000
0000015D
00000000
0000015E
00000000
0000015F
00000000
00000160
00000000
00000161
00000000
00000162
00000000
00000163
00000000
00000164
00000000
00000165
00000000
00000166
00000000
00000167
00000000
00000168
00000000
00000169
00000000
0000016A
00000000
0000016B
00000000
0000016C
00000000
0000016D
00000000
0000016E
00000000
0000016F
00000000
00000170
00000000
00000171
00000000
00000172
00000000
00000173
00000000
00000174
00000000
00000175
00000000
00000176
00000000
00000177
00000000
00000178
00000000
00000179
00000000
0000017A
00000000
0000017B
00000000
0000017C
00000000
0000017D
00000000
0000017E
00000000
0000017F
00000000
00000180
00000000
00000181
00000000
00000182
00000000
00000183
00000000
00000184
00000000
00000185
00000000
00000186
00000000
00000187
00000000
00000188
00000000
00000189
00000000
0000018A
00000000
0000018B
00000000
0000018C
00000000
0000018D
00000000
0000018E
00000000
0000018F
00000000
00000190
00000000
00000191
00000000
00000192
00000000
00000193
00000000
00000194
00000000
00000195
00000000
00000196
00000000
00000197
00000000
00000198
00000000
00000199
00000000
0000019A
00000000
0000019B
00000000
0000019C
00000000
0000019D
00000000
0000019E
00000000
0000019F
00000000
000001A0
00000000
000001A1
00000000
000001A2
00000000
000001A3
00000000
000001A4
00000000
000001A5
00000000
000001A6
00000000
000001A7
00000000
000001A8
00000000
000001A9
00000000
000001AA
00000000
000001AB
00000000
000001AC
00000000
000001AD
00000000
000001AE
00000000
000001AF
00000000
000001B0
00000000
000001B1
00000000
000001B2
00000000
000001B3
00000000
000001B4
00000000
000001B5
00000000
000001B6
00000000
000001B7
00000000
000001B8
00000000
000001B9
00000000
000001BA
00000000
000001BB
00000000
000001BC
00000000
000001BD
00000000
000001BE
00000000
000001BF
00000000
000001C0
00000000
000001C1
00000000
000001C2
00000000
000001C3
00000000
000001C4
00000000
000001C5
00000000
000001C6
00000000
000001C7
00000000
000001C8
00000000
000001C9
00000000
000001CA
00000000
000001CB
00000000
000001CC
00000000
000001CD
00000000
000001CE
00000000
000001CF
00000000
000001D0
00000000
000001D1
00000000
000001D2
00000000
000001D3
00000000
000001D4
00000000
000001D5
00000000
000001D6
00000000
000001D7
00000000
000001D8
00000000
000001D9
00000000
000001DA
00000000
000001DB
00000000
000001DC
00000000
000001DD
00000000
000001DE
00000000
000001DF
00000000
000001E0
00000000
000001E1
00000000
000001E2
00000000
000001E3
00000000
000001E4
00000000
000001E5
00000000
000001E6
00000000
000001E7
00000000
000001E8
00000000
000001E9
00000000
000001EA
00000000
000001EB
00000000
000001EC
00000000
000001ED
00000000
000001EE
00000000
000001EF
00000000
000001F0
00000000
000001F1
00000000
000001F2
00000000
000001F3
00000000
000001F4
00000000
000001F5
00000000
000001F6
00000000
000001F7
00000000
000001F8
00000000
000001F9
00000000
000001FA
00000000
000001FB
00000000
000001FC
00000000
000001FD
00000000
000001FE
00000000
000001FF
00000000
00000200
00000000
00000201
00000000
00000202
00000000
00000203
00000000
00000204
00000000
00000205
00000000
00000206
00000000
00000207
00000000
00000208
00000000
00000209
00000000
0000020A
00000000
0000020B
00000000
0000020C
00000000
0000020D
00000000
0000020E
00000000
0000020F
00000000
00000210
00000000
00000211
00000000
00000212
00000000
00000213
00000000
00000214
00000000
00000215
00000000
00000216
00000000
00000217
00000000
00000218
00000000
00000219
00000000
0000021A
00000000
0000021B
00000000
0000021C
00000000
0000021D
00000000
0000021E
00000000
0000021F
00000000
00000220
00000000
00000221
00000000
00000222
00000000
00000223
00000000
00000224
00000000
00000225
00000000
00000226
00000000
00000227
00000000
00000228
00000000
00000229
00000000
0000022A
00000000
0000022B
00000000
0000022C
00000000
0000022D
00000000
0000022E
00000000
0000022F
00000000
00000230
00000000
00000231
00000000
00000232
00000000
00000233
00000000
00000234
00000000
00000235
00000000
00000236
00000000
00000237
00000000
00000238
00000000
00000239
00000000
0000023A
00000000
0000023B
00000000
0000023C
00000000
0000023D
00000000
0000023E
00000000
0000023F
00000000
00000240
00000000
00000241
00000000
00000242
00000000
00000243
00000000
00000244
00000000
00000245
00000000
00000246
00000000
00000247
00000000
00000248
00000000
00000249
00000000
0000024A
00000000
0000024B
00000000
0000024C
00000000
0000024D
00000000
0000024E
00000000
0000024F
00000000
00000250
00000000
00000251
00000000
00000252
00000000
00000253
00000000
00000254
00000000
00000255
00000000
00000256
00000000
00000257
00000000
00000258
00000000
00000259
00000000
0000025A
00000000
0000025B
00000000
0000025C
00000000
0000025D
00000000
0000025E
00000000
0000025F
00000000
00000260
00000000
00000261
00000000
00000262
00000000
00000263
00000000
00000264
00000000
00000265
00000000
00000266
00000000
00000267
00000000
00000268
00000000
00000269
00000000
0000026A
00000000
0000026B
00000000
0000026C
00000000
0000026D
00000000
0000026E
00000000
0000026F
00000000
00000270
00000000
00000271
00000000
00000272
00000000
00000273
00000000
00000274
00000000
00000275
00000000
00000276
00000000
00000277
00000000
00000278
00000000
00000279
00000000
0000027A
00000000
0000027B
00000000
0000027C
00000000
0000027D
00000000
0000027E
00000000
0000027F
00000000
00000280
00000000
00000281
00000000
00000282
00000000
00000283
00000000
00000284
00000000
00000285
00000000
00000286
00000000
00000287
00000000
00000288
00000000
00000289
00000000
0000028A
00000000
0000028B
00000000
0000028C
00000000
0000028D
00000000
0000028E
00000000
0000028F
00000000
00000290
00000000
00000291
00000000
00000292
00000000
00000293
00000000
00000294
00000000
00000295
00000000
00000296
00000000
00000297
00000000
00000298
00000000
00000299
00000000
0000029A
00000000
0000029B
00000000
0000029C
00000000
0000029D
00000000
0000029E
00000000
0000029F
00000000
000002A0
00000000
000002A1
00000000
000002A2
00000000
000002A3
00000000
000002A4
00000000
000002A5
00000000
000002A6
00000000
000002A7
00000000
000002A8
00000000
000002A9
00000000
000002AA
00000000
000002AB
00000000
000002AC
00000000
000002AD
00000000
000002AE
00000000
000002AF
00000000
000002B0
00000000
000002B1
00000000
000002B2
00000000
000002B3
00000000
000002B4
00000000
000002B5
00000000
000002B6
00000000
000002B7
00000000
000002B8
00000000
000002B9
00000000
000002BA
00000000
000002BB
00000000
000002BC
00000000
000002BD
00000000
000002BE
00000000
000002BF
00000000
000002C0
00000000
000002C1
00000000
000002C2
00000000
000002C3
00000000
000002C4
00000000
000002C5
00000000
000002C6
00000000
000002C7
00000000
000002C8
00000000
000002C9
00000000
000002CA
00000000
000002CB
00000000
000002CC
00000000
000002CD
00000000
000002CE
00000000
000002CF
00000000
000002D0
00000000
000002D1
00000000
000002D2
00000000
000002D3
00000000
000002D4
00000000
000002D5
00000000
000002D6
00000000
000002D7
00000000
000002D8
00000000
000002D9
00000000
000002DA
00000000
000002DB
00000000
000002DC
00000000
000002DD
00000000
000002DE
00000000
000002DF
00000000
000002E0
00000000
000002E1
00000000
000002E2
00000000
000002E3
00000000
000002E4
00000000
000002E5
00000000
000002E6
00000000
000002E7
00000000
000002E8
00000000
000002E9
00000000
000002EA
00000000
000002EB
00000000
000002EC
00000000
000002ED
00000000
000002EE
00000000
000002EF
00000000
000002F0
00000000
000002F1
00000000
000002F2
00000000
000002F3
00000000
000002F4
00000000
000002F5
00000000
000002F6
00000000
000002F7
00000000
000002F8
00000000
000002F9
00000000
000002FA
00000000
000002FB
00000000
000002FC
00000000
000002FD
00000000
000002FE
00000000
000002FF
00000000
00000300
00000000
00000301
00000000
00000302
00000000
00000303
00000000
00000304
00000000
00000305
00000000
00000306
00000000
00000307
00000000
00000308
00000000
00000309
00000000
0000030A
00000000
0000030B
00000000
0000030C
00000000
0000030D
00000000
0000030E
00000000
0000030F
00000000
00000310
00000000
00000311
00000000
00000312
00000000
00000313
00000000
00000314
00000000
00000315
00000000
00000316
00000000
00000317
00000000
00000318
00000000
00000319
00000000
0000031A
00000000
0000031B
00000000
0000031C
00000000
0000031D
00000000
0000031E
00000000
0000031F
00000000
00000320
00000000
00000321
00000000
00000322
00000000
00000323
00000000
00000324
00000000
00000325
00000000
00000326
00000000
00000327
00000000
00000328
00000000
00000329
00000000
0000032A
00000000
0000032B
00000000
0000032C
00000000
0000032D
00000000
0000032E
00000000
0000032F
00000000
00000330
00000000
00000331
00000000
00000332
00000000
00000333
00000000
00000334
00000000
00000335
00000000
00000336
00000000
00000337
00000000
00000338
00000000
00000339
00000000
0000033A
00000000
0000033B
00000000
0000033C
00000000
0000033D
00000000
0000033E
00000000
0000033F
00000000
00000340
00000000
00000341
00000000
00000342
00000000
00000343
00000000
00000344
00000000
00000345
00000000
00000346
00000000
00000347
00000000
00000348
00000000
00000349
00000000
0000034A
00000000
0000034B
00000000
0000034C
00000000
0000034D
00000000
0000034E
00000000
0000034F
00000000
00000350
00000000
00000351
00000000
00000352
00000000
00000353
00000000
00000354
00000000
00000355
00000000
00000356
00000000
00000357
00000000
00000358
00000000
00000359
00000000
0000035A
00000000
0000035B
00000000
0000035C
00000000
0000035D
00000000
0000035E
00000000
0000035F
00000000
00000360
00000000
00000361
00000000
00000362
00000000
00000363
00000000
00000364
00000000
00000365
00000000
00000366
00000000
00000367
00000000
00000368
00000000
00000369
00000000
0000036A
00000000
0000036B
00000000
0000036C
00000000
0000036D
00000000
0000036E
00000000
0000036F
00000000
00000370
00000000
00000371
00000000
00000372
00000000
00000373
00000000
00000374
00000000
00000375
00000000
00000376
00000000
00000377
00000000
00000378
00000000
00000379
00000000
0000037A
00000000
0000037B
00000000
0000037C
00000000
0000037D
00000000
0000037E
00000000
0000037F
00000000
00000380
00000000
00000381
00000000
00000382
00000000
00000383
00000000
00000384
00000000
00000385
00000000
00000386
00000000
00000387
00000000
00000388
00000000
00000389
00000000
0000038A
00000000
0000038B
00000000
0000038C
00000000
0000038D
00000000
0000038E
00000000
0000038F
00000000
00000390
00000000
00000391
00000000
00000392
00000000
00000393
00000000
00000394
00000000
00000395
00000000
00000396
00000000
00000397
00000000
00000398
00000000
00000399
00000000
0000039A
00000000
0000039B
00000000
0000039C
00000000
0000039D
00000000
0000039E
00000000
0000039F
00000000
000003A0
00000000
000003A1
00000000
000003A2
00000000
000003A3
00000000
000003A4
00000000
000003A5
00000000
000003A6
00000000
000003A7
00000000
000003A8
00000000
000003A9
00000000
000003AA
00000000
000003AB
00000000
000003AC
00000000
000003AD
00000000
000003AE
00000000
000003AF
00000000
000003B0
00000000
000003B1
00000000
000003B2
00000000
000003B3
00000000
000003B4
00000000
000003B5
00000000
000003B6
00000000
000003B7
00000000
000003B8
00000000
000003B9
00000000
000003BA
00000000
000003BB
00000000
000003BC
00000000
000003BD
00000000
000003BE
00000000
000003BF
00000000
000003C0
00000000
000003C1
00000000
000003C2
00000000
000003C3
00000000
000003C4
00000000
000003C5
00000000
000003C6
00000000
000003C7
00000000
000003C8
00000000
000003C9
00000000
000003CA
00000000
000003CB
00000000
000003CC
00000000
000003CD
00000000
000003CE
00000000
000003CF
00000000
000003D0
00000000
000003D1
00000000
000003D2
00000000
000003D3
00000000
000003D4
00000000
000003D5
00000000
000003D6
00000000
000003D7
00000000
000003D8
00000000
000003D9
00000000
000003DA
00000000
000003DB
00000000
000003DC
00000000
000003DD
00000000
000003DE
00000000
000003DF
00000000
000003E0
00000000
000003E1
00000000
000003E2
00000000
000003E3
00000000
000003E4
00000000
000003E5
00000000
000003E6
000003E7
000003E8
000003E9
000003EA
000003EB
000003EC
000003ED
000003EE
000003EF
000003F0
000003F1
000003F2
000003F3
000003F4
000003F5
000003F6
000003F7
000003F8
000003F9
000003FA
000003FB
000003FC
000003FD
000003FE
000003FF
00000400
00000401
00000402
00000403
00000404
00000405
00000406
00000408
00000409
0000040A
0000040B
0000040C
0000040D
0000040E
0000040F
00000410
00000411
00000412
00000413
00000414
00000415
00000416
00000417
00000418
00000419
0000041A
0000041B
0000041C
0000041D
0000041E
0000041F
00000420
00000421
00000422
00000423
00000424
00000425
00000426
00000427
00000428
00000429
0000042A
0000042B
0000042C
0000042D
0000042E
0000042F
00000430
00000431
00000432
00000433
00000434
00000435
00000436
00000437
00000438
00000439
0000043A
0000043B
0000043C
0000043D
0000043E
0000043F
00000440
00000441
00000442
00000443
00000444
00000445
00000446
00000447
00000448
00000449
0000044A
0000044B
0000044C
0000044D
0000044E
0000044F
00000450
00000451
00000452
00000453
00000454
00000455
00000456
00000457
00000458
00000459
0000045A
0000045B
0000045C
0000045D
0000045E
0000045F
00000460
00000461
00000462
00000463
00000464
00000465
00000466
00000467
00000468
00000469
0000046A
0000046B
0000046C
0000046D
0000046E
0000046F
00000470
00000471
00000472
00000473
00000474
00000475
00000476
00000477
00000478
00000479
0000047A
0000047B
0000047C
0000047D
0000047E
0000047F
00000480
00000481
00000482
00000483
00000484
00000485
00000486
00000487
00000488
00000489
0000048A
0000048B
0000048C
0000048D
0000048E
0000048F
00000490
00000491
00000492
00000493
00000494
00000495
00000496
00000497
00000498
00000499
0000049A
0000049B
0000049C
0000049D
0000049E
0000049F
000004A0
000004A1
000004A2
000004A3
000004A4
000004A5
000004A6
000004A7
000004A8
000004A9
000004AA
000004AB
000004AC
000004AD
000004AE
000004AF
000004B0
000004B1
000004B2
000004B3
000004B4
000004B5
000004B6
000004B7
000004B8
000004B9
000004BA
000004BB
000004BC
000004BD
000004BE
000004BF
000004C0
000004C1
000004C2
000004C3
000004C4
000004C5
000004C6
000004C7
000004C8
000004C9
000004CA
000004CB
000004CC
000004CD
000004CE
000004CF
000004D0
000004D1
000004D2
000004D3
000004D4
000004D5
000004D6
000004D7
000004D8
000004D9
000004DA
000004DB
000004DC
000004DD
000004DE
000004DF
000004E0
000004E1
000004E2
000004E3
000004E4
000004E5
000004E6
000004E7
000004E8
000004E9
000004EA
000004EB
000004EC
000004ED
000004EE
000004EF
000004F0
000004F1
000004F2
000004F3
000004F4
000004F5
000004F6
000004F7
000004F8
000004F9
000004FA
000004FB
000004FC
000004FD
000004FE
000004FF
00000500
00000501
00000502
00000503
00000504
00000505
00000506
00000507
00000508
00000509
0000050A
0000050B
0000050C
0000050D
0000050E
0000050F
00000510
00000511
00000512
00000513
00000514
00000515
00000516
00000517
00000518
00000519
0000051A
0000051B
0000051C
0000051D
0000051E
0000051F
00000520
00000521
00000522
00000523
00000524
00000525
00000526
00000527
00000528
00000529
0000052A
0000052B
0000052C
0000052D
0000052E
0000052F
00000530
00000531
00000532
00000533
00000534
00000535
00000536
00000537
00000538
00000539
0000053A
0000053B
0000053C
0000053D
0000053E
0000053F
00000540
00000541
00000542
00000543
00000544
00000545
00000546
00000547
00000548
00000549
0000054A
0000054B
0000054C
0000054D
0000054E
0000054F
00000550
00000551
00000552
00000553
00000554
00000555
00000556
00000557
00000558
00000559
0000055A
0000055B
0000055C
0000055D
0000055E
0000055F
00000560
00000561
00000562
00000563
00000564
00000565
00000566
00000567
00000568
00000569
0000056A
0000056B
0000056C
0000056D
0000056E
0000056F
00000570
00000571
00000572
00000573
00000574
00000575
00000576
00000577
00000578
00000579
0000057A
0000057B
0000057C
0000057D
0000057E
0000057F
00000580
00000581
00000582
00000583
00000584
00000585
00000586
00000587
00000588
00000589
0000058A
0000058B
0000058C
0000058D
0000058E
0000058F
00000590
00000591
00000592
00000593
00000594
00000595
00000596
00000597
00000598
00000599
0000059A
0000059B
0000059C
0000059D
0000059E
0000059F
000005A0
000005A1
000005A2
000005A3
000005A4
000005A5
000005A6
000005A7
000005A8
000005A9
000005AA
000005AB
000005AC
000005AD
000005AE
000005AF
000005B0
000005B1
000005B2
000005B3
000005B4
000005B5
000005B6
000005B7
000005B8
000005B9
000005BA
000005BB
000005BC
000005BD
000005BE
000005BF
000005C0
000005C1
000005C2
000005C3
000005C4
000005C5
000005C6
000005C7
000005C8
000005C9
000005CA
000005CB
000005CC
000005CD
000005CE
000005CF
000005D0
000005D1
000005D2
000005D3
000005D4
000005D5
000005D6
000005D7
000005D8
000005D9
000005DA
000005DB
000005DC
000005DD
000005DE
000005DF
000005E0
000005E1
000005E2
000005E3
000005E4
000005E5
000005E6
000005E7
000005E8
000005E9
000005EA
000005EB
000005EC
000005ED
000005EE
000005EF
000005F0
000005F1
000005F2
000005F3
000005F4
000005F5
000005F6
000005F7
000005F8
000005F9
000005FA
000005FB
000005FC
000005FD
000005FE
000005FF
00000600
00000601
00000602
00000603
00000604
00000605
00000606
00000607
00000608
00000609
0000060A
0000060B
0000060C
0000060D
0000060E
0000060F
00000610
00000611
00000612
00000613
00000614
00000615
00000616
00000617
00000618
00000619
0000061A
0000061B
0000061C
0000061D
0000061E
0000061F
00000620
00000621
00000622
00000623
00000624
00000625
00000626
00000627
00000628
00000629
0000062A
0000062B
0000062C
0000062D
0000062E
0000062F
00000630
00000631
00000632
00000633
00000634
00000635
00000636
00000637
00000638
00000639
0000063A
0000063B
0000063C
0000063D
0000063E
0000063F
00000640
00000641
00000642
00000643
00000644
00000645
00000646
00000647
00000648
00000649
0000064A
0000064B
0000064C
0000064D
0000064E
0000064F
00000650
00000651
00000652
00000653
00000654
00000655
00000656
00000657
00000658
00000659
0000065A
0000065B
0000065C
0000065D
0000065E
0000065F
00000660
00000661
00000662
00000663
00000664
00000665
00000666
00000667
00000668
00000669
0000066A
0000066B
0000066C
0000066D
0000066E
0000066F
00000670
00000671
00000672
00000673
00000674
00000675
00000676
00000677
00000678
00000679
0000067A
0000067B
0000067C
0000067D
0000067E
0000067F
00000680
00000681
00000682
00000683
00000684
00000685
00000686
00000687
00000688
00000689
0000068A
0000068B
0000068C
0000068D
0000068E
0000068F
00000690
00000691
00000692
00000693
00000694
00000695
00000696
00000697
00000698
00000699
0000069A
0000069B
0000069C
0000069D
0000069E
0000069F
000006A0
000006A1
000006A2
000006A3
000006A4
000006A5
000006A6
000006A7
000006A8
000006A9
000006AA
000006AB
000006AC
000006AD
000006AE
000006AF
000006B0
000006B1
000006B2
000006B3
000006B4
000006B5
000006B6
000006B7
000006B8
000006B9
000006BA
000006BB
000006BC
000006BD
000006BE
000006BF
000006C0
000006C1
000006C2
000006C3
000006C4
000006C5
000006C6
000006C7
000006C8
000006C9
000006CA
000006CB
000006CC
000006CD
000006CE
000006CF
000006D0
000006D1
000006D2
000006D3
000006D4
000006D5
000006D6
000006D7
000006D8
000006D9
000006DA
000006DB
000006DC
000006DD
000006DE
000006DF
000006E0
000006E1
000006E2
000006E3
000006E4
000006E5
000006E6
000006E7
000006E8
000006E9
000006EA
000006EB
000006EC
000006ED
000006EE
000006EF
000006F0
000006F1
000006F2
000006F3
000006F4
000006F5
000006F6
000006F7
000006F8
000006F9
000006FA
000006FB
000006FC
000006FD
000006FE
000006FF
00000700
00000701
00000702
00000703
00000704
00000705
00000706
00000707
00000708
00000709
0000070A
0000070B
0000070C
0000070D
0000070E
0000070F
00000710
00000711
00000712
00000713
00000714
00000715
00000716
00000717
00000718
00000719
0000071A
0000071B
0000071C
0000071D
0000071E
0000071F
00000720
00000721
00000722
00000723
00000724
00000725
00000726
00000727
00000728
00000729
0000072A
0000072B
0000072C
0000072D
0000072E
0000072F
00000730
00000731
00000732
00000733
00000734
00000735
00000736
00000737
00000738
00000739
0000073A
0000073B
0000073C
0000073D
0000073E
0000073F
00000740
00000741
00000742
00000743
00000744
00000745
00000746
00000747
00000748
00000749
0000074A
0000074B
0000074C
0000074D
0000074E
0000074F
00000750
00000751
00000752
00000753
00000754
00000755
00000756
00000757
00000758
00000759
0000075A
0000075B
0000075C
0000075D
0000075E
0000075F
00000760
00000761
00000762
00000763
00000764
00000765
00000766
00000767
00000768
00000769
0000076A
0000076B
0000076C
0000076D
0000076E
0000076F
00000770
00000771
00000772
00000773
00000774
00000775
00000776
00000777
00000778
00000779
0000077A
0000077B
0000077C
0000077D
0000077E
0000077F
00000780
00000781
00000782
00000783
00000784
00000785
00000786
00000787
00000788
00000789
0000078A
0000078B
0000078C
0000078D
0000078E
0000078F
00000790
00000791
00000792
00000793
00000794
00000795
00000796
00000797
00000798
00000799
0000079A
0000079B
0000079C
0000079D
0000079E
0000079F
000007A0
000007A1
000007A2
000007A3
000007A4
000007A5
000007A6
000007A7
000007A8
000007A9
000007AA
000007AB
000007AC
000007AD
000007AE
000007AF
000007B0
000007B1
000007B2
000007B3
000007B4
000007B5
000007B6
000007B7
000007B8
000007B9
000007BA
000007BB
000007BC
000007BD
000007BE
000007BF
000007C0
000007C1
000007C2
000007C3
000007C4
000007C5
000007C6
000007C7
000007C8
000007C9
000007CA
000007CB
00003F57
000007CC
000007CD
000007E3
000007CE
000007CF
000007D0
00002C45
000007D1
000007D2
000007D3
000007D4
00000000
000007D5
000007D6
00003CB0
00003E5E
000007D7
0000590A
000007D8
000007D9
00001DD0
000007DA
000007DB
000007DC
000028B8
00000000
000007DD
000007DE
000036C5
000007E0
00002AB2
000007E1
000014AC
000007E2
00000809
00000000
000007E4
000051C6
000007E5
000007E6
00000000
000007E7
00002F42
000007E8
00000805
000007E9
000007EA
000007EB
000007EC
00000000
00000000
00000000
000007ED
000007EE
00000000
000007EF
000007F0
000007F1
00002A82
00005432
00000000
000007F2
00000A48
000007F3
000063B0
000007F4
00000000
000007F5
000007F6
000007F7
000007F8
00003ADC
000007F9
0000290A
000007FA
00000000
000007FB
0000536E
000040FE
00000000
000007FC
00000000
000007FD
00004E2E
000007FE
00002C01
000007FF
00000000
00000800
00000801
000039F9
0000144F
00000803
00005E79
00000000
00000000
00000804
00000000
00000806
00002B69
00000000
00000000
00000807
00001EA2
00004A08
00000808
00000000
00000000
0000080A
0000080B
00006A2A
00000000
00000000
0000080C
0000080D
00002573
00005926
0000080E
0000182B
00000810
00000811
000015F6
00000000
00000812
000021DE
00000000
00000813
00000814
00000000
00000815
00000000
00000816
000009DA
00000000
00000000
00000817
00000000
00000819
000047EE
00000000
0000081A
00001091
00000000
00000000
00000000
0000081C
00000000
00000000
00000000
0000081D
0000081F
0000138B
00001582
00000821
00001F68
00000000
00000000
00000000
00000822
00000000
00000000
00000000
00000000
00000823
00000824
00000825
0000189C
00000000
0000082F
00000826
00000000
00000827
00000000
00000000
00000828
00000829
000019FF
00000000
00000000
00000000
0000082A
00005AE4
0000082B
00000000
0000082C
00000000
0000082D
00000000
00000830
00004D97
00000831
000009AA
00000000
0000095D
00000835
000061BE
00000000
00000837
0000131F
00001807
00000000
00000838
00000000
00000000
00000000
00000839
00001187
0000083A
00002912
00000000
0000083B
0000538C
00000000
0000083C
00000865
000008B0
0000083D
00000936
00000000
00006DBD
0000083E
00005575
00000000
00000000
00000000
0000083F
000019F3
00002EC0
00000840
00003751
00000000
00000841
0000328F
00000000
00000000
00000869
00000000
00000842
00000843
0000086E
00000844
00001CC7
00002A43
00000000
00000000
00000845
00000000
00000000
00000000
00000000
00000000
00000000
00000000
00000846
000022F1
00006F64
00000847
000019B7
00003705
00000000
00000000
00000F02
00000000
00000848
00000000
0000084A
0000084B
0000084C
0000084D
0000084E
00000000
00000000
0000084F
00000850
00001D92
00000851
00005B70
000019AE
00000852
00003F58
00000853
00000000
00000854
00000000
00000855
00000856
000022D3
000015C4
00000858
00000A0C
00000000
00000000
00000000
00000000
00000A4D
00000859
00000000
00000000
00000000
00000000
0000085A
0000085B
00000000
0000085D
00000C3B
00003E24
0000085E
00000000
0000085F
00002349
0000203E
00000000
00000860
00000000
0000654B
00000861
00002288
00000000
00000862
00000863
00000000
00000000
00000864
00000000
00000866
00000867
00000000
00000868
000012DE
0000086A
00001AF8
00000000
00000000
00000000
0000086B
0000086C
00003CB8
00004D7E
00000000
0000086D
00000000
00000CA7
0000086F
00000000
00000000
00000870
00000A98
00002E8B
00000000
00000871
00000872
00000873
000010C9
00000000
00000000
00000000
00000000
00000000
00000874
0000089D
00000875
00000000
00000876
00001190
00000000
00000877
00000DC0
00000878
00004BD5
00000000
00000879
0000280A
00000A5F
00000000
0000087A
00003B15
0000087B
00003753
00000000
0000087C
00004F04
00000000
00000000
0000087D
0000342E
00000000
00000000
0000087E
0000087F
00000000
00000880
00006059
00000000
00000000
00000881
00000000
00000000
00000000
00000000
00000882
00000000
00000883
00000884
00000885
00000886
00000000
00004361
00000887
00000888
0000564B
00000000
00000889
000037B6
00000000
000021DC
0000088A
00000D41
00000000
0000088B
00000000
0000088C
00000000
00000000
0000088D
00000000
0000088E
00000000
0000088F
00001DEA
00000890
00003FF3
00000000
00003E1F
00000000
00000891
00000FAC
00000000
00000000
00000000
00000892
00000000
00000000
00000000
00000000
00000893
00000000
00000000
00000894
000016ED
00000895
00001FF7
00000000
00000896
00000FA2
00000897
00000906
00000000
00000898
00000000
00000000
00000899
00002EA1
0000697E
0000089A
00001114
0000089B
00006BB3
0000089C
00000000
00000000
00000000
00000DFE
00000000
00000000
0000089E
00000000
00000000
00000000
00000000
00000A99
0000089F
00002DC9
00000000
000008A0
00000949
00000000
000008A1
00001583
00000000
00000000
000008A2
00002DAD
00000000
000008A3
00000000
00000000
00000000
00000000
00000000
000008A4
00004B82
000008A6
000036F7
000008A7
00006C91
00000000
000008A8
00003D95
000008A9
00000000
000008AA
00006BC9
000008AB
000011BC
00001230
000008AC
00000000
0000104F
000008AD
000008AE
00002FAB
00000000
00000000
000008AF
000036B8
000008B1
00000000
000008B3
000012F9
000008B4
00000912
00003FD9
000008B6
0000469F
00000000
00000000
000052D8
00000000
00000000
00000000
000008B7
000024AC
00001EBF
000008B9
00002CEF
000008BA
00003C80
00000000
00000000
000008BB
0000231F
00001362
00000000
00002C98
000008BC
00003DBD
000008BD
00002EF6
000008BE
00002C91
000008C0
00004A4D
00000B66
000008C1
00000000
00000000
00000000
00006D25
000008C2
00004D5A
0000440B
00000000
00000000
00000000
00000000
000008C4
00003B77
00000000
000008F7
000008C5
00000000
000008FA
00000000
000008C6
00000000
00000000
000008C7
00000000
00001B3A
00006274
00000000
00000000
00000000
00000000
00000000
00000000
000008C8
000008C9
000026CC
000008CA
00005492
000008CB
000049A8
00000000
000008CC
00004AED
000008CD
00003A07
000015B1
00000000
00000000
00000000
000008CE
00000000
0000340B
00000000
00000000
00000000
000008CF
000008D0
00002224
00003C74
00000000
00000000
000008D1
000025EA
00004D5C
00000000
000008D2
00000000
000008D3
000008D4
00002A10
000008D5
000008D6
00000CBF
000008D7
00000000
000008D8
000068C6
000008D9
00000000
00000000
00000000
000008DA
000022C6
00000000
00000000
00000000
000008DB
000008DC
000019EE
00000000
00000000
000008DD
00004015
00002357
00000000
00000000
000008DE
000008E0
000008E1
00000000
000008E2
000008E3
00000000
00000000
000008E4
0000288D
0000395C
00000000
00000000
000008E5
00000000
000008E7
00000981
00000000
000008E8
000033EC
00000000
00000000
00000000
00000000
000008E9
00005204
00000000
000008EA
000008EB
00000000
00000000
00000000
000030A5
000008EC
00002DB7
00000000
00000000
00000000
00000000
000008ED
000008EE
000008EF
000008F0
000008F1
00006309
00000000
00000000
00000000
000008F3
000008F4
00000000
000008F5
000008F6
0000096C
000008F8
000008F9
0000093D
000008FB
00006E22
00000000
000008FC
00002064
00000000
0000248E
00000000
00000000
000008FD
00000000
00000000
000008FE
00000000
000008FF
00000000
00000000
00000000
00000900
000023C0
00000000
00000000
00000901
00000000
00000902
00000000
00000000
00000903
00000000
00000000
00000904
0000181A
00000000
00000905
00000000
00000000
00000F11
00000000
00000000
00000907
00000000
00000000
00000908
00003479
00000EB9
00000000
00000000
00000000
00000000
00000000
00000000
00000909
00000000
00000000
0000090A
0000090B
00001C35
0000090C
00000000
0000090D
00000AAC
00000A93
00000000
0000090E
00000000
00000910
00000911
00000000
00000000
00000913
00000914
00000915
00000000
00000000
00000000
00000916
00000917
00000918
00001F33
00000000
00006DC5
00000000
00000000
00000919
00001A48
00000000
0000091A
00006855
00000000
0000091B
00002C76
00003157
0000091C
00000000
00000A85
0000091D
0000091E
0000091F
0000258A
00000000
00000AD7
00000000
00000000
00000920
0000333A
00000000
00000000
00000000
00000000
00000921
00005601
00000922
00000923
00000924
00004EC0
00000925
00001DEF
00000926
00002ADF
00000E45
00000000
00000000
00000000
00000000
00000000
00000927
00000000
00000000
00000928
0000286A
00000000
00000929
00000000
0000092A
0000092B
000030A8
00000000
00000000
00000000
00000000
0000092C
0000092D
0000412E
00000000
0000092E
00000CD0
0000092F
00001AA3
00000000
00000000
00001B50
00000000
00000930
00000000
00000931
00000000
00000932
00000933
00000C7E
00000000
00000934
000029E2
00000000
00000AAF
00000000
00000935
00000000
00000937
00000938
00000000
00000000
00000000
00000000
00000000
0000093A
00006FFB
00000000
00000000
00000000
00001116
0000093B
00003990
0000093C
00000E7E
0000093E
00000000
00000000
00000000
00002BE2
00000000
00000000
0000093F
00000000
00000000
00000000
00000941
00000000
00000000
00000000
00000942
00000000
00000943
00000944
00005CE0
00000000
00000945
000072C3
00000D01
00000000
00000000
00000000
00000946
00000947
00007360
00000000
00000000
00000948
00000000
0000094B
0000094C
00000000
00000000
00000000
0000094D
0000094E
00000000
00000000
0000094F
00000950
00000951
00000953
00000000
000016BC
00000000
00000954
00000B21
00000956
00000000
00000000
00000957
00000000
00000958
00000959
000063C4
00000000
00000000
00000000
0000095A
00000000
00000000
00000000
0000095B
0000095C
0000095E
0000095F
00000000
00000960
00000000
00000962
00000963
00000964
00000000
000027BC
00000000
00000965
00000000
00000966
00000000
00000000
00000000
00000000
00000000
00000967
00002489
00000000
00000000
00000000
00000968
00000000
00000969
0000096A
00000000
00000000
0000096B
00000000
00000000
00000000
0000096D
00000000
00000000
0000096E
00000000
0000096F
00000970
00000971
00000972
00000973
00000974
00000975
00000000
00000000
00000976
00000977
00000978
0000276D
00000979
00000000
00000000
0000097A
00002E5B
00000000
0000701B
00000000
00000000
0000097B
00000000
00000A35
00000000
0000097C
00003F5E
00000000
00000000
00003DBA
00000000
00000000
0000097D
00000000
00000000
0000097E
00002B4D
0000097F
00000980
00000000
00000000
00000000
00001299
00000000
00000982
00000000
00000983
00000000
00000000
00000984
00000000
00000000
00000985
00000000
00000000
00000000
00000986
00000BEA
00000987
00002E59
00000000
00000988
00000000
00000989
0000098A
0000098B
00005677
0000098C
00005221
00000000
000009CB
0000098D
00000000
00000000
00000000
0000098E
0000098F
00005506
00000990
00000F3E
00000000
00000000
00000000
00000000
00000991
00000000
00000992
00000000
00000000
00000000
00000000
00000000
00000993
000031BB
00000994
00000AD3
00004AAD
00000000
00000995
00005C89
0000136B
00000000
00000000
00000996
000044BB
00000997
00000998
00000000
00000999
0000405B
00000000
00000000
00000000
00001197
00000000
00000000
00000000
0000099A
0000099B
00000000
0000099C
00000000
00000000
0000099D
0000099E
0000099F
000009A0
00000000
00000000
000009A1
00000000
00000000
000009A2
00000000
00000000
00000000
000009A3
00000000
00000000
000009A4
00001D51
000009A5
00005FB5
00000000
00000000
00000000
00000000
000009A6
00000000
00000000
00000000
000009A7
00003EE5
00004910
00000000
00000E26
00000000
000009A8
00000000
00000000
000009A9
000009B2
00000AA9
00000000
000009AC
000009D6
000009AD
00000000
00000000
000009AE
00000000
000062FC
00000000
000009AF
000009B1
000009B4
00000000
00000000
000009B5
00000000
000009B6
00000000
00000000
000009B8
000009B9
00000000
00000000
00000000
00000000
000009BA
0000253A
00000000
00000000
00000000
000009BB
00000000
00000000
000009BC
00006046
00003EB6
00000000
00000000
00000C04
000009BD
000009BE
00000F80
00000000
00000000
00000000
00000000
00000000
00000000
000009BF
00000000
00000000
00000000
000009C0
00000000
00000000
00005E9A
000009C2
00000000
000009C3
000009C4
00000000
00000000
000009C5
00002F8A
000009C6
00003E95
00000000
00000000
000009C7
00005B0E
00000000
000009C8
00000000
00000000
00000000
00000000
000009C9
00000000
00000000
00000000
00000E1D
000009CA
000024AD
00000000
000009CC
00000000
00000000
00000000
00000000
000009CE
000025D6
00002625
00000000
00000000
00000000
00000000
00000000
000014CB
00000000
000009CF
000009D0
00000000
00000000
00000000
00000A95
00000000
000009D1
00001CF0
000009D2
000048C5
000009D3
00000000
00000000
000009D4
00005AED
00000000
00006461
00000000
00000000
000009D5
000009D7
00000000
00000000
000009D8
000009D9
00001218
00000000
00000000
00000000
00000000
00000000
00000000
00000000
000009DB
00000000
000009DC
00000000
00000000
00000000
00000000
000009DD
000009DE
00003D9F
00000000
000060CE
00000000
00000000
00000D52
00000F7E
00000000
00000000
000009E0
00003E04
00003A3E
00000000
000009E1
00000000
00000000
000009E2
000009E3
00000000
00000000
00000000
00004768
00000000
00000000
00000000
000009E5
000009E6
00000000
000009E7
00003094
00003313
00000000
00000000
00000000
000009E8
00000FAD
00000000
00000000
00000000
00000FBF
00000000
00000000
000009E9
000009EA
000009EB
00000B93
000009EC
000009ED
00000000
00000000
000009EE
000009EF
00000000
00000000
00000000
000009F0
00000000
00000000
00000000
00000000
00000000
00000000
000009F3
000017AC
00000000
000009F4
00000F7D
000009F6
00000000
00000000
000009F7
000009F8
00006286
000009F9
000069CC
00000000
00000000
00000000
000009FA
00004D0B
00000000
00000000
000009FB
00000000
00000000
000009FC
00002ACE
00000000
00000000
000009FD
00000A06
00000000
00000000
000009FE
00000000
00000000
000009FF
00000000
00000A00
00000000
00000000
00000A01
0000452E
00000000
00000A02
00000000
00000000
00000A03
00000000
00000A04
00000000
00000000
00000000
00000A05
000059A9
00000000
00000000
00000000
00000A07
00001FB5
00000A08
00000000
00000A09
00000A0A
00000A0D
000042D7
00000A0E
00003A6B
00000000
00000000
00000000
00000000
00000000
00000A10
00004F18
00000000
00002F1E
00000A11
00000A12
00000A13
0000356B
00000000
00000000
00000000
00000D73
00000A14
00001977
00000000
00000000
00000000
00000A16
00000000
00000A17
00000000
00000D22
00000000
00000A18
00000000
00000000
00000A19
00000000
00000A1A
00000000
00000E6D
00000000
00000A1B
00000000
00000A1C
00000A1D
0000273F
0000453F
00000000
00000000
00003024
00000000
00000000
00000A1E
00000000
00000A1F
00000000
0000487E
00000000
0000304F
00000000
00000000
00000000
00000000
00000A20
00000000
00000000
00000000
00000000
00000A21
000028C7
00000000
00000000
00000E7F
00000000
00000A24
00000000
00000000
00000000
00000000
00000000
00000A25
00000000
00000A26
00000A27
0000534E
00000A28
00004743
00000A29
00000D79
00000000
00000000
00002C3A
00000000
00000000
00000A2A
00000A2B
00000000
00005E7B
00000A2C
000062E0
00005A6F
00000000
00000A2D
00003AB6
00000A2E
00000000
00000A2F
00000A30
00001025
00000A31
00000000
00000A32
00000000
00000A33
00000000
00000000
00000000
00000A34
00000000
00000A36
00000AD5
00000A38
00000DEE
00000000
00000000
00000A39
00000000
00000000
00000A3B
00001E00
00000000
00000000
00000A3D
00000000
00000000
00000000
00000A3E
0000167A
00000000
00000000
00000000
00000000
00003A7A
00000A3F
00000A40
00001229
00000A41
00000000
00000000
00000A42
00003952
00000A43
00000000
00000A44
0000374A
00000A46
00000000
00000A47
00000000
00000A49
00006B23
00000000
00000A4A
00000000
00000000
00000A4B
00000A4C
000050E9
00000A4F
00000FEE
00000000
00000000
00000A50
00000000
00000000
00000000
00000000
00001410
00000000
00000A51
00000000
00000000
00000A52
00000A53
00000A54
00001BEF
00000000
00000000
00000A55
00000000
00000000
00000A56
00001C9F
00000000
000026D8
00000000
00000B45
00000000
00000A57
0000526C
00000000
00000000
00000A58
00000000
00000000
00000000
00000000
0000185B
00000A59
00004D69
00000000
00000000
00000A5A
00007009
00000000
00000A5B
00000000
00000000
00000A5C
00002C6E
00000000
00000000
00000000
00000A5D
00000A5E
00000A60
00000A61
00002C04
00000000
00000000
00000000
00000000
00000000
0000252E
00000000
00000A62
00000A63
000042FF
00000000
00000000
00000000
00000000
00000000
00000A64
00000DD6
00000A65
00000000
00000000
00000000
00000000
00000000
00000000
00000A66
00000A67
00000A68
00000000
00000A69
00000BE6
00000000
00000000
00000A6B
00000000
00000000
00000A6C
00000000
00000000
00000A6E
000040D4
00000000
00000000
00000000
00000A6F
00000000
00000A70
00000000
00000000
00000000
00000000
00000A71
000034D3
00000000
00000A72
00001572
00000000
00000000
00000000
00000A73
00000A74
00000000
00000000
00000A75
00000000
00000000
00000A76
00000000
00000A77
00000000
00000A78
00000000
00000A79
00000000
00000A7A
00000000
00000000
00000000
00000000
00000000
00000A7C
00000A7D
00003073
00000000
00000A7E
00000A7F
00004805
00000000
00000A80
000023FC
00002B7C
00000A81
00000BEE
00000000
00000000
00000A82
00000000
00000A83
00000A86
00000A87
00000000
00000A89
00000A8A
000032D4
00000000
00000A8B
00000000
00000A8C
00000A8D
00000A8E
00007161
00000A8F
00001BFB
00000000
00000000
00000000
00000A90
00002FE0
0000478E
00000C84
00000A92
00000000
00000A94
00000000
00000000
00000A96
00000000
00000000
00000A97
000055AE
0000700C
00000000
00000000
00000A9A
00004211
000015AD
00000000
00000A9B
00000000
00000000
00000000
00000A9C
00000A9D
00000A9E
00000A9F
00000AA0
00000AA2
00003335
00000000
00000000
00000AA3
00000AA4
000023E9
00005F15
00000AA5
00004BEE
00000000
00000AA6
00000AA7
00001957
00002B67
00000000
00000AA8
00000000
00000C1E
00000000
00000AAA
00000000
00000D11
00000000
00000000
00000AAB
00004188
00000AAD
00000000
00000AAE
00000000
00000000
00000F56
00000000
00000AB0
00003CBB
000010EE
00000000
00000000
00000AB1
00002486
00000000
00000000
00000AB2
00000AB3
00002AFD
00000000
00000AB4
0000307B
00000AB5
0000122E
00000000
00002C60
00000000
00000000
00000AB6
00000AB7
00007066
00000AB8
000059F1
00000000
00000000
00000000
00000AB9
00000000
00000000
00000ABA
00000000
00000000
00000000
00000000
00000ADF
00000000
00000ABB
00000ABC
00000ABD
00000000
00000000
00000000
00000ABE
00000000
00000ABF
00000AC0
00000AC1
00000000
00000AC2
00000AC3
00000AC4
00000AC5
00000AC6
00000AC7
00000AC8
00000000
00000AC9
00000ACA
00000000
00000000
00000000
00000000
00000ACB
00000000
00000ACC
00000000
00000000
00000ACD
00000000
0000102B
00000000
00000ACE
00000000
00000000
00000000
00000ACF
00000000
00000AD0
00000000
00000AD1
00000000
00000000
00000000
00000AD2
00000000
00000E70
00000000
00000AD4
00000AD6
00000000
00000000
00002533
00000000
00000AD8
00000AD9
00000000
00000ADA
000050E0
0000354A
00000000
00000000
00000000
00000ADB
00000ADC
00000000
00000000
00000D2B
00000ADD
00000000
0000428D
00000000
00000000
00000000
00000ADE
00002432
00000AE0
00000AE1
00000AE2
00000000
00000000
000015FE
00000AE3
00000000
00000000
00001424
00000000
00000AE4
00000000
00002ACD
00000AE5
00000FB9
00000000
00000AE6
0000135E
00000000
00000000
00000000
00000000
00000AE8
00000AE9
0000128C
000015D3
00000000
00000AEA
0000547C
00000000
00000AEB
00000AEC
0000692F
00000000
00000000
00000000
00000AED
0000650D
00000000
00000000
00000AEE
00000000
00000AEF
00002AAF
00000000
00006020
00000000
00000000
00000000
00000AF0
000022CD
00000000
00000AF1
00000000
00000000
00000AF2
00000AF3
00000000
00000000
00000000
00000000
00000AF4
00000000
00000000
00000000
000041B7
00000000
00000AF5
00000000
00000000
00000AF6
00000AF7
00000AF8
00000000
00000000
00000AF9
00000000
00000000
00000000
00000000
00002562
00000000
00000000
00000AFA
00000AFB
00000000
00000AFC
00005FE3
00000AFD
00000AFE
00000000
00000000
00000000
00000F79
00000000
00000AFF
00000B00
00000B01
00000000
00000000
00000000
000042E6
00000B04
00000B05
00001525
00000000
00000000
00000B06
00000000
00000000
0000226B
00000B07
00000B08
00000000
00000000
00000000
00000000
00000B09
00000B0A
00000B0B
00001733
00000000
00000B0C
00002072
00000B0D
00000000
00000000
00000000
00000B0E
00005378
00000B0F
00000000
00000000
00000000
00000B10
00000B11
00000000
00000000
00000B12
00000B13
00000000
00000000
00000000
0000124D
00000000
00000000
00000000
00000B14
00000000
00002A2D
00000000
00000000
00000B15
00000000
000021D2
00000000
00000000
00000D74
00000B16
00000000
00000000
00000000
00000000
00000B17
00000B18
000013F2
00000000
00000000
00000B19
00000000
00000B1A
00000B1B
00000000
00000000
00000B1C
000059A5
00004698
00000000
00000E17
00000B1D
000020B1
00000B1E
00000C6A
00000B1F
0000232C
00001B39
00000B20
00000000
00000000
00000000
00000B23
00000B24
000036C1
00000B25
00005E91
00005568
00000000
00001098
00000000
00000B27
00000000
00000B28
00000B29
00004D1B
0000675A
00000000
00000000
00000B2A
00000B2B
00000B2D
00000000
00000B2E
00000000
00000B30
00004DF8
00000000
00000B31
00000B32
00000B33
00000000
00000000
00000B34
00000000
00000000
00000000
00000B36
00000B37
00000B38
00006DFB
00000000
00000B39
00000000
00000000
00000000
00000000
00000B3A
00000B3B
00000B3C
00000000
00000000
00000B3D
00000000
00000B3E
00000B3F
00000000
00000000
00000B40
00000000
00000B41
00000000
0000313C
00000B42
00000000
00000000
00000B43
00000000
00000000
00000000
00000B46
00000000
00000000
00000B54
00000000
00000000
00000B47
00005567
00000000
00000B48
00000B49
00000000
00000000
00000B4C
00000000
00000000
00000000
00000B4D
00000B4E
00000000
00000000
00000B4F
00003706
00000B50
0000161A
00000000
00000000
00000000
00000B51
00000000
00000B52
000024A2
00000000
00000000
0000319B
00000000
00000000
00000B53
00000B55
00000000
00000000
00000000
00000000
00000000
00000B56
00004B89
00000000
00000000
00000000
00000B57
00000B58
000060B9
00000000
00000000
00000B59
00000000
00000B5B
00000000
00000B5C
00000B5D
00000B5E
00002E77
00000B5F
00000000
00000000
00000B61
00000000
00000000
00000000
00000000
00000B62
00000B63
00000B64
00000000
00000B65
00000B67
00000000
00000000
00000000
00000000
000023A5
00000B68
00000000
00000B69
00000000
00000B6A
00000B6C
00000000
00000000
00000000
00000B6D
00000000
00000000
00000000
00000000
00000000
00000000
00000000
00000B6E
00000000
00000FF8
00000000
00000000
00000000
00000B6F
00000B70
00000000
00000000
00000000
00000B71
000045A7
00000000
00000000
00000B72
00000000
00000000
00000000
00000B73
00005D28
00000000
00000000
00000000
00000000
00000B74
00000B75
00000000
00000B76
00000000
00000B77
00000000
00000B78
00000B7A
00000D00
00000000
00000B7B
00000000
00000B7C
00000000
00000000
000013A1
00000000
00000B7D
00000000
00000000
00000B7E
00000000
00000000
00000000
00000B7F
00000B80
00000000
00000000
00000B81
00000000
00000B82
00000000
00000B83
00000000
00000000
00000000
00000000
00000B84
00000000
00000000
00000000
00000C47
00000B85
00000B86
00005CCB
00000B87
00001822
00003848
00000000
00000000
00000B88
000051E5
00000000
00000B8A
00000000
00000000
000015B2
00000B8B
00000B8C
0000666C
0000102A
00000000
00000000
00000B8D
00000000
00000000
00000B8E
00000000
00000B8F
00004E23
00000B90
00000B91
00000000
00000B92
00000B95
00000000
00000000
00000B96
00000B97
00006177
00000000
000017F5
00000000
00000000
00000000
00000B98
00000000
00000B99
0000152F
00000B9A
00000000
00000000
00000000
00000000
00000000
00000000
00000B9B
00000000
00000000
00000000
00000B9C
00000B9D
00000000
000019E3
00000000
000053A8
00000000
00000000
00000000
00000B9E
00000000
00000000
00000B9F
00001CB5
00000000
00000000
00000000
00000BA0
00000000
00000000
00000000
00000000
00000000
00000BA1
00000BA2
00000D55
00000000
00000BA3
00000BA4
00000000
00000000
00000000
00000000
00000000
00000000
00000000
00000BA5
00000BA6
00000000
00000000
00000BA7
00000BA8
00000000
00000BA9
00000BAA
00000BAB
00003FE8
00000000
00000000
00000C75
00000000
00000BAC
00000000
00000BAE
00000000
00000BAF
00000000
000014D5
00000BB0
00000000
00000000
00000BB1
00000BB2
00000000
00000BB3
00000BB4
00000BB5
00000000
00000000
00001110
00000BB6
00000000
00000000
00000000
00001628
00000BB7
00000000
00000BB8
00000BB9
00000000
00000BBA
00000000
00000BBB
00000000
00000000
00000000
00000BBC
00000000
00000BBD
00000000
00000BBE
00000000
00000000
000020A1
00000BBF
00000000
00000000
00001A1F
00000BC0
00002127
00000000
00000000
00000BC1
00000000
00000000
00000BC2
00000000
00000BC3
00000BC5
00000000
00000000
00000000
00000BC6
00000000
00000000
00000BC7
00000BC8
00000000
00000000
00000EC6
000012DC
0000536F
00000000
00000BC9
00000000
00000BCA
00000000
00000000
00000000
00000BCB
00000000
00000BCC
00000000
00000BCD
00000000
00000BCF
00000000
00000C01
00000BD0
00000000
00000000
00000000
00000000
00000BD1
00000000
00000000
00000BD2
00000BD3
00002DE4
00000000
00004ECB
00000BD4
000022D5
00000000
000016B4
00000000
00000000
00000000
00000000
00000000
00000000
00000BD5
00000000
00000000
00000BD6
00000000
00000BD7
00000000
00000000
00000BD8
00000BD9
00000000
00000000
00000000
00000000
00000000
00000000
00000BDA
00002A6D
00000000
00000BDB
00000000
00000000
00000000
00000000
00000BDC
00000000
00000000
00000BDD
00000000
00000000
00000BDE
00000000
00000DAB
00000000
00000BDF
00003F09
00003C45
00000000
00000BE0
00000000
00000000
00000BE1
00001AE7
00000000
00000000
00000BE2
0000126D
00000000
00000BE3
00000000
00000BE4
00000000
00000000
00000000
00000BE5
00000000
00000000
00000000
00001034
00000000
00000BE7
00000000
00000000
00000BE8
00000D51
00000000
00000000
00000000
00000BE9
00000000
00000000
00000000
00000BEC
00000000
00000BED
00000BEF
00000000
00000000
00000000
00000000
00000BF0
00000BF1
00000BF2
00000000
00000000
00000000
000032FC
00000BF3
00000000
00000000
00000000
00000C10
00000BF4
00002621
00000CA1
00000000
00000000
00000BF5
00000BF6
00000000
00000000
00000BF7
00000BF9
00000BFA
00000BFB
00000000
00006C62
00000000
00000000
00000BFC
00000BFD
00000000
00000000
00000BFF
00000000
00000000
00000000
00000000
00000C00
00000000
00001FD1
00000000
00000000
00000C02
00000000
00000000
00000000
00000000
00000C03
00000000
00005277
00000000
00000C06
00000000
00000C07
00000000
00000C08
00000C09
00000000
00000C0A
00000000
00000C0B
00000C0C
00000000
00000000
00000000
00000000
00000000
00000C0E
00000000
00000000
00000C0F
00000C12
0000496E
00000000
00000000
00000C13
00000000
00000C14
00000000
00000000
000010F8
00000C15
00000000
00000000
00000C16
00000000
00000C17
00003BD3
0000206D
00000C18
000049E9
00000000
00000000
00000C19
00000000
00000000
00000C1A
00000000
00000C1B
00001EF9
00000000
00000C1C
00000000
00000C1D
00000C1F
00000000
00002E2D
00000C20
00000C21
00000C22
00000000
00004316
00000000
00000000
00000000
0000230A
00000C23
00004702
00000000
00000C24
00000C25
00000000
00000000
00000C26
00000000
00000000
00000000
00000C28
00000000
00000C29
00000000
00000000
00000C2A
00000000
00000000
00000C2B
00000000
00000000
00000C2C
00000C2D
00000C2E
00000000
00000C2F
000039B0
00000000
00000C30
00000C31
00000000
00000C33
00000C34
00003B8C
00000C35
00000000
00000000
00000000
00000C37
00000000
00000C38
00000000
00000000
00000000
00000000
00000C39
00000000
00000C3A
0000485D
00000000
0000169B
00000000
00000C3C
00000000
000011FF
00000000
00000C3D
00000C3E
00000C3F
00000000
00000F0A
00000000
00000000
00000000
00000C61
00000C40
00000000
00000FD9
00000000
00000000
00000C41
00000C42
00000000
00000C43
00000C44
00000000
00000000
0000383C
00000C45
000042BB
00003224
00000C46
00000000
00000000
00000C48
00000C49
00003EBC
00000000
00000C4A
00000C4B
00000000
00000000
00000C4D
00000C4E
00000000
00000000
00000000
00000000
000011B7
00000000
00000C4F
00000C50
0000132B
00000000
00000C51
00000000
00000000
00000C52
00000000
00000000
000057D0
00000000
00000000
00000000
00000000
00003DB4
00000000
00000C53
00000C54
00000000
00000C55
00000C56
00000000
00000000
00000C57
00000000
0000225B
00000000
00000000
00000C58
00000000
00000C59
00000C5A
00005184
00000000
00000000
00000000
00000000
00000C5B
00000000
00000C5C
00000000
00000000
00000000
00000C5D
00000000
00000000
00000000
00000C5E
00003EF3
00000C5F
00000000
00000C60
00003A4D
000043BA
00000000
00000000
00000000
00000000
00000C63
00000C64
00000000
00000000
00000C65
00000000
00000000
00000000
00000C66
00000000
00000C67
00000000
00000C68
00000000
00000C69
00000000
00002766
00000000
00000000
00000C6B
00000000
00000000
00000000
00000C6C
00000000
00000C6D
00000C6E
00000C6F
00000000
00000C70
00000C71
00000C72
00000000
00000000
00000E0B
00000000
00000000
00000C73
00000000
00000C74
00000000
00000000
00000000
00000C76
00000C77
00000000
00000000
00000000
00000000
00000C78
00004E82
00000C79
00000000
00000000
00000C7A
00000000
00000000
00000DE4
00000C7B
00000C7C
00000C7D
00000000
00000000
00000000
00000C7F
0000450E
00000000
000014FC
00000000
00000C80
00000C81
00000000
00000000
00000000
00000000
00000000
00000000
0000185A
00000000
00000C82
000039D4
00000C83
00000000
00000C85
00005FD0
00000000
00000C86
00000C88
00000000
00000000
00000000
00000000
00000000
00000C89
00000C8A
00000000
00000C8C
000010F3
00000C8D
00000C8E
00000C90
00000000
00000000
00000000
00000000
00000000
00000C92
00000C93
00000000
00000C94
00000000
00000000
00000000
00000C95
00000000
00000000
00000000
00000000
00000C96
00000000
00000000
00000000
00000000
00001566
00000C97
00000000
00000C98
00000000
00000000
00000C99
00000000
00002232
00000000
00000000
00000C9A
00000000
00000C9B
00000000
00000000
00000C9C
00000000
00000000
00000C9D
00001557
00000000
00000C9E
00000000
00000C9F
000021C8
00000000
00000CA0
00001349
00000000
00000000
00000000
00000000
00000CA2
00005001
00000000
00000CA3
00000000
00000000
00000000
00000CA4
00000000
00000000
00000000
00000000
00000000
00000000
00000CA5
00000000
00000000
00000CA9
00000000
00000CAA
00001F6E
00000CAB
00000000
00000CAC
00004E07
00000CAD
0000180A
00000CAE
00000000
00000000
00000000
00000CAF
00000CB0
00003436
00000000
00000000
0000103A
00000000
00000CB1
00000000
00000000
00000000
00000000
00000000
00000000
000011C2
00000000
00000000
00000CB2
00000000
00000000
00000000
00000CB3
00000000
00000000
00000000
00000000
00000000
00000CB4
00000000
00000EA5
00000000
00000CB5
00005969
00000000
00000FBE
00000000
00000CB6
00000000
00000CB7
00006006
00000CB8
00000000
00000000
00000CB9
00000000
00000000
00000CBB
00006FC8
00000D07
00000000
00000000
00000CBC
00000CBD
00000000
00000CBE
00000E12
00000CC0
00000000
00000000
00000000
00000000
00000000
00000CC1
00000CC2
00000CC3
00000CC4
00000CC5
00000000
00000CC7
00000000
00000000
00000000
00000CC8
00000CC9
00000000
00000000
00005E46
00000CCA
00000000
00000000
00000CCB
00000000
00000000
00001C15
000010A6
00000000
00000000
00000CCC
000066F2
00000000
00000CCD
00000000
00000000
00000000
00000000
00000000
00000000
00000CCE
00000CCF
00000CD1
00000CD2
00000CD3
00000000
00000CD4
00000CD5
00003C5B
00000CD7
00000000
00000CD8
00000CD9
00000000
00000000
00000000
00000CDA
00000000
00000000
00000CDB
00000000
00000000
00000000
00000CDC
00000000
00000000
00000000
00000000
00000000
00000CDD
00000000
00000CDE
00000000
00000000
00000CDF
00000000
00000000
00000CE0
00000000
00000000
00000CE1
00000000
00000000
00000CE2
00000CE3
000068A1
00000CE4
00000CE5
0000375F
00000000
00000000
00000CE6
00000000
00000D62
00000CE7
00000CE8
00000000
00000000
00000000
00000000
00000CE9
00000CEA
00000000
00000000
00000CEB
00000000
00000CEC
00000000
00000CED
00000CEE
00000000
00000000
00000000
00000CEF
00000000
000011D0
00000000
00000CF0
00000000
00000000
00000000
00000CF1
00000CF2
00005291
00000CF3
00000000
00000000
00000CF4
00000D83
00000000
00000CF5
00000000
00000000
00000CF6
00001B99
00000000
00000000
00000CF7
00000000
00000000
00000000
00000000
00000CF8
00000CF9
00000000
00000000
00000000
00000000
00000F94
00000000
00000CFA
00000000
00000000
00000000
00000000
00000000
00000000
00000CFB
00000CFC
00000000
00000000
00000000
00000000
00000000
00000000
00000000
00000CFD
00000CFE
00000000
00000000
00000000
00000000
00000000
00000CFF
00000000
00000F98
00000000
00000000
00000D02
00000000
00000000
00000D03
00000E1C
00000000
00000D04
00000000
000011B2
00000000
00000000
00000D05
00000000
00000D08
00000D09
00000D0A
00000D0B
00000D0C
00000000
00000D0D
00000000
00000000
00000000
00000000
00000D0E
00000D0F
00003061
00000000
000033A7
00000D10
00000000
00000000
00000000
00000D12
00000D13
00000D14
000042B4
00000000
000012F2
00000000
00000D15
00000000
00000000
00000000
00000000
00000000
00000D16
00000000
00000000
00000D18
00000000
00000000
0000196D
00000000
00000000
00000D19
00000000
00000000
00000000
00000D1A
00000D1B
00000000
00000000
00000D1C
00006695
00000D1D
00000D1E
00000D1F
00000000
00000D20
00000000
00000000
00000000
00000000
00000D21
00000000
00000D24
00000000
00000000
00000000
00000000
00000D25
00001C7D
00000000
00000000
00000D28
00000000
00000000
00000000
00001C0C
00000D29
00000D2D
00000000
00000000
00000D2E
00000D2F
0000690C
0000460F
00000000
00000000
00000000
00000000
00000D30
00002AD7
00000000
00000000
00001405
00000D31
0000156A
00000D32
00000000
00000000
00000000
00000D33
00004E43
00000D34
00000D35
00000000
00000D36
00000000
00000000
00000000
00000D37
00004974
00000D38
00004DF3
00000D3A
00004F99
00000000
00000000
00000D3B
00000D3D
00005370
00000000
00000000
00001318
00000000
00000D3E
00000000
00000D3F
00007315
00000D40
00000000
00000000
00002B1C
00000D42
0000134E
00000000
00000000
00000000
00000D43
00000000
00000D44
00000000
00000000
00001507
00000D45
00000D46
000039F1
00000000
00000D47
00001EB5
00000000
00000000
00000000
00000D48
00004B13
00000000
00000000
000015C5
00000000
00000D4A
00005C95
00000DC4
00000000
00000000
00000D4B
00000000
00000D4C
00000000
00000000
00000D4D
00000D4F
00000D50
00000D53
00000000
00000000
00000000
00000000
00000000
00000D54
00006CBE
00000000
00000000
00000000
00000000
00000D56
00000D57
00000000
00000D58
00004843
00000D59
00000000
00000000
00000000
00000000
00000D5A
00000D5B
00000000
00002635
00000000
00000D5C
00000000
00000000
00000000
00000000
00000000
000013BA
00000000
00000D5D
00000000
00000D5E
0000105E
00000000
00000D5F
00003845
00000D60
00000000
00000000
00000D61
00000000
00000D63
00000D64
00000D65
00001A77
00003FA1
00000000
00000000
00000D66
00000D67
00000000
00000000
00000D68
00000000
00000000
00000000
00000000
00000D69
000027EF
00000000
00000D6A
00000000
00000D6B
00000000
00000000
00000000
00000D6D
00000D6E
00000000
00000D6F
00000D70
00000000
00000000
00000D71
00000000
00000000
00000000
00000000
00000D72
00000000
00000000
00000000
00000000
00000E27
00000D75
00000D76
00000000
00000000
00000000
00000000
00000000
00000000
00000000
00000000
00000000
00000000
00000000
00000D77
00000000
00000000
00000000
00001875
00000000
00000D78
00000000
00000000
00000000
00000000
00000D7A
00000000
00000D7B
00000000
00000000
00000D7C
00000000
00000D7D
00000D7E
00000000
00000000
00002A3A
00000000
00000000
00000000
00000D7F
00000D80
00000000
00000000
00000D81
00004F41
00000000
00000000
00000D82
00002702
00000000
00000000
00000D84
00000D85
00000000
00000000
00000000
00000D86
00000D87
00000D88
00000000
00000D89
00000000
00000000
00000000
00000000
00000D8A
00000000
00000000
00000D8B
00000D8D
00000D8E
00000D8F
00000000
00000000
00000D90
00000D91
00000000
00000D92
00000D93
00000D94
00000D95
00006660
00002036
00000000
00000D96
00000000
00000000
00001C6C
00000000
00000D97
00000000
00000D98
00000D99
00000D9A
00000000
00001B1B
00000000
00000D9B
00000000
00000000
00000D9C
00000000
00000000
00000000
00000000
00000D9D
00000D9E
00000000
00000000
00000000
00000D9F
00000DA0
00000DA3
00000000
00000000
00000DA4
00000000
00002BA5
00000DA5
00000DA6
00000000
00000DA7
00000000
00000000
00000DA8
00000000
00000DA9
0000154C
00000DAA
00000000
00000000
00000000
00000DAC
00000000
00000000
00000DAE
00000000
00000DAF
00000DB0
00000000
00000DB1
00000DB2
00000000
00000DB3
00000000
00000DB5
00000000
00000000
00000DB6
00000000
00000E2B
00000DB9
00000000
00000DBA
00000DBB
00000000
00000000
00000000
00000DBC
00000000
00001763
00000000
00000DBD
00000000
00000DBE
0000676E
00000000
00000000
00000000
00000DBF
000065B2
00000000
00000DC1
00000000
00000DC2
00000DC3
00000000
00000000
00000000
00000000
00000000
00000000
00001289
00000000
00000DC5
00000000
00000DC6
00000000
00000000
00000DC8
00000000
00000DC9
00000000
00000000
00001769
00000DCA
00000000
00003A11
000057F0
00000DCB
00000000
00000DCC
00000DCD
0000383D
00000000
00000000
00000000
00000DCE
00000000
00000000
00000DCF
00003DEE
00000DD0
0000431F
000025E7
00000000
00000000
00000000
00001DF8
00000000
00000DD1
000037AF
00002C51
00000000
00000DD2
00000DD3
00000000
00000000
00000DD5
00000000
00000DD7
00000DD8
00001301
00000000
00000000
00000DD9
00000DDA
00000DDB
00000000
00000000
00001494
00000DDC
00000DDF
00001C6F
0000251E
00000000
00000000
00000000
00000000
00000000
00000000
00000000
00000DE0
00000DE1
00000000
00000000
00000DE2
00000000
0000110E
00000000
00000DE3
0000188D
00000000
00000DE5
00000000
00000000
00000000
00000000
00000000
00000DE6
00000000
00000DE7
00001797
00000000
00000DE9
00000000
00000DEA
00000000
00000000
00000DEB
00000000
00000000
00000000
00000DEC
00000000
00000DED
00000000
00000000
00000000
00000DF0
00000000
00000DF1
00000000
00000DF2
00000DF3
00000DF4
00000DF5
00000000
00000000
00000DF6
00000000
00000DF7
00000000
00000DF8
00000000
00000DF9
00000000
00000DFA
00000000
00000000
00000DFB
00000DFC
00000DFD
00000DFF
00000000
00000000
00000000
00000000
00000E00
00000000
00000E01
00000000
00000000
00000E02
00000000
00000000
00000E03
00000000
00000000
00000E04
00002D87
00006149
00000000
00000E05
00000E06
00000000
00000E07
0000185D
00000E08
00000E0A
00000E0C
00000000
00000000
00000000
00000E0E
00000000
000019EB
00000000
00000E0F
00004060
000046E7
00000000
00000E11
000016E4
000030F4
00000000
00000000
00001D63
00000000
00000E13
00000000
00000000
00000E14
00000000
00000000
00004332
00000E15
00000000
00000E16
00006EC0
00000E18
00000000
00000E19
00000000
00000E1A
00000E1B
00000000
00000E1E
00006348
00000000
0000197B
00000000
00000000
00000E1F
00000E20
000029AB
00000000
00003BEC
00000000
00000E21
00000000
00000E22
00000000
00001EF4
00000E24
00000000
00000000
00000000
00001C5F
00000000
00000E25
00000E28
00000000
00000000
00000000
00000E29
00000E2A
00000E2C
00000000
00000000
0000278B
00000E2D
00000000
00000E2F
00000000
00000E30
00000E31
00000000
00000000
00000000
00000000
00000E32
00002C99
00000000
00004292
00000E33
00006CB7
00000E34
00000000
00000000
00000E35
00005F7B
00000000
00000E36
00000000
00000000
00000E37
00000E38
00000000
00000E39
00004BE5
00000E3A
00000000
00000E3B
00003BE5
0000408A
00000000
00000000
00000E3C
00000E3D
00000E3E
00000000
00000E3F
00000000
00000000
00000E40
00000000
00000000
00000000
00000E41
00003302
00000E42
00000000
00000000
00001506
00000E43
00001376
00000000
00000000
00000E44
00000000
00000000
00000E47
00003D35
00000FEA
00006189
00000000
00000000
00000000
00000E48
00000000
00000E49
0000124A
00000E4A
00000000
00000000
00000E4B
00000000
00000E4C
00000000
00000000
00000E4D
00000000
00000E4E
00006643
00000000
00000000
00000000
00000000
00000E4F
0000384F
00000E50
000062C3
0000238B
00000000
00000000
00000000
00000E51
00000000
00000000
00000E52
00001C8D
00000E53
00000000
00000000
00000000
00001F0D
00000000
00000E54
00000000
00000000
00000000
0000123F
00000000
00000000
00000E56
0000343D
000050D4
00000E57
00000E59
00000000
00000000
000012C0
00000000
00000000
00000E5A
00000000
00000000
00000E5B
00000E5D
0000494D
00006645
00000E5F
00000E60
00000E61
00006030
00000000
00000E62
00000E64
00000000
00000000
00000E65
00001E74
00000000
00000E67
00000E68
00000000
00000000
00000E69
000024C5
00000E6A
00000000
00000000
00000E6B
00000E6C
00000000
00000E6E
00000000
00000000
00000000
00000000
00000E71
000017D1
00005FD4
00000000
00000000
00000E72
00000E73
00000000
000067C8
00000000
00000000
00000000
00000E74
00000000
00000E75
00000E77
0000124E
00000000
00000000
00000E78
00000E79
00000000
000071A8
00000E7A
00000000
00000E7B
00000000
00000E7C
00000E80
00000000
00000E81
00000E82
00000000
00000E83
00000000
00000000
00000000
00000000
00000E84
00000000
00000000
00000000
00000000
00000000
0000339E
00000E85
00000000
00000000
000018DE
00000E86
00000E87
00000000
00000000
00000E88
00000000
00000E89
00000E8A
00000000
0000147D
00000000
00000E8C
00000000
00000000
00000E8D
00000E8F
00000000
00000E90
00000E91
00000000
00000E92
00000000
00000000
00000000
00000E93
00000000
00000000
00000E94
00000E95
00000000
00000000
00000000
00000000
00002696
00000E96
00000000
00000000
00000E97
00000000
00000000
00000000
00000000
00000E99
00000E9A
00000000
00000E9B
00000000
00000000
00000E9C
00000E9D
00000E9E
00000000
000013B1
00000000
00000000
00000000
00000E9F
00000000
00000EA0
0000529A
00000000
00000EA1
00000000
00000000
00000EA2
00000000
00000000
00000000
00000000
00000000
00000EA3
00000EA4
00000000
00000000
00000000
00000EA6
00000000
00000000
00000EA7
00000000
00000000
00000EA8
00000000
00000EA9
00000000
00000000
00000000
00000000
00000EAA
0000518D
00004BE6
00000000
000014CE
00000EAB
00000000
000037EB
00000000
00000EAC
00000000
00000EAD
00000EAE
00000000
00000EAF
00000000
00000EB0
00000000
00000000
00000EB1
00000000
00000EB3
00000000
00000EB4
00000EB5
00000EB6
00000EB7
0000493D
00000EB8
00000EBA
00000000
00000EBC
00000000
00000000
00000EBD
00000000
000021E4
00000EBE
00000000
00000EC0
00000EC1
00000000
00000000
00000EC2
00002D19
00000000
00000EC3
00000000
00000000
00000000
00000000
00000EC4
00000EC5
00000000
00000000
00000000
00000000
00001122
00000EC7
00000000
00000000
00000EC8
00000000
00000000
00000000
00000000
00000000
0000122A
00000EC9
00000ECA
00000000
00000000
00000000
00001697
00000ECB
00000000
00000000
00000ECC
00000000
00000ECD
00000ECF
00000000
00002192
00000000
00000000
00000ED0
00000ED1
00000000
00000000
00000ED2
00000000
00000000
00000000
00000ED3
00003E70
00000ED4
00000000
00000ED5
00000ED6
00000000
000011CD
00000000
00000ED7
00000000
00000000
00000000
00000000
00000ED8
00000ED9
00000EDA
00000000
00000000
00000EDB
00000000
00000EDC
00001891
00000000
00000000
00000EDD
00000EDE
00000000
00000000
00000EDF
00000000
00000EE0
00000000
00000000
00000EE1
00000000
00000000
00000EE2
00000000
00000EE3
000057C6
00000000
00000000
00000000
00000000
00000000
00000EE4
00000EE5
00003F8A
00000EE6
00000000
00000000
00000EE7
0000123A
00000000
00000EE8
00004C42
00000000
00000EE9
00000000
00000000
000040D7
00000EEA
00000000
00000000
00000EEB
00000000
00000000
00000000
00000EEC
00000000
00000000
00000000
00001A73
00000EED
00000000
00000EEE
00000EEF
00000000
00000000
00000000
00000000
00000000
00000000
00000000
00000EF0
00000EF1
00000EF2
00000000
00000000
00000EF3
00000000
00000EF4
000022E6
00000000
00000000
00000000
00000EF5
00001ABD
00000000
00000EF6
00000000
00000EF7
00000000
000034FE
00000000
00000EF8
00000000
00000EF9
00000000
00000EFA
00006D41
00000EFB
00000000
000019AA
00000000
00000EFC
00000EFD
000043A5
00000EFE
00000000
00000EFF
00000000
00000000
00000000
00000000
00000000
00000000
00000F00
00000F01
00000F03
00004816
00000F04
00000F05
00000000
00001B1F
00000F06
00000000
00000000
00000F07
00000000
00000F08
00000F09
00000F0B
00000000
00000000
00000000
0000120B
00000F0C
000011D9
00000000
00000000
00000000
00000000
00000F0D
00000F0E
00000000
00000000
00000000
00001486
00000000
00000F0F
00006A7F
00000FDC
00000000
00000F10
00000000
00000000
00000000
00000000
00001A97
00000F12
00000000
00000F13
00000000
00000000
00000000
00000FCF
00000000
00000000
00000F14
00000000
00000000
00000000
00000F15
00000000
00000000
00000000
00000F16
00000000
00000000
00000000
00000000
00000F17
00000F18
00000F19
00000F1A
00000000
00000000
00000000
00000F1B
00000000
00000000
00000F1C
00006B20
00000F1D
00002EE5
00000000
000033B2
00000000
00000000
00000000
00000F1E
00000000
00000000
000038C7
00000F1F
000014A5
00000000
00000000
00000F20
000055A9
00000000
00000000
00000F21
00000F22
00000000
00000000
00000F23
00000000
00000000
00001CE0
00000F24
00000F26
000015BE
00000F27
00000000
00000000
00000F28
00000000
00000F29
00000F2A
00000000
00000000
00000000
00000F2B
00004010
00000F2C
00000000
00000000
00000000
00000F2D
00000000
00000F2E
00000000
00000000
000017A6
00000F2F
00000F30
00000000
00000F31
00000F32
00000000
00000F33
000027F4
0000408D
00000000
00000000
00000F34
00000000
00000F35
00000000
00000F36
00000F37
00000F38
00000F39
00000000
00000000
00000000
00000F3A
00000F3B
00000000
00000000
00003688
00000000
000018AF
00000F3D
00000F3F
00000F40
00000000
00000000
00000F41
00000000
00005C7B
00000000
00000000
00000000
00000000
00000F42
00000000
00000F43
00000000
00000000
00000000
00001791
00000000
00000F44
0000130B
00000000
00000000
00000F45
00000F46
00000000
00000000
00000000
0000112E
00000F47
00004E10
00000F48
00000F49
00000000
00000000
00000F4A
00000F4B
00003A2B
000065B1
00000000
00000000
00000F4C
00000F4E
00000000
00000000
00000F4F
00000000
00000F50
00000000
00000000
00000F51
00000F52
00005F97
00000000
00000000
00000F53
00000F54
00000F55
00000000
00000000
00000F57
00000000
00000000
00000F58
00000F59
00000000
00000F5A
00000000
00000F5B
000027CD
00000000
00000F5C
00000000
00000000
00000000
00000F5D
00000F5E
00000000
00000000
00000000
00000000
000013DB
00000F5F
00000000
00000000
00001D3F
00000000
00000F60
00000000
00000F61
00000F62
00000000
00000000
0000291F
00000000
00000F63
00000F64
00000000
00000000
00000000
00000000
00000000
00000000
00000000
00000F65
000062CC
00000000
00000F66
00000F67
00000000
00000000
00000F68
00000000
00000000
00000F69
00000F6A
00000000
00000000
00000F6B
00000F6C
00000000
00001D0E
00000000
00000000
00000000
00000F6D
00000000
00000000
00000000
00000F6E
00000000
00000F6F
00000000
00000000
00000F70
00000000
00000000
00000F71
00000F72
00000F73
00000000
00000000
00000000
00000F74
00000F75
000027A3
00000F76
00000000
00000F77
00000F78
00000F7A
00000F7B
00000F7C
00000000
00000F7F
00000F81
00000000
00001412
00000000
00000F82
00000F83
00000F84
00000000
00000000
00000F86
00000000
00000000
00000F87
00000000
00000F88
00000000
00000000
00000000
00000000
00000F89
00000F8A
00000000
00000F8B
00000F8C
00000F8E
00000000
00000F8F
00000000
00000000
00000F90
00000000
00000F91
00000000
00000000
00000F92
00000000
00000F93
00000000
00000000
00000000
00001C24
00000000
00000F96
00000F97
00000000
00000000
00000000
00000F9A
00000000
00000000
00000000
00000000
00000F9C
00000000
00000000
00000000
00000F9D
00000F9E
00000F9F
00001E11
00000FA0
00000000
00000000
00000FA1
00000FA3
00000000
00000FB5
00000FA4
00000000
00000FA5
00000FA6
00000000
00000000
00000000
00000FA7
00000FA8
00000FA9
00000FAA
00000000
00001A9E
00000FAB
00000000
00000000
0000122B
00000000
00000000
00000FAF
00001FDB
00000000
00000FB0
00000000
00006B4B
00000000
00000000
00000000
00000FB2
00000000
00000000
00000000
00000FB3
00000FB4
00002302
00000000
00000000
000041C2
00000000
00000000
00000FB6
00000FB7
00000000
00000000
00000000
00004FD0
00000000
00000000
00000000
00000FB8
00000000
00000000
00000000
00000FBA
00000000
00000000
00000FBB
00000000
00000000
00000000
00000FBC
00000FBD
00000000
00000000
00000000
00000000
00000000
00000000
00000FC0
00000FC1
00000000
00000FC2
0000594D
00000FC3
00004E0E
00000000
00000000
00000FC4
000012A5
00000000
00000000
00000000
00000FC5
00000000
00000FC6
0000388D
00000000
00000000
00000FC7
00000FC8
00000000
00000000
00000FC9
00000FCA
00004FE4
00000000
00000FCB
00000000
00000000
00000000
00000000
00000000
00000000
00000000
00000000
00000FCC
00000000
00000000
00000000
00000000
00000FCD
00001A43
00000000
00000000
00000FCE
00000FD1
00000000
00000000
00000000
00001433
00000000
00000FD2
00000FD3
00000FD4
00001565
00000000
00000000
00000FD5
00000000
00000000
00000000
00000FD6
00000000
00002CB3
00000FD7
00000000
00000000
00000000
00000000
00000000
00000000
00000FD8
00000000
00000FDA
00000000
00000000
00000FDD
00000FDE
00000000
00000FE0
00000FE1
00000FE2
00000FE3
00000000
00000000
00000000
00000FE4
00000000
00000000
00000000
00000000
00000FE5
00000000
00000000
00000FE6
0000299A
00000000
00000FE7
00000000
00000000
00000000
00000000
00000000
00000FE8
00000FE9
00000000
00000000
00000000
00000000
00000000
00000000
00000000
00000FEB
00000FEC
00000000
00000000
00000000
00000FED
00000000
00000FEF
00000000
00001C2D
00000FF0
00000000
00000000
00000000
00000000
000019C0
00000000
00000FF1
00000000
00000FF2
0000678F
000011C9
00000000
00000000
00000FF3
00000FF4
00000FF5
00006356
00000000
00000000
00000FF6
00000000
00000000
00000000
00000FF7
00000000
00000000
00000FF9
00000FFA
00004312
00000000
00000FFB
00000000
00000000
00000FFC
00000000
00000000
00000000
00000FFD
00000000
00000000
00000FFE
00003A44
00000000
00000000
00000000
00001000
00001001
00001002
00000000
00001003
00000000
00001004
00001005
00000000
0000321A
00001006
00000000
00000000
00001008
00001051
00000000
00000000
00001009
00002591
00004F4E
00000000
00000000
00000000
0000100A
0000100B
00000000
0000100C
0000100D
00000000
00000000
00001531
0000100E
00000000
00000000
00000000
0000100F
00000000
00000000
00001010
00001011
00002ABB
00001012
00001014
0000594F
00000000
00000000
00002CF2
00001015
00000000
00000000
00001016
00000000
00000000
00000000
00000000
00000000
00001017
00001018
00002165
00001019
0000101A
00000000
00000000
00000000
00000000
0000101B
0000101C
0000101D
00000000
00000000
0000101E
0000101F
00000000
00000000
00000000
00000000
00000000
00000000
00001020
00000000
00000000
00001021
00001B4A
00001022
00001023
00000000
00000000
00000000
00000000
00001024
00001026
00001028
00000000
00005D67
00000000
00001029
00000000
0000102D
000012FE
00000000
0000102E
00001030
00000000
00000000
00000000
00001031
00000000
00000000
0000183C
00000000
00001032
00000000
00001341
00000000
00000000
00001033
00000000
00000000
00000000
00001035
00001036
00001037
00001038
00000000
00000000
00001039
0000103B
00000000
00000000
00000000
00000000
000014BD
0000103C
00000000
00000000
00000000
0000103D
00000000
00000000
0000148A
00000000
00000000
0000103E
0000103F
00000000
00000000
00000000
000034D0
00001041
00000000
00000000
00000000
00001042
00001043
00000000
00001044
00001045
00000000
00001046
00000000
00001047
00001A75
00000000
00000000
00001049
00000000
0000294E
0000104A
0000104B
0000104C
00000000
00000000
00000000
0000104E
00001050
00001052
00000000
00001054
00000000
00000000
00001056
00001058
00001059
0000384C
00000000
00000000
0000105A
00000000
00000000
00001858
00000000
0000105B
00000000
00000000
000027E6
0000105C
0000105D
00000000
00001294
00000000
0000105F
00000000
00000000
00001060
00000000
00000000
00000000
00000000
00003B39
00000000
00000000
00001061
00000000
00000000
00000000
00000000
000015D5
00001062
00000000
000010C1
00000000
00000000
00001063
000018C0
00000000
00001064
00006607
00001065
00000000
00000000
00000000
00001D6C
00000000
00001066
00001067
0000584D
00000000
00001068
00005276
00001069
00006DD5
00000000
00000000
0000106A
00003CBC
0000106B
0000106C
00003B9E
0000106D
0000106E
0000106F
00000000
00001070
00000000
00000000
00001071
00001F66
00000000
0000107C
00001072
00000000
00000000
00000000
00000000
00001073
00001074
00000000
00000000
00001076
00001078
00000000
00001324
00001079
00000000
00000000
00000000
0000107A
00000000
00000000
00000000
00000000
00001E0C
0000107B
00000000
00000000
00000000
00000000
00000000
00005B5C
0000107E
00000000
00000000
00000000
0000107F
00000000
00000000
00001080
00000000
00000000
0000249F
00001081
00000000
000013FA
00000000
00001083
00000000
00001084
00001085
00000000
00000000
00001086
00000000
00001087
00000000
00000000
00002B54
00000000
00001089
00000000
00000000
0000108A
00000000
0000108B
0000506C
00000000
00000000
0000108C
00000000
00000000
0000108D
00002BC9
0000108E
000067C3
00000000
00000000
0000108F
00001090
00000000
00000000
00000000
00000000
00001092
00000000
00001093
00000000
00000000
00000000
00001095
00001097
00001099
0000420C
00000000
00000000
0000109A
00000000
0000109B
00000000
00000000
0000109C
00000000
000020E0
00000000
0000109D
00000000
00000000
0000109E
00000000
00000000
0000144B
0000109F
00000000
00000000
000010A0
00000000
000010A1
00000000
000010A2
00000000
00000000
00000000
000010A3
000010A4
000010A5
000010A8
00000000
00000000
00000000
00002337
00000000
000010A9
000010AA
00000000
00000000
000010AB
000012ED
000010AC
000010AD
00004D9F
000010AF
000010B0
00000000
000010B1
00000000
000010B2
000010B3
00000000
000010B4
000010B5
000010B6
00000000
00000000
000010B7
00000000
000010B8
00000000
00000000
00000000
00000000
00000000
000010B9
000010BA
000010BB
00000000
00000000
00000000
000010BC
00000000
00000000
000010BD
000010BE
000010BF
00000000
00000000
000010C0
00003231
00000000
000010C2
000010C3
00000000
00000000
000010C4
000010C5
00001FB3
00001EE1
00000000
00000000
00000000
00000000
00001350
00000000
00000000
000010C6
00000000
00000000
00000000
000010C7
00000000
00000000
00000000
000010C8
000010CA
00000000
000010CB
00000000
00000000
000010CC
000010CD
00000000
000010CE
000010CF
00001F03
00000000
00000000
00000000
000010D0
00002CC9
000010D2
000018BF
00001621
00000000
00000000
00000000
00000000
000010D3
00000000
00000000
00000000
000010D4
000010D5
00000000
00000000
000010D6
000010D7
00000000
00000000
000010D8
00000000
00000000
00000000
000010DA
000010DB
00000000
00000000
00000000
00000000
000010DC
00000000
000010DD
000010DE
000010DF
000010E0
00000000
000010E1
000010E2
000010E3
000010E4
00000000
00000000
000010E5
00000000
00000000
000010E6
000041CC
00000000
000010E7
00000000
00000000
00000000
00000000
00000000
00000000
000010E9
000010EA
000010EB
000010EC
000010ED
00000000
000010EF
00000000
000010F0
00000000
000010F1
00000000
000010F2
00004E2A
00000000
00006E7B
00000000
00000000
00000000
0000160E
000010F4
00003F37
000013E8
000010F5
00000000
000010F6
00000000
000010F7
00005A14
00000000
00000000
00000000
000010F9
00000000
00000000
000010FA
000010FB
00000000
00000000
00000000
00000000
000010FC
00000000
00000000
00000000
00000000
000010FD
00000000
000010FE
00000000
00000000
00005F5E
000010FF
00000000
00000000
00001100
00000000
00000000
00000000
00000000
00000000
00001101
00000000
00001102
00001A1A
00001104
00000000
00000000
00000000
00001105
00000000
00000000
00000000
00000000
000027D5
00001106
00000000
00000000
000015AB
00001107
00004301
00005CEE
00000000
00000000
00001109
00000000
0000110A
00000000
00000000
0000110B
0000110C
0000110D
00000000
00000000
0000110F
00000000
00001111
00000000
00001112
00001115
00000000
00001117
00000000
00000000
00001118
00000000
00001119
00000000
00004E6B
00000000
00000000
00000000
0000111A
00000000
0000111B
00000000
00000000
0000111C
00000000
00000000
00000000
0000111E
00000000
00000000
000013C4
00001120
00001121
00000000
00000000
00000000
00000000
00001123
00000000
00001124
00000000
00000000
00001125
00000000
00000000
00000000
00001126
00001127
00000000
00001128
00000000
00004F37
00000000
00000000
00001129
00000000
0000112A
0000112B
0000121B
00000000
0000112C
00000000
0000112D
0000112F
00000000
00001130
00001131
00000000
00000000
00001133
00000000
00000000
00000000
00000000
00000000
00000000
00000000
00000000
00001134
00000000
00000000
00001135
00000000
00000000
00000000
00001136
00003501
000018AC
00000000
00000000
00000000
00000000
00000000
00000000
00000000
00001137
00000000
00001138
00001139
0000113A
0000113B
0000113C
0000113D
00000000
00000000
000012EF
00000000
00000000
00001F24
00000000
0000113E
00000000
0000113F
00003D7C
00000000
00001140
00001141
00000000
00000000
00000000
00001142
00001143
00000000
00000000
00001144
00000000
00000000
00001145
00000000
00001146
00000000
00000000
00001E8A
00000000
00001147
00000000
00000000
00001148
00000000
00001149
00001A51
00000000
00000000
0000114A
00000000
00000000
00000000
00004914
0000114B
00000000
00000000
0000114C
0000114D
00000000
00000000
00000000
0000114F
00000000
00001150
00000000
00001151
00000000
00000000
00001152
00001153
00001154
00001155
00000000
00001156
00000000
00000000
00001157
00001158
00000000
00000000
00001159
0000115A
0000115B
000044CD
0000115C
00000000
00000000
00000000
00000000
0000115D
0000115E
0000115F
00000000
00000000
00000000
00000000
00000000
00001160
00001161
00001162
000041C7
00001163
00000000
00000000
00001164
00000000
00000000
00000000
00000000
00000000
00000000
00001165
0000346C
00000000
00000000
00000000
00000000
00000000
00000000
00001166
00001167
00000000
00000000
00001168
00000000
00001169
00000000
00000000
0000116A
00000000
00000000
0000116B
0000116C
00000000
00000000
00000000
00000000
0000116D
0000116E
00000000
00000000
0000116F
00001170
00000000
00000000
00001171
00001172
00000000
00000000
00000000
00001173
00000000
00000000
00001174
00000000
00001175
00000000
00000000
00001176
00000000
00001A60
00000000
00000000
00001177
00001178
00001179
00000000
00000000
00000000
00000000
0000117A
0000117B
0000117C
0000163A
00000000
0000117D
0000117F
00000000
00000000
00001B0E
00001180
00001181
00001182
00000000
00001183
00000000
00000000
00002FB2
00000000
00001184
00001185
00001186
00000000
00000000
00001188
00000000
00001189
0000118A
0000118B
00000000
00000000
000012E7
00000000
00000000
0000118D
0000118E
00000000
00000000
00000000
00000000
00000000
00000000
00000000
00000000
0000118F
00001191
00000000
00001192
00001193
00000000
00000000
00000000
00001194
000056AE
00000000
00000000
00000000
00000000
00001195
00000000
00001198
00001199
0000119A
00000000
0000119B
00000000
0000119C
00001924
00000000
0000119E
0000119F
00000000
00000000
00000000
00000000
00000000
00000000
00000000
00000000
000011A0
00000000
00000000
00000000
000011A1
00000000
00000000
00000000
000011A2
000011A3
00000000
00000000
00000000
00000000
0000186E
00000000
00000000
000011A4
00000000
00000000
00000000
00000000
000011A5
00000000
000011A6
00000000
000011A7
000011A8
000011A9
00000000
00002CD5
00000000
00000000
00000000
00000000
00000000
000011AA
000011AC
00000000
00000000
000011AD
00000000
000011AE
000011AF
00000000
00000000
00000000
00000000
00000000
000011B0
000011B1
00000000
00000000
000011B3
000049DA
00001CBA
000011B4
00000000
00000000
00000000
000011B5
000011B6
000024DC
000011B8
000011B9
00000000
00000000
00000000
00000000
00002087
00000000
00000000
000011BA
00004259
00000000
00000000
000011BB
00000000
00000000
00000000
000012FF
00000000
000011BD
000011BE
000011BF
00000000
00000000
00000000
000011C0
00000000
00000000
00000000
000011C1
00000000
000011C3
00000000
00000000
00000000
000011C4
00000000
00000000
00000000
00000000
00000000
00000000
00000000
000011C5
000011C6
00000000
00000000
000011C7
00000000
00000000
00000000
00000000
00000000
00000000
000011C8
000011CA
00005406
00004FDE
00000000
000011CB
00000000
000011CC
000011CE
00000000
00000000
000011CF
00000000
00000000
00000000
000011D1
000011D2
000011D3
000011D4
00001321
00000000
000011D5
00000000
00000000
000011D6
000011D7
00000000
00000000
00000000
00000000
00000000
000011D8
000061A0
00000000
000011DC
000011DD
00000000
00000000
000011DE
000072F7
00000000
000011DF
00000000
00000000
000011E1
00000000
00000000
00000000
000011E2
000011E3
00000000
00000000
00000000
0000356D
000011E5
00000000
00000000
000011E6
000011E7
000011E8
000011E9
00000000
00000000
000011EA
00000000
000011EB
00000000
00000000
00000000
000011ED
00000000
00000000
00000000
000011EF
00000000
00000000
000011F0
00000000
00000000
00000000
00000000
00001AB3
00000000
000011F1
00000000
00002526
00000000
000011F2
00000000
00000000
00000000
000011F3
00002D42
00000000
00000000
000011F4
000011F5
00000000
00000000
00000000
000011F6
0000155E
000011F7
00000000
00000000
000011F8
000011F9
00000000
000011FA
00000000
00000000
00000000
00000000
00000000
00000000
00000000
000011FB
000011FC
00001A9C
000011FD
00000000
000011FE
00000000
00001200
00001202
00001203
00001204
00000000
00001205
00000000
00000000
00001206
00002EE0
00001207
00001208
00001209
00000000
0000120A
0000120C
00000000
00000000
0000120D
00000000
0000120E
000049EA
000012C2
00000000
0000120F
00001210
00000000
00001211
000037FA
00000000
00000000
00001212
00001213
00000000
00000000
00000000
00001214
00001215
00001D20
00001217
00000000
00000000
00000000
00001219
00000000
00000000
0000121A
0000121C
00000000
00000000
0000121D
00000000
0000121E
00000000
00000000
0000121F
00000000
00000000
00001220
00001221
00001222
00000000
00000000
00001223
00001224
00000000
00000000
00000000
00000000
00000000
00001226
00001227
00000000
00000000
0000122C
00000000
00000000
00000000
0000122D
0000122F
00000000
00000000
00000000
00001231
00000000
00001232
00000000
000016B8
00000000
00001233
00000000
00001234
00001235
00001236
00006CED
00000000
00000000
00000000
00001AC7
00000000
00001237
00000000
00000000
00001238
0000290D
00000000
00000000
0000123C
0000123D
0000123E
00001240
00001241
00000000
00001243
00001244
00001245
00000000
00001246
00000000
00001247
00000000
000029A8
00000000
00000000
00001248
00001249
0000124B
00002BE8
00000000
00000000
0000124C
00000000
00000000
0000124F
00000000
00000000
00001250
00000000
00000000
00001251
00000000
00000000
00001252
00000000
00001254
00000000
00000000
00001255
00001256
00000000
00000000
00000000
00000000
00000000
00001257
00000000
00000000
00000000
00000000
00001258
0000125A
00000000
0000125B
0000125C
00000000
0000125D
00000000
0000125E
00000000
00000000
00000000
00000000
00001B40
00000000
0000125F
00004C65
00000000
00000000
00000000
00002A48
00000000
00001260
00001261
00000000
00001262
00000000
00000000
00000000
00000000
00001263
00000000
00001264
00000000
00000000
00000000
00001265
00001267
00000000
00000000
00001268
000035AF
0000150B
00001269
00002547
0000126A
00000000
00000000
0000126B
00000000
0000126C
0000126E
00000000
00000000
00000000
00000000
00001812
0000126F
00001270
00000000
00001271
00001272
00000000
0000411B
00001273
00001274
00001275
00000000
00000000
00001991
00000000
00001277
00000000
00000000
00000000
00001278
00000000
00000000
00000000
00000000
00000000
00001279
00000000
00000000
00000000
0000127A
0000127B
00000000
00000000
0000127C
0000127D
0000127E
00000000
00000000
00000000
0000127F
00000000
00000000
00000000
00001280
00000000
00001281
00000000
00001282
00001283
00001284
00000000
00001285
00000000
00001286
00001287
00000000
00001288
0000128A
0000128D
00000000
0000128E
00000000
00000000
00001B4B
0000128F
00000000
00001290
00000000
00001291
00000000
00000000
00000000
00001292
00000000
00000000
00001293
00000000
00000000
00001296
00001297
00000000
00000000
00001298
00000000
0000129A
0000129B
0000129C
00000000
0000129E
00000000
0000129F
00000000
00000000
00000000
000012A0
00000000
00000000
00000000
000012A1
000012A2
00000000
000012A3
00000000
00000000
00000000
00000000
000012A4
00001352
000012A6
00005EC8
000012A7
000012A8
000012A9
00000000
00000000
000033CC
000012AA
00000000
000012AC
000012AD
00000000
000012AE
000012B0
00000000
00000000
00000000
00000000
000012B1
00000000
00000000
000012B2
00002966
00000000
000012B3
00000000
000012B4
00000000
00000000
000012B5
000012B6
000012B7
00000000
000012B8
000012B9
00000000
00000000
000012BA
00000000
00000000
00001561
00000000
00000000
000012BB
00000000
000012BC
000012BD
000012BE
00000000
000012BF
00000000
00000000
000012C3
00000000
00000000
000012C4
000012C5
00000000
00000000
00000000
00000000
00000000
000012C7
000012C6
00000000
00000000
00000000
00000000
00000000
000012C8
000022A8
00000000
00000000
000012C9
00004437
00000000
00000000
00001CCE
000012CA
000012CB
00000000
00000000
00003D51
00000000
00000000
00000000
00000000
00000000
00000000
000012CC
00000000
00001F82
000012CD
000012CE
00000000
00000000
000012CF
00003F2F
00002900
00000000
000012D0
00000000
00000000
000012D4
000043CF
00000000
00000000
00000000
00000000
00000000
00001C29
00000000
000012D5
000012D6
00000000
00000000
000012D7
00000000
00000000
000012D8
00000000
00000000
00000000
00000000
00000000
000012D9
00000000
00000000
00000000
00000000
000012DA
00000000
00000000
00000000
000012DB
000012DD
000012DF
000012E0
00000000
000012E1
000012E2
000012E3
00000000
000012E4
00000000
000012E5
00000000
000012E6
00000000
000012E8
000012E9
00000000
00000000
00000000
00000000
00000000
00000000
000012EB
00000000
000037DC
000012EC
00000000
00000000
0000317A
00000000
000012EE
00005E16
000012F0
000012F1
00000000
00000000
000012F3
00000000
00000000
000012F4
00000000
000012F5
00000000
000012F6
00001497
00000000
00000000
000012F7
000012F8
000012FA
00000000
00002F92
00000000
00000000
00000000
00000000
000012FC
00000000
00000000
00000000
000012FD
00000000
00000000
00000000
00000000
000053F2
00000000
00000000
00000000
00001300
00000000
00000000
00000000
00001302
00000000
00000000
00000000
00001303
00001304
00001305
00000000
00001992
00001306
00001307
00000000
00001308
00000000
00000000
00000000
00000000
00001309
00000000
00000000
00000000
0000130A
00000000
0000130C
0000130E
00000000
00000000
0000130F
00001310
00001311
00000000
00001312
00000000
00000000
00001313
00000000
00000000
00000000
00000000
00000000
00000000
00000000
00001314
00001315
00000000
00000000
00001319
00001765
0000131B
00000000
00000000
00000000
00000000
0000131D
00000000
00000000
0000131E
00000000
00000000
00001419
00001320
00001322
00000000
00000000
00001323
00000000
00000000
00001325
00000000
00000000
00000000
00001326
00001327
00000000
00000000
00000000
00000000
00001329
0000132A
00000000
00000000
00000000
00000000
0000132C
00000000
00000000
0000132D
00000000
00000000
00000000
00000000
00000000
00000000
00000000
00000000
0000132E
00000000
00000000
0000132F
00000000
00000000
00001330
00001331
00001931
00000000
00000000
00001332
00001333
00000000
00001334
00000000
00001336
00000000
00000000
00000000
00001337
00001338
00001339
00000000
00000000
0000133A
00000000
00000000
0000133B
00000000
00000000
0000133C
0000133D
00000000
00000000
00000000
00000000
0000133E
0000133F
0000177B
00001340
00001342
00001343
00001344
00000000
00001345
00001346
00000000
00000000
00000000
00001347
00001348
00000000
00000000
00000000
0000134A
00002CC7
00000000
00000000
00000000
00000000
00000000
0000134C
00003C1F
0000134D
00000000
00000000
00000000
0000134F
00000000
00000000
00001351
00001353
00001355
00000000
00001356
00002384
00001357
00001358
00000000
00000000
00001DD2
00000000
00000000
00001359
0000135A
00000000
00000000
00000000
0000135B
00001775
00000000
00000000
00000000
00000000
00000000
00000000
0000135C
0000135D
00000000
0000135F
00001360
00001361
00001363
00001F91
00000000
00001364
00001365
00000000
00001366
00000000
00000000
00001367
0000382F
00002142
00006651
00000000
00000000
00001368
00000000
00000000
00000000
00001369
00000000
0000136A
0000136C
0000136D
00000000
00000000
0000136F
00001370
00005963
00000000
00001371
00001372
00000000
00000000
00000000
00001373
00000000
00002689
00000000
00001374
00001375
00000000
00000000
00001377
00000000
00000000
00001378
00000000
00001379
00001416
00000000
0000137A
000057CC
00007331
0000137B
00000000
00000000
0000137C
00000000
00000000
0000137D
00000000
0000137E
000028DF
00000000
0000137F
00000000
00000000
00001380
00000000
00001381
00000000
00000000
00001382
00001383
00001384
00000000
00000000
00000000
00000000
00000000
00001385
00000000
00001386
00000000
00001387
00000000
00000000
00000000
00001388
00001389
00000000
00000000
0000138A
00000000
00000000
0000138D
0000138E
000015E7
00000000
00000000
00001390
00000000
00001391
00000000
00000000
00000000
00001392
00000000
00000000
00001393
00000000
00002523
00000000
00000000
00000000
00001394
00000000
00001395
00001396
00000000
00001397
00006C33
00000000
00001398
0000139A
0000139B
00000000
0000139C
0000139D
00000000
00000000
00000000
00001690
0000139E
00002B21
00000000
00000000
0000139F
00000000
000013A0
00000000
00000000
000013A2
00000000
00000000
00000000
000013A3
00000000
000013A4
000013A5
000055DD
00000000
00000000
00000000
000013A6
00000000
000013A7
000013A8
000013A9
000013AA
000013AB
000013AC
00000000
00000000
000013AD
00000000
00000000
00000000
000013AE
00000000
000013AF
00000000
00000000
00000000
00000000
000013B0
00001825
000013B2
00000000
00000000
00000000
00000000
000013B3
000013B4
000013B5
00000000
00000000
00000000
00000000
00000000
000013B6
00000000
000013B7
00000000
000013B8
00000000
000013B9
00000000
00000000
000013BC
000013BD
000013BF
00000000
00000000
00000000
000013C0
00000000
00000000
00000000
0000315C
00000000
00000000
000013C1
00000000
000027FC
00000000
00000000
000013C2
00000000
00000000
000013C3
0000240F
000013C5
00000000
00000000
000013C6
00000000
00000000
000013C8
00002890
00000000
00000000
00000000
000013C9
00000000
000013CA
00000000
000013CB
00000000
000013CC
00000000
00000000
00000000
000013CD
00005566
000013CE
00000000
00000000
00001EBC
000013CF
00000000
00000000
00000000
00000000
000013D0
00000000
00000000
000013D1
00000000
00000000
000013D2
00000000
00000000
00000000
000013D3
00000000
000013D4
00000000
00000000
00000000
00000000
00000000
000013D5
000013D6
00001577
000013D7
00003832
00000000
000013D8
00000000
000013D9
00000000
00000000
000013DA
000013DD
00000000
00002A87
000013DE
00000000
00000000
00000000
00000000
00000000
00000000
000013DF
00000000
000013E0
000013E1
000013E2
00000000
00000000
000013E3
00000000
00000000
000013E5
00000000
00000000
000013E6
00000000
00000000
00000000
00000000
000013E7
000013E9
00000000
00000000
00000000
00000000
000013EA
000013EB
00000000
00000000
00000000
00000000
00000000
00000000
000033D1
000013EC
00000000
00000000
00000000
00000000
00002CA5
00000000
00000000
00000000
000013ED
00000000
000013EE
00000000
00000000
00000000
00000000
000013EF
000013F1
00000000
00000000
000013F3
00000000
00005CEC
000013F4
00000000
00000000
00001564
000013F5
00001DB1
00000000
000013F6
0000293C
0000592B
00000000
00000000
000013F7
000013F8
000013F9
00000000
00000000
00000000
00000000
000017F6
000013FB
00000000
00000000
00000000
000013FC
00000000
00000000
0000214E
000013FD
00000000
000013FE
00000000
000013FF
00000000
00001400
00000000
00001401
00001402
00000000
00001403
00001404
00001EE0
00001406
00001407
00000000
00000000
00000000
00001408
00000000
00001409
00000000
00000000
0000140B
0000140C
00000000
00000000
00000000
00000000
0000140D
00000000
00000000
00000000
00000000
00000000
0000140F
00000000
00001432
0000511D
00000000
00000000
00001E7A
00001411
00001413
00000000
00000000
00000000
00000000
00003232
00001414
00002E33
00001415
00000000
00000000
00003C1B
00000000
00001417
00000000
00000000
00001418
00000000
00000000
00000000
0000141A
00000000
0000141B
00004CFE
00000000
00000000
0000141C
00000000
00000000
0000141E
00000000
00000000
00000000
00000000
00000000
00000000
0000141F
00000000
00000000
00001420
00000000
00000000
00001421
00001422
00000000
00000000
00001423
00000000
00000000
00001425
00001426
00000000
00000000
00000000
00000000
00002EAD
00001427
00000000
00000000
00001428
0000423D
00001429
00000000
00000000
0000142B
00000000
0000142C
00000000
00000000
0000142D
000032CF
00000000
00006195
0000142E
00000000
000022AB
0000142F
00000000
00001430
00000000
00000000
00001431
00000000
00000000
00004873
00001435
00001436
00000000
00000000
0000169C
00001437
00001438
00000000
00001439
0000143B
00000000
0000143C
0000143D
00000000
00000000
00000000
00000000
00000000
00000000
00002A1E
00000000
0000143E
0000207E
0000143F
00001440
00001441
00000000
00000000
00001792
00000000
00001442
00001443
00000000
00000000
00000000
00000000
00000000
00001444
00001445
00001446
00000000
00000000
00001447
00000000
00000000
00001448
00000000
00000000
00000000
00000000
00001449
0000144A
0000144C
00000000
0000144D
000014BE
0000144E
00001450
00000000
00000000
00000000
00000000
0000232A
00001451
00001F4B
00000000
00001452
00002254
00000000
00000000
00001453
00001454
00000000
00001455
00000000
00001456
00000000
00000000
00000000
00001457
00001458
00001459
0000145A
00000000
00000000
00000000
0000145B
00000000
00000000
0000145C
00000000
0000145D
00000000
00000000
0000145E
00000000
0000145F
00001460
00000000
00001461
00001462
00000000
00000000
00000000
00000000
00001463
00000000
00001464
00000000
00000000
00000000
00001465
00001466
0000179D
00001467
00000000
00000000
00000000
00001541
00000000
00001468
00000000
00001469
0000299E
00000000
00000000
00000000
00000000
0000146A
00000000
00000000
0000146B
00000000
0000146C
00000000
0000146D
00000000
00000000
00000000
00000000
00000000
0000146E
00000000
0000146F
00001470
00001471
000069E8
00000000
00000000
00001472
00001473
00000000
00000000
00001474
00001475
00000000
00001476
00002452
00000000
000019F4
00000000
00001477
00000000
00001478
00000000
00000000
00001479
0000147A
0000147E
0000147F
00000000
00000000
00000000
00000000
00001480
00001481
00000000
00001482
00000000
00000000
00001483
00000000
00001484
00000000
00000000
00001485
00001902
00000000
00000000
00001487
00000000
00001488
00000000
00000000
00000000
00000000
00001489
0000397F
00000000
00000000
0000148B
0000148C
00000000
0000148D
00000000
0000148E
00000000
00000000
00000000
00000000
00000000
0000148F
00000000
00000000
00000000
00000000
00001490
00001491
00000000
00000000
00001492
00001495
00000000
00000000
00000000
00001496
00004DB3
00001498
00000000
00000000
00000000
00000000
00000000
00001499
00000000
00000000
00000000
00000000
0000149A
00000000
00000000
00001D33
0000149B
0000149C
00000000
0000149D
00000000
00000000
0000149E
00000000
00000000
00000000
0000149F
000014A1
00000000
000014A2
00000000
00000000
00000000
000014A4
000014A6
000014A7
00000000
00000000
00000000
00000000
00000000
00000000
00000000
00000000
000014A8
00000000
00000000
000014AA
00000000
00000000
000014AB
00000000
00003D41
000014AD
00000000
00000000
000014AE
00000000
00003261
00000000
000014AF
00000000
000014B0
00000000
000014B1
00000000
00000000
00000000
00000000
000014B2
000016D3
000047A7
000014B3
000014B4
00000000
00000000
00000000
000014D7
000014B5
00000000
000018D5
00000000
000014B7
000014B8
00003833
000014B9
00000000
00000000
000014BA
00000000
000014BB
000014BC
000014C0
000053C2
00000000
00003516
000014C2
00000000
00000000
00000000
00000000
00000000
00000000
00000000
000014C3
000014C4
000014C5
00000000
000014C6
00000000
00000000
000014C7
000014C8
00000000
00000000
00000000
00000000
00000000
000014C9
0000219B
00000000
00000000
00000000
000014CA
000014CC
00000000
00000000
000014CD
00000000
00000000
000014CF
000014D0
000014D1
000014D2
00000000
000014D3
000028F8
00000000
00000000
00000000
000014D6
00000000
00000000
000014D8
000014D9
000014DA
000014DC
00002C38
000031E8
00001A4F
000014DD
000014DE
00000000
00000000
000014DF
000014E0
000014E1
000014E2
000014E3
00000000
000014E4
000014E6
00000000
000014E7
000014E8
00000000
00000000
000014E9
000014EA
00000000
000014EB
000014EC
00000000
000014ED
00000000
00000000
00000000
00001FB4
00000000
000014EF
00000000
00000000
00001D25
00000000
000014F0
00000000
00000000
00004074
00000000
000014F1
00000000
00000000
00001820
00000000
000014F2
000014F3
00000000
000014F4
00000000
00002377
00000000
00000000
00000000
000014F5
000014F6
00000000
00000000
00000000
000014F7
00000000
00000000
00000000
00000000
000014F8
000014FA
000014FB
00000000
000014FD
00000000
00000000
00000000
000014FE
00000000
000014FF
00000000
00001500
00000000
00000000
00001501
00000000
00000000
00001502
00000000
00001503
00001504
00001505
00000000
00001508
00001509
000016C2
00000000
00000000
0000150A
0000150C
00000000
00000000
0000154F
0000150D
0000150E
00000000
0000150F
00002A60
00000000
00000000
00001510
00000000
00000000
00000000
00001689
00001511
00001512
00000000
00000000
00001513
00000000
00001514
00000000
00000000
00001516
00000000
00001517
00001519
0000573A
00000000
00000000
0000151A
0000151C
000041A8
0000151D
0000174D
00000000
00000000
00000000
00003BC0
0000151E
00000000
00000000
0000151F
00000000
00000000
00001520
00001521
00001522
00000000
00001523
00000000
00000000
00000000
00003535
00001524
00000000
00001526
00000000
00001527
000039A1
00001528
00000000
00000000
00001529
00000000
00000000
00000000
0000152A
00000000
00000000
00000000
00000000
00000000
000028C4
00000000
0000152B
00000000
00000000
00000000
000044E5
0000152D
00004A53
00001530
00001532
00000000
00000000
00000000
00000000
00000000
00001533
00000000
00001626
00000000
00001535
00000000
00001536
00001537
00002D3E
00000000
00000000
00001538
00001539
0000153A
0000153B
00000000
0000153C
00000000
00000000
0000153D
0000153E
0000153F
00000000
00000000
00001634
00000000
00000000
00001540
00000000
00001542
00001543
00001544
00001545
00001546
00000000
00000000
00001547
00000000
00000000
00000000
00000000
00001548
00000000
00000000
00001549
00002A68
00000000
0000154A
0000154B
0000154D
00000000
00000000
0000154E
00001550
00000000
00000000
00007007
00001551
00000000
00003218
00001552
00001553
00000000
00001554
00000000
00000000
0000178C
00001555
00001556
00000000
000064AC
00001558
00001559
0000155A
0000155B
00000000
00000000
00000000
0000155C
00000000
00000000
0000155D
00000000
0000155F
00001560
00001562
00001563
00000000
00001567
00001569
00000000
0000156B
0000156D
00000000
00000000
00000000
00000000
00000000
0000156E
00000000
00000000
0000156F
00000000
00001571
00001573
00000000
00001574
00000000
00001575
00000000
00000000
00001576
00000000
00000000
00006950
00001578
00001579
00001B71
00000000
0000157B
00003EBE
0000157C
0000157D
00000000
00000000
00000000
00000000
00000000
0000157E
00000000
00000000
0000157F
00000000
00001580
00000000
00000000
00001581
00000000
00001584
00000000
00000000
00000000
00001585
00000000
00001586
00001587
00000000
00000000
00000000
00000000
00001588
00000000
00000000
00000000
00001589
00000000
0000158A
0000654D
00000000
00000000
00000000
0000158B
00000000
00000000
00000000
00000000
00000000
0000158C
00000000
0000158D
0000158E
0000158F
00001590
00000000
00000000
00001592
00001593
00000000
00000000
00000000
00000000
000016A1
00000000
00001595
00000000
00001596
00000000
00000000
00001597
00001598
00001599
0000159A
00000000
00000000
00000000
00004087
0000159B
00000000
00000000
0000159C
0000159D
00000000
00000000
0000159E
0000159F
00000000
00000000
00000000
000015A0
00000000
00000000
00000000
00000000
00000000
000015A1
00000000
00000000
00000000
000015A2
000015A3
00000000
00000000
00000000
000015A4
00000000
000015A5
00000000
00000000
000015A6
000015A7
000015A8
00000000
00000000
00000000
00000000
000015A9
000015AA
00000000
00000000
00000000
000015AC
00000000
000015AE
000015AF
000015B0
000015B4
000015B5
00000000
00000000
000015B7
00000000
0000172B
00000000
000015B8
00000000
00003D46
00000000
000015B9
00000000
0000207C
000015BB
00000000
00000000
00000000
00000000
000015BC
00000000
000015BD
00000000
00000000
000024A1
00000000
000015BF
00000000
000015C0
00000000
00000000
00000000
000015C1
00000000
000015C2
000015C3
000015C6
00000000
00000000
00000000
00000000
000015C8
000015C9
00002874
00000000
000015CA
00000000
00000000
00000000
00000000
00000000
00000000
00000000
000015CB
000015CC
00000000
00000000
000015CD
000015CF
000015D0
000015D1
00000000
00000000
000015D2
00000000
00000000
00000000
00000000
000015D4
00000000
00000000
00000000
00000000
00000000
000015D6
000015D7
00000000
000015D8
00000000
00000000
00000000
000015D9
000015DA
000015DB
00002251
00000000
00000000
00000000
00000000
00000000
00000000
000015DD
00000000
000015DE
00000000
00000000
000015DF
00000000
00000000
000015E0
000017F3
000015E1
00000000
00000000
000015E4
000015E6
000015E8
000015E9
00000000
00000000
000015EA
000015EB
000018D6
0000175E
00000000
00000000
00000000
000015EC
00000000
00000000
000015ED
00000000
000015EE
00000000
00000000
00000000
00000000
00000000
000015EF
00000000
000015F0
000015F1
00000000
000015F2
00000000
00000000
00005A75
00000000
00000000
000015F3
00000000
000015F5
00000000
00000000
00000000
00000000
000015F7
000015F8
00000000
000015F9
00000000
00000000
00000000
000015FA
00000000
000015FB
00000000
000015FC
00000000
00000000
000015FD
0000223C
00000000
000015FF
00000000
00000000
00001747
00000000
00001600
00001601
00000000
00000000
00000000
00000000
00001603
00000000
00000000
00000000
00001604
00001605
00001607
00000000
00001608
00001609
00000000
00000000
00000000
00000000
00000000
00000000
0000160A
00000000
00000000
0000160D
00000000
00000000
0000160F
00000000
00001610
00000000
00001612
00001613
00000000
00001614
00001615
00000000
00000000
00000000
00000000
00001617
00000000
00000000
00000000
00001618
0000161B
0000161C
00000000
0000161D
00000000
00000000
00000000
00000000
00000000
0000161E
00000000
00000000
00000000
00000000
00000000
0000161F
00000000
00001620
00000000
00001623
00000000
00001627
00001629
00000000
00000000
0000162A
00000000
00000000
0000162B
00000000
00000000
00000000
0000162C
00000000
0000162E
00000000
0000162F
00000000
00001630
00000000
00000000
00000000
00000000
00001A1E
00000000
00001FCA
00000000
00001631
00001632
00001633
00001637
00000000
00001638
00001AD1
00000000
00000000
00001639
0000163B
0000163C
00000000
00000000
00000000
00000000
00000000
000019CA
0000163D
00000000
00001A7A
0000163E
00000000
0000163F
00000000
00000000
000053B4
00005DAA
00001640
00001641
00001642
00000000
00001643
00000000
00001644
00001645
00000000
00000000
00001646
000053CB
00000000
00000000
00001647
00000000
00000000
00001648
00000000
00000000
00000000
0000164A
00001D74
00000000
00000000
0000164B
00002B72
00000000
0000164C
0000164D
00000000
00000000
0000164E
0000164F
00001650
00001651
00001653
00000000
00000000
00001654
00000000
00001655
00001656
00000000
00000000
00001657
00000000
00001658
00000000
00000000
00001659
00000000
00000000
0000165A
00001C1E
00000000
00000000
00000000
0000165B
00005C11
00000000
00000000
0000165C
00003613
0000165D
0000165E
0000165F
00000000
00000000
00000000
000025EB
00001660
00001661
00001662
00000000
0000287F
00001663
00001665
00000000
00000000
00000000
00000000
00000000
00001666
00000000
00000000
00001667
00002995
00001668
00000000
00000000
0000166A
0000166B
00003559
00000000
00000000
00000000
0000166D
00002698
00000000
00000000
00000000
0000166E
0000166F
00000000
00000000
00001670
00000000
00000000
00000000
00001671
00001672
00001673
00001674
00001675
00001676
00001677
00000000
00000000
00001678
0000167B
00000000
00000000
0000167C
0000167D
00000000
0000167E
00004450
00000000
00000000
0000167F
00001680
00001681
00000000
00001682
00001683
00001684
00000000
00000000
00000000
00001685
00001686
00000000
00001687
00000000
00000000
00001688
00000000
00000000
0000168A
00000000
0000168B
00003283
00000000
00000000
0000168C
00000000
00000000
00000000
0000168D
0000168E
0000168F
00000000
00000000
00001691
00001692
00000000
00000000
00001693
00000000
00001694
00000000
00000000
00000000
00001695
00000000
00000000
00001696
00000000
00000000
00001890
00001698
00001699
0000169A
00000000
0000169D
00000000
00000000
0000169E
00000000
00000000
00003BC2
00000000
0000169F
00000000
00000000
00000000
00000000
00000000
00000000
00000000
00000000
000016A0
000016A3
000016A4
00000000
000016A5
00000000
00000000
000016A6
00000000
000016A7
00000000
000016A8
00000000
00000000
00000000
00000000
000016A9
00003404
00000000
000016AB
00000000
00000000
00000000
00000000
000016AD
00000000
000016AE
000016AF
00000000
000016B0
00000000
000016B2
000016B3
00000000
00000000
00000000
00000000
00000000
000016B5
00000000
00000000
00000000
00000000
00000000
00000000
00000000
00000000
00000000
000016B6
00000000
000016B7
00000000
00000000
00000000
000016B9
000016BA
00000000
000016BB
00000000
00000000
000016BD
000016BE
00000000
000016BF
000016C0
00000000
00000000
000016C1
00000000
000016C3
0000261E
000016C4
000016C5
00000000
000016C6
00001E35
000024C1
00000000
000021A2
000016C8
00000000
00000000
000030F2
00000000
00000000
000016CA
00000000
000016CB
000016CC
00000000
00000000
00000000
00003C5E
00000000
000016CD
00001AD5
00000000
000016CE
000016CF
000016D0
000016D1
00000000
00000000
00000000
000016D2
00000000
000016D5
00000000
00000000
000016D6
000016D7
00001B0D
00000000
000016D8
000016D9
000016DA
000016DB
000016DC
00006184
00000000
000016DD
00000000
00000000
00002417
000016DE
00000000
0000189E
00000000
00000000
00000000
00000000
000026FE
000016DF
00000000
00000000
00001A23
000016E1
00000000
00000000
00000000
00000000
00000000
000016E2
000016E3
00000000
000016E5
00000000
00000000
000016E6
00000000
000016E7
00000000
00002214
000016E8
000016E9
00000000
00000000
00000000
00000000
000016EA
00000000
00000000
00002129
000016EC
00000000
00000000
000016EE
00000000
00000000
00000000
00000000
00000000
000016EF
000016F0
00000000
00000000
000016F1
00000000
00000000
000016F3
000016F4
000016F5
00001749
000016F6
000016F7
00000000
000016F9
00000000
000016FA
00000000
00000000
000016FB
00000000
00000000
000016FC
00001A6D
000016FD
000016FF
00001700
00001701
00001702
00000000
00000000
00000000
00000000
00000000
00001703
00000000
00000000
00000000
00000000
00000000
00002B13
00001704
00000000
00001705
00000000
00000000
00000000
00000000
00001706
00000000
00001C63
00001707
00000000
00000000
00001708
00000000
00000000
00000000
0000170A
00000000
0000170B
00000000
00000000
00000000
00000000
00000000
0000170C
000025D0
00000000
0000171B
00000000
0000170D
00000000
00000000
0000170E
00002CEA
00000000
00000000
00000000
0000170F
00000000
00000000
00000000
00001710
00000000
00001F78
00001711
00001B52
00001712
00000000
00000000
00001713
00001714
00000000
00000000
00001715
00000000
00000000
00000000
00000000
00001717
00000000
00000000
00000000
00001718
00000000
00000000
00000000
00001719
0000171A
00000000
0000171C
00000000
0000171D
00000000
00000000
00000000
00002387
0000171E
00000000
00000000
00000000
00001E86
0000171F
00000000
00000000
00000000
00001720
00000000
00001721
00001722
00001723
00000000
00000000
00000000
00000000
00001724
00001725
00000000
00001726
00001727
00000000
00000000
00000000
00000000
00000000
00001728
00000000
00000000
00001729
0000172A
0000172C
00000000
00000000
0000172D
00000000
00000000
0000172E
00000000
00000000
0000218B
00000000
0000172F
00001730
00000000
00000000
00001732
00000000
00001734
00000000
00002805
00000000
00000000
00001735
00001736
00000000
00001737
00001738
00000000
00000000
00000000
00001739
00005932
00000000
0000173B
00000000
00000000
0000173C
00000000
0000173D
0000173E
00000000
00000000
0000173F
00000000
00000000
00001740
00000000
00000000
00000000
00001741
000050ED
00000000
00000000
00001742
00001743
00000000
00001744
00000000
00000000
00000000
00001745
00000000
00000000
00001746
00001748
00000000
00000000
0000174A
0000174C
0000174E
00000000
00003CDD
00000000
0000174F
00000000
00001750
00000000
00000000
00001751
00000000
00002F1A
00000000
00001752
00001753
00001754
00000000
00000000
00000000
00001755
00001757
00000000
00001758
00001759
00000000
0000175A
00000000
00000000
00000000
00000000
0000175B
00000000
0000175C
00000000
00000000
0000175D
00000000
00000000
0000175F
00000000
00000000
00000000
00001760
00000000
00001761
00001762
00000000
00000000
00000000
00001764
00000000
00000000
00001766
00001767
00000000
00001768
00000000
00000000
0000176A
0000731A
0000176B
00000000
00000000
0000176C
000017CA
00000000
0000176D
00000000
00000000
00000000
0000176E
00000000
00000000
00000000
00000000
00000000
00001770
00001771
00001772
00001773
00000000
00000000
00001774
00000000
00001776
00002A42
00001777
0000433E
00000000
00001778
00000000
00000000
00000000
00000000
00000000
00001779
0000177A
00000000
00000000
0000177C
00000000
00000000
0000177D
00000000
0000177E
00002BDC
00003179
0000177F
00000000
00000000
00001780
00001781
00000000
00001782
00000000
00000000
00001783
00000000
00000000
00001784
00001785
00000000
00001786
00000000
00000000
00000000
00001787
00000000
00000000
0000243F
00000000
00001789
00007107
0000313D
00000000
00000000
0000178B
0000178D
00000000
00000000
0000178F
00000000
00000000
00000000
00000000
00000000
00001790
00004230
00001793
00001794
00000000
00000000
00001795
00000000
00000000
00001798
00000000
00000000
00000000
00001799
00001D5B
00000000
00000000
0000179A
00000000
00000000
0000179B
00000000
00000000
00000000
00000000
00000000
0000179C
00000000
00005CF9
0000179E
00000000
0000179F
000017A0
00000000
000017A1
00000000
00000000
00000000
00000000
000017A2
00000000
000017A3
000017A4
000017A5
00000000
00000000
000017A7
00000000
00000000
00000000
00000000
000017A8
00000000
000017A9
00000000
000017AA
00000000
00000000
00000000
00000000
00000000
00000000
00000000
000017AB
00000000
00000000
00000000
00000000
000017AD
000017AE
00000000
00000000
00000000
000017AF
00000000
000017B0
00000000
000017B1
00000000
000017B2
00000000
00000000
000017B3
00005014
000017B4
00000000
000017B5
000017B6
000072E0
00000000
00000000
000017B7
000017B9
000017BA
00000000
000017BB
000017BC
000017BD
000017BE
000017BF
00006565
000017C0
00000000
00000000
00000000
000017C1
00000000
000017C2
000017C3
00000000
000017C4
00000000
000017C5
00003F82
00000000
00003873
000017C6
000017C7
00000000
000017C8
000017C9
00000000
00000000
00000000
00000000
000017CB
00000000
00004F96
00000000
000017CC
000017CD
00000000
000017CE
00000000
00000000
000017CF
00000000
00000000
00000000
000017D2
00000000
00000000
000017D3
000017D4
00000000
00000000
00000000
000017D5
00000000
00000000
000017D6
00000000
00000000
000017D7
00000000
00000000
00000000
00000000
000017D8
00000000
00000000
00000000
00000000
000017D9
00000000
000017DA
00000000
00000000
00000000
000017DB
000017DC
000017DD
00000000
00000000
00000000
000017DE
00000000
000017DF
00000000
000017E0
00000000
000017E1
00000000
00000000
000017E2
000017E3
00000000
000017E4
00000000
00000000
000017E5
00000000
000017E6
00000000
00000000
000017E7
00000000
000017E8
00000000
00000000
00000000
000017E9
00000000
000017EA
00000000
000017EB
00000000
000017EC
000017ED
000017EE
00000000
00000000
00000000
00000000
000017EF
00000000
000017F0
00000000
00000000
00000000
000017F2
00000000
000017F7
00000000
000017F8
000017FA
00000000
00000000
00000000
00000000
000017FB
000017FC
00000000
00000000
00000000
00000000
000017FD
00000000
00000000
000017FE
00000000
000017FF
00001800
00001801
00001802
00001BCD
00001803
00001804
00000000
00000000
00000000
00001805
00000000
00001806
00005FAD
00000000
00000000
00001808
00000000
00001809
00000000
00000000
0000180C
00000000
00000000
0000180D
00000000
0000180E
00000000
0000180F
00000000
00000000
00000000
00001810
00001811
00001813
00001814
00001815
00001816
00001817
00000000
00001818
00000000
0000181B
00000000
00000000
00003648
00000000
00000000
0000181C
00000000
0000181D
0000181E
00000000
0000181F
00000000
00000000
00000000
00001B0A
00001821
00000000
00000000
00001823
00000000
00000000
00001824
00000000
00000000
00001827
00001828
00001829
00000000
0000182A
00000000
00001F80
00000000
00000000
0000182C
00000000
00000000
00000000
00000000
00000000
0000182D
0000182F
00000000
00000000
00001830
00001831
00000000
00001832
00000000
00000000
00001833
00000000
00000000
00000000
00001834
00001835
00005563
00000000
00001839
00000000
0000183A
0000183B
0000183D
00000000
00000000
00000000
0000183E
0000183F
00000000
00000000
00001840
00000000
00000000
00000000
00001841
00000000
00000000
00001842
00000000
00001843
00000000
00001845
00000000
00000000
00000000
00000000
00000000
00000000
00006434
00001846
00000000
00000000
00000000
00000000
00000000
00001847
00000000
00000000
00001849
0000184A
00000000
0000184B
00002C1A
00000000
00000000
00000000
0000184C
00005EC4
00000000
0000184D
00000000
00000000
00000000
00000000
00000000
0000184E
0000184F
00000000
00000000
00001850
00000000
00001851
00000000
00001852
00001853
00000000
00000000
00000000
00000000
00000000
00003E15
00000000
00001854
000048F9
00001855
00000000
00000000
00001856
00001857
00000000
00001859
0000185C
00002CA0
00000000
00000000
00000000
00000000
0000185F
00001860
00001861
00001862
00000000
00000000
00001863
00000000
00000000
00000000
00000000
00000000
00001864
00000000
00000000
00000000
00000000
00000000
00000000
00001865
00000000
00001866
00001867
0000459F
00000000
00001868
00004610
00001869
00000000
00000000
00000000
00005BA1
00000000
0000186A
00000000
00000000
00000000
0000186B
00000000
0000186C
000030CF
00003F73
0000186D
0000186F
00000000
00000000
00001870
00000000
00001871
00000000
00000000
00000000
00001872
00000000
00000000
00001873
00001874
00000000
00001876
00000000
00000000
00001877
00000000
00000000
00001878
00000000
00000000
00001879
00000000
0000187A
00000000
0000187B
00000000
00000000
00000000
00000000
00000000
00000000
0000187C
00000000
00000000
00000000
00000000
0000233B
0000187D
00000000
0000187E
0000187F
00000000
00001BE5
00000000
00001880
00001881
00000000
00000000
00001882
00001883
00000000
00000000
00000000
00001884
00001A72
00003AF3
00000000
00000000
00000000
00000000
00000000
00001886
00000000
00001888
00001889
0000188A
0000188B
00000000
00000000
00000000
00000000
00000000
0000188C
00000000
0000188E
00004D6C
0000188F
00000000
00000000
000025FC
00001893
00000000
00001895
00000000
00000000
00001896
00001897
00000000
00000000
00000000
000026E6
00000000
00001898
00000000
00001899
00000000
00000000
0000189A
0000189D
00000000
0000189F
00000000
00000000
00000000
00001DED
00000000
00001F4D
000018A0
000018A2
00002281
00000000
000018A3
00000000
00000000
000018A4
000018A5
00000000
00000000
00000000
00000000
000018A6
000018A7
000018A8
00002B83
00000000
000018AA
000018AB
00000000
00002CDF
00000000
00000000
000018AD
00000000
00000000
000018AE
00004B9A
00000000
00002F7F
00000000
000018B0
000018B2
0000599B
00000000
00000000
00000000
000018B3
00000000
00000000
000018B4
00000000
00000000
000018B5
00003CF4
000018B6
00000000
00000000
00000000
000018B7
000018B8
00000000
00000000
00000000
000018B9
00000000
000018BA
00000000
00000000
000018BB
00000000
000018BC
00000000
00000000
00000000
00000000
00000000
000018BD
00000000
00000000
00000000
00000000
00000000
000020F7
000018BE
00000000
000018C1
000018C2
00005DAE
000018C3
000018C5
00000000
00000000
00000000
000018C7
00000000
00000000
00000000
000018C8
00000000
00000000
00003461
00000000
00000000
000018C9
00000000
00000000
000018CA
000018CB
00000000
00000000
00000000
00000000
000018CC
00000000
00000000
00000000
000018CD
00000000
00000000
00000000
000018CE
00000000
00000000
000018CF
000018D0
000018D1
00000000
000018D2
000018D3
000018D4
000018D7
000040E4
00000000
000018D8
00000000
000018D9
000018DA
00000000
000029A2
00000000
00001EF2
000018DB
00000000
00000000
000018DC
000018DD
00000000
00000000
000018DF
000018E0
000018E1
00000000
00003CAF
00000000
000018E2
00000000
00000000
000018E4
00000000
00000000
000018E5
00000000
00000000
00000000
000018E7
000018E8
00000000
00000000
00000000
00000000
00004401
000018E9
00000000
000018EA
00000000
000018EB
00000000
00000000
000018EC
00000000
00000000
00000000
000018ED
00000000
000018EE
00000000
00000000
00000000
000018EF
00000000
00000000
000018F0
000018F1
000018F2
00000000
000018F3
00000000
00000000
00000000
00001D7F
00000000
000018F4
00000000
00002640
00000000
000018F5
000018F6
000018F7
000018F9
00000000
000018FA
000027E2
00000000
00002E51
00000000
00000000
000018FB
000018FC
00000000
00000000
000018FD
000018FE
000018FF
00000000
00001900
00001901
00001903
00000000
000024FF
00000000
00000000
00001904
00000000
00000000
00001905
00001906
00001907
000035F5
00000000
00000000
00000000
00000000
00001908
00000000
00001909
00000000
0000190A
00000000
0000190B
00000000
00000000
00000000
00000000
0000190C
00000000
00000000
00000000
00000000
00000000
0000190D
00002012
00000000
0000190E
0000190F
00001910
00000000
00000000
00000000
00000000
00000000
00000000
00001911
00000000
00000000
00000000
00000000
00001912
00000000
00000000
00001913
00000000
00001914
00001915
00000000
00000000
00001916
00000000
00001917
00000000
00000000
00001A5E
00001918
00000000
00000000
00000000
00000000
00001919
0000191A
00000000
00000000
00000000
00001F76
0000191B
00000000
0000191C
00000000
00000000
00000000
0000191D
00000000
00000000
00001A21
0000191E
00000000
0000191F
00000000
00000000
00000000
00000000
00001920
00001921
00000000
00000000
00001922
00000000
00000000
00000000
00001923
00000000
00000000
00000000
00001925
00003961
00000000
00000000
00000000
00001926
00000000
00003F8E
00000000
00000000
00002178
00001927
00000000
00001928
00000000
00000000
00001929
0000192B
0000192D
00000000
0000192E
00001930
00000000
00000000
00000000
00000000
00001932
00000000
00000000
00001933
00000000
00001934
00000000
00000000
00001935
00000000
00000000
00001936
00000000
00000000
00001938
00001939
00000000
00000000
00000000
0000193A
00000000
00000000
00000000
00000000
00002059
0000193B
000019D6
00000000
0000193D
00002717
00000000
0000193E
0000193F
00000000
00001940
00000000
00001941
00000000
00001942
00000000
00001943
00001944
00000000
00000000
00000000
00001945
00001946
00000000
00001947
00003C1D
00001948
00002481
0000247C
00001949
00000000
00000000
0000194A
00000000
00000000
00000000
00000000
00000000
00000000
0000194B
00000000
0000194C
00000000
0000194D
00004AB1
0000194E
0000194F
00000000
00000000
00000000
00001950
00000000
00001B2E
00001951
00001952
00000000
00000000
00000000
00000000
00000000
00000000
00001954
00000000
00000000
00000000
000028DC
00000000
00001955
00001956
00000000
00000000
00001958
00001959
00000000
00000000
00000000
00000000
00000000
0000195A
00000000
00000000
0000195C
00000000
0000195D
0000195F
00000000
00000000
00001960
00000000
00001961
00001962
00000000
00000000
00001964
00001965
00000000
00000000
00000000
00000000
00000000
00000000
00000000
00000000
00000000
00000000
00001966
00000000
00000000
00001967
00001C69
00000000
00000000
00000000
00001968
00001969
00001A20
0000196A
00000000
00000000
00000000
00000000
00000000
0000196B
00000000
0000196E
00000000
0000196F
00000000
00000000
00000000
00001970
00000000
00000000
00000000
00000000
00000000
00001971
00004ED4
00000000
00001C46
00001972
00000000
00001973
00000000
00001974
00001975
00001976
00001978
00001979
0000197A
00000000
0000197C
0000197E
0000197F
00000000
00001BF3
00001981
00001AF4
00001982
00004BD1
0000482C
00000000
00001983
00000000
00001984
00000000
00000000
00000000
00001985
00001986
00001987
00001988
00001989
00000000
0000198A
0000198B
000042B7
00000000
0000198C
00000000
00000000
0000198D
00000000
0000198E
00000000
0000198F
00000000
00000000
00000000
00000000
00001990
00000000
00000000
00000000
00001993
00001994
00000000
00001995
00001996
00000000
00001997
00000000
00000000
000028BB
00000000
00001998
00000000
0000199A
00000000
00000000
0000199B
00000000
0000199C
000065BE
00000000
00000000
0000199D
00000000
00000000
00001F21
000019A0
000019A1
00005585
000019A3
000019A4
00000000
000019A5
00000000
00000000
000019A6
000019A7
000043AC
000019A8
000019A9
000019AB
000019AC
00000000
00001C9C
00000000
000019AD
00000000
00000000
000019AF
00000000
000019B0
00000000
00000000
000019B1
000019B2
00000000
00000000
000019B3
000019B4
0000618A
00000000
00000000
00000000
000019B5
000019B8
000019B9
000019BA
00000000
000019BB
00001BC1
00000000
000019BD
00000000
000065BF
00001AC0
00000000
00000000
000019C2
00000000
00000000
000019C3
000019C4
000019C5
00000000
000019C6
00000000
00000000
000019C7
00000000
00000000
00000000
00000000
00000000
00000000
000019C8
00000000
000019C9
00000000
00000000
000019CB
00000000
000019CC
00000000
00000000
000019CD
000019CE
000019CF
00000000
000019D0
000019D1
000019D3
00000000
00000000
00002485
00000000
000019D4
00000000
0000255E
00000000
00000000
000019D5
00000000
00000000
00000000
000019D7
00000000
000019D8
00000000
00001D4C
000019D9
000019DA
00000000
000019DB
00000000
000019DC
000019DD
00000000
00000000
00000000
00000000
00000000
00000000
000019DE
00000000
00000000
00000000
00000000
000019DF
00000000
00000000
00000000
000019E0
00000000
00000000
00000000
00001C30
00000000
00000000
00000000
000019E1
00002BED
00000000
000019E2
00000000
00000000
00000000
00000000
00000000
00000000
000021B3
000019E4
00000000
00000000
000019E5
00000000
000019E6
00000000
00000000
000019E7
00000000
000019EA
00000000
000019EC
00000000
000019ED
00000000
000019EF
000019F0
000019F1
000019F2
000019F5
000052BF
00007135
000019F6
00000000
000019F7
00000000
000019F9
00000000
00000000
00001A54
000019FA
000019FC
00000000
00001A0F
00000000
00000000
000019FD
00000000
000019FE
00000000
00000000
00000000
00000000
00000000
00001A00
00000000
00000000
00001A02
00000000
00000000
00001A03
00000000
00001A04
00001A05
00001A06
00000000
00000000
00001A07
00006497
00000000
00002837
00000000
00000000
00001A08
00001A09
00001A0A
00001A0B
00000000
00001A0C
00000000
00001A0D
00001A0E
00001A12
00000000
00001A14
00001A15
00000000
00000000
00000000
00000000
00001A16
00000000
00000000
00000000
00001A18
00001A19
00001A1B
00000000
00001A1C
00000000
00000000
00000000
00001A1D
00001A22
00000000
00000000
00000000
00000000
00000000
00000000
00000000
00001A25
00001A26
00000000
00000000
00001A27
00000000
00000000
00000000
00000000
00001A28
00000000
00000000
00001A29
00001A2A
00000000
00000000
00000000
00000000
00001DB3
00001A2B
00001A2C
00000000
00001A2D
00001A2E
00001A2F
00000000
00000000
00000000
00000000
00001A30
00000000
00000000
00000000
00001A31
00000000
00001A32
00002B56
00000000
00000000
00001A33
00000000
00000000
00000000
00001A34
00001A35
00000000
00001A36
00000000
00000000
00001A38
00000000
00000000
00000000
00001A39
00001A3A
00000000
00000000
00000000
00001A3B
00000000
00000000
00001A3C
00004C99
00001A3D
00000000
00001A3E
0000471C
00000000
00001A3F
00000000
00001A40
000038E6
00000000
00001A41
00000000
000054F3
00000000
00000000
00001A42
00000000
00000000
00001A44
00001A45
00000000
00000000
00000000
00000000
00000000
00000000
00001A46
00000000
00001A47
00000000
00000000
00001A49
00004372
00000000
00000000
00001A4A
00000000
00000000
00000000
00006EA4
00000000
00001A4B
00001A4C
00001A4D
00000000
00000000
00000000
00001A4E
00000000
00000000
00001A50
00000000
00001A52
00001A53
00000000
00001A55
00000000
00001A56
00000000
00000000
00000000
00000000
00000000
00000000
00001A57
00000000
00000000
00000000
00000000
00000000
00001A58
00000000
00001A59
00000000
00000000
00001A5A
00000000
00000000
00000000
00000000
00001A5B
00000000
00001A5C
00000000
00000000
00000000
00000000
00004173
00000000
00001A5D
00003D81
00000000
00000000
00000000
00000000
00001A5F
00001A61
00001A62
00000000
00000000
00001A63
00001A64
00000000
00000000
00002314
00000000
00001A65
00001A66
00001A67
00000000
00001A68
00001A6A
00002060
00001A6B
00001A6C
00006837
00000000
00001A6E
00000000
00001A70
00001A71
00001A74
00000000
00000000
00000000
00001A7C
00000000
00001A7D
00001A7E
00001A7F
00000000
00000000
00001A81
00000000
00000000
00001A82
00000000
00001A83
00001A84
00000000
00000000
00000000
00000000
00001A85
0000437F
00000000
00001A87
00000000
00000000
00000000
00000000
00001A88
00002791
00001A89
00001A8A
000040D3
00000000
00000000
00001A8B
00001A8C
00000000
00000000
00001A8D
00000000
00000000
00001A8E
00000000
00000000
00001A90
00000000
00000000
00001A91
00001A92
00000000
00000000
000026FF
00000000
00001A93
00000000
00000000
00001A94
00001A95
00001EA8
00000000
00000000
00001A98
00000000
00000000
00001A99
00000000
00000000
00001A9B
00000000
00000000
00001A9D
00000000
00000000
00001A9F
00000000
00001AA0
00000000
00000000
00000000
00000000
00003ED3
00001AA1
00000000
0000337C
00001AA2
00006BE1
00000000
00001AA5
00000000
00001E18
00000000
00001AA6
00002B68
00001AA7
0000227B
00000000
00000000
00000000
00004730
00000000
00000000
00000000
00001AA9
00000000
00000000
00007168
00000000
00000000
00000000
00001AAB
00000000
00001AAC
00001AAD
00000000
00000000
00001AAE
00000000
00000000
00001AAF
00000000
00001AB0
00001AB1
00000000
00000000
00000000
00001AB4
00001AB5
00000000
00001AB6
00001AB7
00000000
00000000
00000000
0000724D
00000000
00000000
00001AB8
00000000
00001AB9
00000000
00000000
00000000
00001ABA
00001ABE
00000000
00001ABF
00001AC1
00000000
00001AC3
00000000
00001AC4
00001AC5
00000000
00000000
00000000
00000000
00000000
00000000
00000000
00000000
00003B24
00000000
00001AC6
00001AC9
00000000
00000000
00001ACB
00000000
00000000
00001ACC
00000000
00001ACD
00001ACF
00001AD0
00000000
00001AD2
00001AD3
00000000
000056A4
00001AD4
00000000
00000000
00000000
00001AD6
00000000
00000000
00002548
00000000
00000000
00001AD7
00000000
00001AD8
00000000
00001ADA
00000000
00000000
00000000
00000000
00001ADB
00001ADC
00000000
00000000
00001ADD
00000000
00002097
00000000
00001ADE
00002565
00001ADF
00001BC3
00000000
00001AE0
00004112
00001AE1
0000205D
00000000
00000000
00000000
00000000
00001AE2
00000000
00000000
00001AE3
00000000
00000000
00001AE4
00000000
00000000
00001AE5
00000000
00000000
00001AE6
00001AE8
00001AE9
00000000
00001AEA
00000000
00000000
00001AEB
00001AEC
00000000
00000000
00001AED
00000000
00001AF0
00003E8C
00000000
00000000
00000000
00000000
00000000
00000000
00001AF1
00000000
00000000
00000000
00000000
00000000
00001AF2
00001AF3
00000000
00005A88
00000000
00000000
00001AF5
00001AF6
00000000
00000000
00000000
00000000
00001AF7
00002051
00000000
00001AF9
00000000
00001AFB
00001AFC
00000000
00001AFD
00000000
00001AFE
00000000
00001AFF
00000000
00000000
00000000
00000000
00001B00
00000000
00001B01
00001B03
00000000
00000000
00000000
00001B05
00000000
00000000
00001B06
00000000
00000000
00001B07
00000000
00000000
00000000
00000000
00001B08
00000000
00000000
00001B09
00000000
00000000
00000000
00000000
00000000
00001B0B
00001B0F
00000000
00000000
00001B10
00001B11
00000000
00000000
00000000
00000000
00000000
00001B12
00003DE9
00000000
00000000
00001B13
00000000
00000000
00001B14
00000000
00000000
00001B15
00000000
00000000
00001B16
00000000
00001B18
00000000
00000000
00000000
00000000
00000000
00000000
00001B19
00001B1A
00004BF6
00001B1C
00001B1D
00000000
00001B1E
00005C0C
00000000
00001B20
00001B21
00001B22
00000000
00001B23
00001B24
00001B25
00000000
00002A01
00001B26
00000000
00000000
00000000
00000000
00001B27
00000000
00001B28
00001B29
00000000
00001B2A
00000000
0000536D
00001B2B
00001B2C
00004992
00000000
00000000
00001B2D
00001B2F
00000000
00000000
00000000
00000000
00001B30
00001B33
00000000
00001B34
00000000
00001B35
00000000
00002A49
00000000
00001B36
00000000
00000000
00001B37
00001B3B
00006B31
00001B3C
00000000
00000000
00001B3D
00000000
00000000
00000000
00000000
00001B3E
00000000
00001B3F
00000000
00001B42
00003BBF
00000000
00000000
00001B44
00001B45
00000000
00000000
00000000
00000000
00000000
00001B46
00002457
00000000
00000000
00001B47
00001B49
00000000
00000000
00001B48
00001B4C
00000000
00000000
00000000
00000000
00000000
00002217
00001B4D
00000000
00000000
00001B4E
00001B4F
00001B51
00000000
00001B53
00000000
00000000
00001B54
00001B55
00001B56
000029AF
00000000
00001B57
00001B58
00000000
00001B59
00000000
00000000
00000000
00000000
00000000
00001B5A
00001B5B
00001B5C
00001B5D
00000000
00001B5E
00001B5F
00001B60
00001B61
00000000
00001B62
00001B64
000025E3
00001B65
00001B66
00000000
00001B67
00001B68
00000000
00000000
00001B69
00000000
00000000
00000000
00000000
00001B6A
00000000
00000000
00003A3C
00000000
00001B6B
00001B6C
00000000
00001B6D
00001B6E
00000000
00000000
00000000
00000000
00001B6F
00000000
00000000
000033B4
00001B70
00000000
00000000
00000000
00000000
00001B72
00001B73
00001B75
00001B76
00001B77
00000000
00000000
00001B78
00000000
00001DBF
00000000
00001B7A
00000000
00000000
00000000
00000000
00000000
00001B7B
00000000
00000000
00000000
00000000
00001B7C
00000000
00001B7D
00000000
00000000
00002354
00001B7E
00000000
00001B7F
00000000
00000000
00000000
00001E88
00001B80
00000000
00000000
00000000
00003158
00000000
00000000
00000000
00000000
00001B81
00001B82
00001B83
00000000
00001B84
00002C94
00001B85
00001B86
00001B87
00001B88
00000000
00000000
00000000
00000000
00001B89
00000000
00000000
00001B8A
00001B8B
00000000
00000000
00001B8C
00001B8D
00000000
00000000
00001B8F
00001B90
00000000
00001B91
00000000
00001B92
00001B93
00001B94
00003672
00000000
00000000
00001B95
00000000
00000000
00000000
00001B97
00000000
00000000
00000000
00000000
00000000
00001B98
00000000
00000000
00000000
00001B9B
00000000
00001B9D
00000000
00000000
00000000
00001B9E
00000000
00000000
00000000
00001B9F
00000000
00001BA0
00000000
00000000
00000000
00001BA1
00001BA2
00004E64
00000000
00001BA3
00001BA5
00000000
00000000
00000000
00000000
00001DC3
00000000
00001BA6
00000000
00000000
00001BA7
00001BA8
00001BA9
00001BAA
00002E3F
00000000
00001BAB
00000000
000056AA
00001BAC
00001BAD
00000000
00000000
00001BAE
00000000
00001BAF
00001BB1
00000000
00000000
00000000
00000000
00001BB2
00000000
00000000
00000000
00001BB3
00000000
00000000
00001BB5
0000348B
00001BB6
00000000
00000000
00000000
00000000
00000000
00000000
00000000
00000000
00001BB7
0000490B
00001BB9
00000000
00001BBA
00000000
00000000
00001BBB
00000000
00000000
00001BBD
00000000
00000000
00001BBE
00000000
00000000
00001BC0
00000000
00000000
00000000
00000000
00004629
00001BC4
00001BC5
00001BC6
00001BC7
00001BC8
00000000
00000000
00001BCA
00000000
00000000
00001BCB
00000000
00000000
00000000
00001BCC
00000000
00000000
00001BCE
00001BCF
00000000
00000000
00000000
00001BD0
00000000
00000000
00001E03
00000000
00001BD1
00001BD2
00000000
00001BD3
00000000
00000000
00000000
00001BD4
00000000
00000000
00001BD5
00001BD6
00001BD7
00000000
00000000
00000000
00000000
00000000
00001BD8
00000000
00001BD9
00000000
00000000
00001BDA
00001BDB
00001BDC
00000000
00000000
00000000
00000000
00000000
00001BDD
00001BDE
00000000
00001BDF
00000000
00003E46
00001BE0
00001BE1
00000000
00000000
00000000
00000000
00000000
00001BE3
00000000
00000000
00001BE6
00000000
00000000
00000000
00000000
00001BE7
00000000
00001BE8
00000000
00001BE9
00001BEA
00001BEB
00001BEC
00000000
00000000
00001BED
00000000
00000000
00001BEE
00000000
00000000
00004F03
00000000
00001BF0
00000000
00000000
00000000
00004612
00000000
00001BF1
00000000
00000000
00001BF2
00000000
00000000
00000000
00000000
00001BF4
00000000
00000000
00001BF5
00002633
00000000
00000000
00001BF6
00000000
00001BF8
00000000
00000000
00001BF9
00000000
00000000
00001BFA
00001BFC
00000000
00000000
00001BFD
00001BFE
00001BFF
00001C00
00000000
00001C01
00001C02
00001C03
00000000
00000000
00000000
0000299B
00001C04
00004402
00001C05
00000000
00000000
00001C07
00000000
00001C08
00000000
00000000
00001C09
00001C0B
00002CF1
00001C0D
00000000
00000000
00000000
00000000
00000000
00001C0E
00000000
00000000
00000000
00000000
00001C0F
00000000
00000000
00000000
00001C11
00001C12
00000000
00000000
00000000
00000000
00000000
00001C13
00000000
00000000
00000000
00001C14
00001C16
000068C5
00001C17
00000000
00000000
00001C18
00003694
00001C19
00000000
00000000
00001C1A
00000000
00001C1B
00006618
00001C1C
00000000
00001C1D
00000000
00001C1F
00001C20
00001C21
00000000
00000000
000032C2
00001C22
00000000
00000000
00000000
00000000
00000000
00000000
00004AC5
00001C23
00000000
00000000
00001C25
000037DF
00001C26
00003F6B
00000000
00001C27
00001C28
00000000
00001C2A
00000000
00000000
00000000
00001C2B
00001C2C
00000000
00001C2E
00000000
00000000
00001C2F
00000000
00001C31
00000000
00000000
00000000
00001C32
00000000
00000000
00000000
00004D40
00000000
00001C33
00004F3F
00001C34
00001C36
00000000
00001C37
00006A52
00000000
00000000
00000000
00000000
00000000
00000000
00001C38
00000000
00000000
00000000
00000000
00000000
00000000
00000000
00001C39
00001C3A
00000000
00000000
00001C3B
00001C3E
00000000
00001C40
00001C41
00001C42
00000000
00000000
00001C43
00000000
00000000
00001C44
00000000
00001C45
00000000
00000000
00001C47
00000000
00001C48
00000000
00000000
00000000
00000000
00001C49
00000000
00000000
00001C4A
00001C4B
00000000
00000000
00001C4C
00000000
00001C4E
00006E5D
00001C4F
00001C50
00000000
00000000
00000000
00000000
00001C51
00000000
00001C52
00001C53
00000000
00001C54
0000320A
00000000
00000000
00001C55
00000000
00000000
00000000
00001C56
00000000
00001C57
00000000
00001C58
00001C59
00001C5A
00000000
00001C5B
00000000
00001C5C
00001C5D
00000000
00000000
00000000
00000000
00000000
00001C5E
00001C60
00001C62
00000000
00001C64
00002614
00000000
00000000
00000000
00000000
00000000
00001C65
0000381E
00001C66
00000000
00001C67
00001C68
00002B9B
00000000
00000000
00000000
00006A10
00001C6B
00000000
00004774
00000000
00001C6E
00000000
00000000
00001C70
00000000
00003FE4
00000000
00001C71
00000000
00000000
00001C72
00000000
00001C73
00000000
00000000
00001C74
00000000
00000000
00000000
00000000
00003FB2
00000000
00000000
00000000
00001C75
00001C76
00001C77
00001C78
00001C79
00000000
00001C7A
000030F5
00001C7B
00000000
00000000
00000000
00001C7E
00000000
0000424D
00001C80
00000000
00000000
00000000
00001C81
00001C82
00001C83
00001C84
00000000
00000000
00001C86
00000000
00001C87
00001C88
00000000
00001C89
00004062
00000000
00000000
00001C8A
00001C8B
00001C8C
00000000
00001C8E
00000000
00002109
00001C8F
00000000
00000000
00000000
00001C90
00001C91
00001C92
00000000
00000000
00001C94
00000000
00001C96
00000000
00000000
000021AB
00001C97
00000000
00000000
00001C98
00001C99
0000487C
00001C9A
00000000
00000000
00001C9B
00000000
00000000
00004126
00001C9D
00001C9E
00000000
00000000
00001CA0
00001CA1
00003EAA
00000000
00000000
00001CA2
00001CA3
00000000
00001CA4
00000000
00000000
00005330
00000000
00001CA5
00001CA6
00000000
00002C42
00000000
00001CA7
00001CA8
00000000
00001CA9
00000000
00005073
00001CAA
00000000
00000000
00000000
00000000
00000000
00000000
00001CAB
00001CAC
00001CAD
00000000
00001CAE
0000604E
00000000
00000000
00001CAF
00000000
00001CB0
00001CB1
00001CB2
00000000
00001CB4
00000000
00001CB6
00000000
00000000
00000000
00000000
00002951
00000000
00001CB7
00000000
00000000
00001CB9
00000000
00000000
00000000
00001CBB
00000000
00000000
00001CBC
00001CBD
00001CBE
00000000
00000000
00000000
00001CBF
00000000
00006B9F
00000000
00000000
00000000
00000000
00000000
00000000
00001CC0
00005995
00001CC2
00000000
00000000
00000000
00000000
00000000
00001CC4
00001CC5
00001CC6
00001CC9
00000000
00001CCA
00000000
00001CCB
00000000
00000000
00001CCC
00000000
00000000
00000000
00000000
00000000
000028A8
00000000
00000000
00000000
00000000
00001CCF
00000000
00002848
00001CD0
00000000
00000000
00000000
00000000
00001CD2
00000000
00000000
00000000
00001CD3
00001CD4
00000000
00000000
00001CD5
00000000
00000000
000023AB
00000000
00001CD7
00004568
00001CD9
00001CDA
00000000
000041CA
00000000
00001CDB
00000000
00001CDC
00000000
00000000
00000000
00000000
00000000
00001CDE
0000689D
00000000
00002B80
00001CDF
000055E3
00001CE2
00001CE3
00000000
00000000
00001CE4
00000000
00000000
00001CE5
00000000
00001CE6
00000000
00001CE7
000069A6
00000000
00001CE8
00000000
00000000
00001CE9
00001CEA
00000000
00000000
00001CEB
00000000
00001CEC
00000000
00000000
00000000
00001CEF
00000000
00000000
00000000
00001CF1
00000000
00000000
00001CF2
00000000
00000000
00001CF3
00000000
00000000
00001CF4
00000000
00000000
00001CF6
00000000
00001CF7
00000000
000020FB
00000000
00000000
00000000
00001CF9
00001CFA
00000000
00000000
00001CFB
00001CFC
00000000
00001CFD
00000000
00000000
00005B11
00001CFE
00000000
00001CFF
00000000
00001D00
00000000
00000000
00001D01
00000000
00000000
00001D02
00000000
00000000
00001D03
00001D04
000055AD
000063C9
00000000
00000000
00007314
00001D05
00001D07
00001D09
0000251A
00000000
00001D0A
00001D0B
00002650
00000000
00000000
00001D0C
00000000
00001D0D
00000000
00000000
00001D0F
00000000
00001D10
00000000
00000000
00001D11
00001D13
00000000
00001D14
00000000
00000000
00000000
00001D15
00000000
00000000
00000000
00000000
00004E86
00001D18
00001D19
00000000
00006D2E
00000000
00000000
00000000
00001D1A
00001D1B
00000000
00001D1C
00000000
00000000
00000000
00000000
00000000
00000000
00000000
00000000
00004410
00000000
00001D1D
00000000
00000000
00006DA9
00000000
00000000
00000000
00001D1E
00000000
00001D1F
00001D21
00000000
00000000
00001D22
00001D23
00001D24
00000000
00001D26
00000000
00002747
00000000
00001D27
00000000
00001D28
00001D29
00001D2A
00000000
00000000
00001D2B
00000000
00003992
00001D2C
00001D2D
00000000
00000000
00001D2E
00000000
00000000
00000000
00000000
00001D2F
00000000
00001D30
00001D31
00000000
00001D35
00000000
00000000
00001D36
00000000
00001D37
00001D38
00000000
00001D39
00000000
00000000
00001D3A
00000000
00000000
00000000
00000000
00000000
00001D3B
00000000
00000000
00000000
00001D3C
00001D3E
00000000
00001D40
00000000
00000000
00000000
00000000
00000000
00002D28
00001D41
00000000
00000000
00001D42
00000000
00000000
00001D43
00001D44
00000000
00000000
00001D45
00000000
00000000
00001D46
00000000
00000000
00001D47
00001D48
00000000
00000000
00001D49
00000000
00004BCA
00000000
00000000
00001D4A
00000000
00001D4B
00000000
00001D4D
00001D4E
000038D4
00000000
00000000
00001D4F
00001D50
00000000
00000000
00000000
00000000
00000000
00001D52
00000000
00000000
0000277E
00001D54
00001D55
00000000
00000000
00001D56
00000000
00001D57
00000000
0000319E
00000000
00000000
00000000
00001D59
00001D5A
00001D5C
00001D5D
00000000
00001D5E
00001D5F
00000000
00000000
00000000
00001D61
00000000
00000000
00001D62
00000000
00000000
00001D64
00001D65
00000000
00000000
00000000
00000000
00000000
00001D66
0000468D
00000000
00001D67
00000000
00001D68
00001D6A
0000459C
00001D6B
00000000
000020D6
00001D6D
00001D6E
00001D6F
00000000
00001D70
00001D71
00001D72
00000000
00000000
00000000
00001D73
000038EC
00001D75
00000000
00001D77
00005394
00000000
00000000
00001D78
00001D79
00000000
00000000
00001D7A
00000000
00000000
00000000
00000000
00001D7B
00000000
00000000
00001D7C
00002553
00000000
00000000
00001D7D
00000000
00000000
00000000
00000000
00001D7E
00000000
00000000
00000000
00000000
00001D80
00000000
00000000
00000000
00001D81
00001D82
00000000
00000000
00001E80
00001D83
00001D85
00001D86
00000000
00004502
00001D88
00000000
00000000
00001D89
00001D8A
00001D8B
00000000
00000000
00001D8C
00001D8D
00001D8E
00001FC4
00000000
00000000
00001D8F
00000000
00000000
00000000
00001D90
00001D91
00000000
00000000
00001D93
00001D94
00000000
00000000
00001D95
00000000
00000000
00000000
00001D96
00000000
00000000
00001D97
00002042
00001D98
00000000
00001D99
00002D09
000045C0
000048B4
00001D9A
00001D9B
00000000
00001D9C
00000000
00001D9D
00001D9E
00000000
00000000
00001DA0
00001DA2
00000000
00001DA3
00001DA4
00000000
00001DA5
00000000
00000000
00001DA6
00000000
00000000
00000000
00000000
00001DA7
00001DA8
00000000
00000000
00001DA9
00001DAA
00001DAB
00000000
00001DAC
00001DAD
00000000
00000000
00000000
00000000
00000000
00000000
00001DAE
00001DAF
00001DB0
00000000
00000000
00001DB2
00001DB4
00001DB5
00001DB7
00000000
00000000
00000000
00002186
00001DB8
000026C2
00001DB9
00001DBA
00000000
00000000
00000000
00000000
00000000
00000000
00000000
00000000
00000000
00001DBB
00001DBC
00000000
00000000
00000000
000045B1
00000000
00000000
00000000
00000000
00001DBD
00001DBE
00001DC1
00000000
00000000
00001DC2
00000000
00000000
00000000
00001DC4
00001DC5
00000000
00000000
000045E6
00000000
00001DC6
00000000
00000000
00000000
00000000
00000000
00001DC7
00000000
00000000
00000000
00000000
00001DC8
00000000
00000000
00000000
00000000
00001DC9
00001DCA
00002FD5
00001DCB
00001DCC
00000000
00000000
00001DCF
00000000
00000000
00001DD1
00001DD3
00001DD4
00001DD5
00000000
00000000
00000000
00001DD6
00000000
00001DD7
00001DD8
00001DD9
00000000
00001DDA
00000000
00000000
00000000
00000000
00001F7F
00001DDB
00001DDC
00001F06
00000000
00000000
00000000
00000000
00002954
00001DDD
00001DDF
00004918
00000000
00001DE0
00001DE1
00000000
00000000
00000000
00000000
00001DE2
00000000
00000000
00001DE3
00000000
00003DBC
00001DE5
00000000
00000000
00000000
00000000
00000000
00001DE6
00000000
00000000
00000000
00001DE7
00000000
00001DE8
00001DE9
00001DEB
00001DEC
00003329
00000000
00000000
00000000
00001DF0
00000000
00001DF1
00000000
00003816
00000000
00000000
00000000
00001DF3
00006071
00001DF4
00001DF5
00001DF6
00000000
00000000
00001DF7
00003C3B
00000000
00000000
00000000
00000000
00001DF9
00001DFA
00001DFB
00000000
00001DFC
00000000
00001DFE
00001DFF
00000000
00000000
00000000
00000000
00001E01
00000000
00000000
00001E02
00000000
00000000
00000000
00000000
00001E04
00000000
00000000
00000000
00002093
00000000
00001E06
00000000
00001E07
00000000
00000000
00000000
00000000
00000000
00000000
00001E08
00001E09
00000000
00001E0B
00000000
00001E0E
00001E0F
00001E10
00000000
00001E14
00000000
00000000
00000000
00001E15
00000000
00001E16
00000000
00000000
00000000
00000000
00000000
00001E17
00000000
00000000
00000000
00001E19
00001E1A
00000000
00000000
00001E1B
00000000
0000297B
00001E1C
00000000
00000000
00000000
00001E1D
00000000
00001E1E
00001E1F
00000000
00000000
00001E21
00000000
00001E22
00001E23
00000000
00000000
00000000
00001E25
00000000
00001E26
00001E27
00000000
00000000
00001E28
00000000
00000000
00000000
00000000
00000000
00000000
00000000
00000000
00001E29
00000000
00000000
00000000
00001E2A
00000000
00000000
00001E2B
000069EE
00000000
00000000
00000000
00000000
00000000
00001E2D
00000000
00000000
00001E2E
00000000
00000000
00001E2F
00001E30
00000000
00000000
00000000
00000000
00001E31
00000000
00000000
00000000
00000000
00000000
00001E33
00001E34
00000000
00000000
00000000
00001E36
00000000
00000000
00000000
00001E37
00000000
00000000
00000000
00000000
00000000
00000000
00000000
00000000
00000000
00001E38
00000000
00000000
00000000
00000000
00001E3A
00000000
00000000
00000000
00000000
00000000
00000000
00001E3B
00000000
00000000
00000000
00000000
00001E3C
00000000
00000000
000057BB
00000000
00001E3E
00000000
00001E3F
00001E40
00000000
00001E41
00000000
00001E42
00000000
00000000
00001E44
00000000
00000000
00000000
00000000
00000000
00000000
00001E45
00000000
00000000
00004001
00000000
00000000
00000000
00001E46
00001E47
00001E48
00001E49
00000000
00000000
00000000
00000000
00000000
00000000
00000000
00000000
00000000
00000000
00001E4A
00001E4B
00000000
00000000
00001E4C
00000000
00000000
00000000
00002B11
00001E4D
00000000
00000000
00001E4E
00000000
00000000
00001E4F
00001E50
00000000
00001E51
00000000
00001E52
00000000
00000000
00001E53
00000000
00001E54
00000000
00002038
00000000
00001E55
00001E56
00001E57
00001E58
00000000
00000000
00000000
00000000
00000000
00001E59
00000000
00001E5B
00000000
00000000
00000000
00001E5C
00000000
00001E5D
00000000
00001E5E
00000000
00000000
00000000
00005445
00000000
00001E5F
00000000
00000000
00000000
00000000
00000000
00000000
00000000
00004DC1
00001E60
00001E61
00000000
00001E62
00000000
00000000
00000000
00001E63
00000000
00000000
00000000
00000000
00001E64
00000000
00001E65
00000000
00001E66
00000000
00000000
00000000
00000000
00000000
00000000
00001E67
00000000
00001E68
00000000
00001E69
00001E6A
00001E6B
00006578
00000000
00001E6C
00000000
00000000
000060F7
00000000
00000000
00001E6D
00000000
00000000
00001E6E
00000000
00001E6F
00000000
00000000
00000000
00000000
00001E70
00000000
00001E71
00000000
00001E72
00000000
00000000
00001E73
00000000
00000000
00000000
00000000
00000000
00000000
00001E75
00000000
00000000
00001EB3
00001E76
00000000
00000000
00000000
00000000
00000000
00001E77
00001E78
00000000
00000000
00000000
00001E79
00000000
00000000
00000000
00001E7B
00000000
00000000
00000000
00001E7C
00000000
00001E7D
00000000
00000000
00000000
00000000
00001E7E
00001E7F
00000000
00000000
00000000
00001E81
00001E84
00000000
00000000
00001E85
00000000
00001E87
00001E89
00001E8B
00000000
00001E8C
00001E8D
00000000
00000000
00001E8E
00000000
00001E8F
00000000
0000240A
00001E90
00000000
00000000
00001E91
00001E92
00000000
00000000
00001E93
00000000
00000000
00000000
00001E95
00006D8E
00000000
00000000
00000000
00000000
00000000
00001FA2
00001E96
00000000
00000000
00000000
00001E97
00000000
0000211C
00001E98
00000000
00000000
00000000
00001E99
00000000
00000000
00001E9B
00001E9C
00000000
00000000
00001E9D
00000000
00000000
00001E9E
0000533B
00001E9F
00000000
00000000
00000000
00001EA1
00000000
000044CE
00001EA3
00000000
00000000
00001EA4
00001EA5
00001EA6
00000000
00001EAA
00000000
00000000
00001EAB
00001EAC
00000000
00001EAE
00000000
00000000
00001EAF
00000000
00001EB1
00000000
00000000
00001EB2
00001EB4
00001EB6
00000000
00000000
00001EB7
00000000
00002F08
00000000
00000000
00001EB8
00000000
00001EB9
00000000
00000000
00001EBA
00000000
00001EBB
00001EBE
00001EC0
00000000
00001EC1
00000000
00000000
00001EC4
00000000
00001EC5
00001EC7
00000000
00000000
00000000
00001EC8
00003504
00000000
00000000
00001EC9
00000000
00000000
00000000
00001ECA
00001ECB
00001ECC
00001ECD
00001ECE
00000000
00001ECF
00001ED0
00001ED1
00001ED2
0000245F
00001ED3
00001ED4
00001ED5
00000000
00001ED6
00001ED8
00000000
00000000
00003519
00000000
00000000
00001ED9
00000000
00000000
00000000
00000000
00001EDB
00000000
00000000
00000000
000057DA
00000000
00001EDC
00000000
00000000
00001EDD
00000000
00000000
00000000
00000000
00001EDE
00001EE2
00000000
00000000
00001EE3
00000000
00000000
00001EE4
00000000
00000000
00000000
00001EE5
00001EE6
00004114
00000000
00001EE8
00000000
00000000
00001EEA
00000000
00001EEB
00001EEC
00000000
00000000
00001EED
00000000
00000000
00000000
00001EEE
00000000
00001EEF
00000000
00001EF0
00000000
00000000
00000000
00001EF1
00001EF3
00001EF5
00001EF6
00000000
00001EF7
00001EF8
00001EFA
00000000
00000000
00000000
00001EFB
00000000
00000000
00000000
00000000
00000000
00001EFC
00000000
00001EFD
00000000
00000000
00001EFF
000023BA
00000000
00000000
00001F00
00002061
00000000
00001F01
00000000
00001F02
00000000
000054FA
00001F04
00000000
000035B2
00001F07
00000000
00000000
00001F08
00001F09
00000000
00000000
00001F0B
00003055
00000000
00001F0C
00001F0E
00000000
00000000
00001F11
00001F12
00000000
00000000
00000000
00001F13
00000000
00000000
00000000
00000000
00000000
00001F14
00001F15
00001F16
00000000
00001F18
00000000
00001F19
00000000
00000000
00000000
00001FA1
00001F1B
00000000
00004D8C
00001F1C
00001F1D
00001F1E
00000000
00000000
00000000
00000000
00000000
00001F1F
00001F20
00000000
00000000
00000000
00001F22
00003C10
00001F25
000038DC
00000000
00001F27
00000000
00000000
00000000
00000000
00000000
00001F28
00000000
00001F29
00000000
00000000
00000000
00000000
00004366
00000000
00000000
00001F2A
00000000
00004FEE
00000000
00001F2B
00000000
00001F2C
00001F2D
000035C4
00000000
00000000
00000000
00001F2E
00000000
00000000
00000000
00000000
00001F30
00001F31
00001F32
00000000
00000000
00001F34
00000000
00000000
00001F35
00000000
00001F36
00000000
00000000
00001F37
00000000
00000000
00000000
00000000
00001F38
00004CE1
00001F39
00000000
00000000
00000000
00000000
00001F3A
00000000
00000000
00001F3B
00000000
00001F3C
00000000
00001F3D
00000000
00000000
00000000
00000000
00001F3E
00000000
00001F40
00000000
00000000
00001F41
00007355
00000000
00000000
00000000
00001F43
00001F45
00000000
00000000
00000000
00001F46
00000000
00001F47
00001F48
00000000
00001F49
00000000
00001F4C
00004486
00000000
00000000
00001F4E
00000000
00000000
00001F4F
00000000
00000000
00001F50
00001F52
00000000
00001F53
00000000
00001F54
00000000
00000000
00001F55
00000000
00000000
00000000
00001F57
00000000
00000000
00000000
00001F59
00001F5A
00000000
00001F5B
00000000
00000000
00000000
00000000
00000000
00000000
00001F5C
00000000
00000000
00000000
00001F5E
0000376B
00000000
00000000
00001F5F
00000000
00000000
00001F60
00001F61
000033C2
00000000
00000000
00001F63
00000000
00000000
00000000
00001F64
00001F65
00001F67
0000407E
00000000
00000000
00000000
00002663
00002B75
00000000
00001F69
00000000
00000000
00001F6A
00001F6C
00000000
00001F6D
00000000
00001F6F
00000000
00000000
000041E1
00000000
00001F70
00000000
00000000
00000000
00000000
00000000
00000000
00001F72
00000000
00000000
00000000
00001F73
00000000
00000000
00001F74
00000000
00001F75
00000000
00000000
00000000
00000000
00000000
00001F77
00000000
00001F79
00000000
00000000
00001F7A
00000000
00000000
000041D5
00000000
00001F7C
00000000
00001F7D
00003084
00000000
00000000
00000000
00001F7E
00001F81
00000000
00001F84
00001F85
00000000
00001F86
00000000
00000000
00001F87
00001F88
00000000
00000000
00000000
00001F89
00000000
00000000
00001F8A
00000000
00000000
00000000
00001F8B
00000000
00000000
00000000
00001F8C
00000000
00001F8D
00001F8E
00001F8F
00000000
00000000
00000000
00001F90
00001F93
00000000
00000000
00001F94
00000000
00000000
00000000
00001F95
00000000
00001F96
00000000
00000000
00000000
00001F97
00000000
00001F98
00000000
00000000
00000000
00000000
00001F99
00001F9A
00001F9C
0000555E
00000000
00000000
00000000
00001F9E
00000000
00001FA0
00000000
00001FA3
00000000
00001FA4
00002A66
00000000
00000000
00000000
00000000
00001FA5
00000000
00000000
00000000
00001FA6
00001FA7
00000000
00000000
00000000
00000000
00000000
00000000
00001FA8
00000000
000032B9
00001FA9
00000000
00000000
00001FAA
00001FAB
00001FAC
00000000
00000000
00002A64
00001FAD
00000000
00000000
00001FAE
00001FAF
00000000
00000000
00001FB0
00000000
00000000
00000000
00000000
00000000
00001FB2
00001FB6
000055E2
0000228B
00000000
00000000
00001FB7
00000000
00000000
00000000
00001FB8
00001FB9
00000000
00001FBA
000056F4
00000000
00001FBB
00000000
00000000
00001FBC
00001FBD
00001FBF
00001FC0
00000000
00001FC1
00000000
00000000
00001FC2
00000000
00000000
00001FC3
00000000
00000000
00001FC5
00000000
00001FC6
00001FC7
00001FC8
00001FC9
00001FCB
00001FCC
00001FCD
00000000
00000000
00000000
00000000
00000000
00001FCE
00000000
00001FCF
00000000
00000000
00000000
00000000
00000000
00001FD0
00001FD2
00000000
00000000
00000000
00001FD3
00001FD4
00000000
00000000
00001FD5
00000000
00000000
00000000
00001FD6
00005390
00001FD8
00005730
00000000
00000000
00001FD9
00001FDA
00001FDD
00001FDE
00001FE0
00000000
00000000
00001FE1
00000000
00001FE4
00001FE5
00000000
00000000
00001FE6
00001FE8
00000000
00000000
00001FE9
00000000
00000000
00000000
00000000
00001FEA
00001FEB
00000000
00000000
00000000
00000000
00001FEC
0000247D
00000000
00001FED
00000000
00000000
00001FEE
00000000
00000000
00000000
00000000
00001FEF
00000000
00001FF0
00000000
00001FF1
00001FF2
00000000
00000000
00000000
00001FF3
00000000
00000000
00000000
00001FF5
00000000
00001FF6
00000000
00000000
00001FF8
00000000
00000000
00001FF9
00000000
00001FFA
00000000
00001FFB
00003C1E
00000000
00001FFC
00000000
00000000
00001FFE
00000000
00000000
00001FFF
00000000
00002000
00002002
00002003
00000000
00000000
00000000
00002004
00002006
00000000
00002007
00000000
00002008
00000000
00000000
00002009
00000000
00000000
0000200B
0000200C
0000200D
00000000
00000000
0000200E
00000000
00000000
00007259
0000200F
00000000
00002010
00000000
00002011
00006098
00000000
00000000
00000000
00000000
00000000
00000000
00000000
00002013
00000000
00000000
000042E0
00000000
00002014
00002015
00002016
00002017
00000000
00000000
00000000
00000000
00002018
00000000
00002019
00000000
00000000
0000201A
0000201B
00000000
00002A30
0000201C
0000201D
00000000
0000201E
0000201F
00000000
00000000
00002020
00000000
00000000
00002021
00002022
00002023
0000454A
00000000
00000000
00000000
00002024
00005779
00002026
00000000
00002028
00002029
00000000
00000000
00000000
0000202A
00000000
00000000
00000000
00000000
00000000
0000202B
0000202C
00000000
00000000
0000202F
00000000
00000000
00002030
00002031
00000000
00000000
00002032
00000000
00000000
00003B16
00002033
00002034
00002F95
00000000
00002035
00002037
00000000
00000000
00000000
00000000
00002039
0000203A
00000000
0000203B
00000000
00000000
0000203C
0000203D
0000203F
00000000
00000000
00000000
00000000
00002040
00000000
00002041
00000000
00000000
00002043
00000000
00002044
00000000
00000000
00002046
00000000
00000000
00000000
00000000
00000000
00002047
00000000
00002234
00002048
0000473B
00002F29
00002049
00000000
00000000
00000000
0000204A
0000204B
00000000
00000000
00000000
00000000
0000204C
0000204D
00000000
0000204F
00000000
00000000
00000000
00000000
00002050
00000000
000037B1
00000000
00000000
00002052
00000000
00002053
00000000
00002054
00000000
00000000
00000000
00002055
00000000
00000000
00000000
00002056
000027A8
00002057
00000000
00002058
00000000
00000000
0000205A
00004CC8
00000000
00000000
00000000
00000000
00000000
0000205B
0000205C
00000000
00000000
0000205F
00000000
00000000
00002E3B
00000000
00000000
00002062
00002063
00000000
00000000
00000000
00000000
00002065
00000000
00002066
00000000
00000000
00002067
00002069
00000000
00000000
00000000
00000000
000025F3
00000000
00000000
00000000
0000206A
00000000
00000000
0000206B
00000000
0000206C
00000000
00000000
00000000
0000640C
00000000
0000206E
00000000
00000000
00002070
00006FCC
00000000
00002071
00000000
00000000
00000000
00002073
00000000
00000000
00000000
00000000
00000000
00002074
00000000
00000000
00000000
00002075
00002076
00002077
00000000
00000000
00000000
00000000
00002078
00000000
00000000
00000000
00002079
00000000
00000000
00000000
00000000
000055D1
0000207A
0000207B
00000000
00000000
00000000
0000207D
00000000
0000207F
00000000
00002080
00000000
00000000
00000000
00002081
00002083
00000000
00000000
00000000
00000000
00000000
00002084
00000000
00002085
00000000
00000000
00000000
00000000
00000000
00002086
00002088
00000000
00000000
00002089
00000000
00000000
0000208A
00004D91
00000000
0000208B
00000000
0000208C
00000000
00000000
0000208D
00003D6B
00000000
0000208E
00000000
0000208F
00002090
00000000
00000000
00002092
00000000
00002094
00000000
00000000
00000000
00000000
00002095
00000000
0000344B
00002096
000042F1
000072C6
00000000
00000000
00002098
00000000
00000000
00002099
00000000
00000000
0000209A
00000000
00000000
00000000
00000000
0000209B
00000000
00000000
0000209C
00000000
0000209D
00000000
00000000
00000000
00002C28
0000209E
0000209F
00000000
000020A0
00000000
00000000
000020A2
00000000
000020A3
00000000
00000000
00000000
00000000
00000000
000020A4
00000000
00000000
000020A5
00000000
00000000
00000000
000020C2
000020A6
000020A7
00000000
000020A8
00000000
00000000
000020A9
00000000
00000000
000020AA
0000250B
00000000
000020AB
00000000
000020AC
00004337
00000000
00000000
00000000
00000000
00000000
00000000
00000000
000020AD
00000000
00000000
00000000
00000000
00000000
000020AE
00000000
00000000
00000000
000020AF
00000000
00000000
000020B0
000020B2
00000000
000052FD
00000000
000020B3
00000000
00000000
00000000
00000000
000020B4
00000000
000020B5
00000000
00000000
000020B6
00000000
00000000
000020B7
000020B9
00000000
000020BA
000020BB
000020BC
00000000
00000000
00000000
00000000
000020BD
00000000
00004145
00000000
00000000
00000000
00000000
000020BE
00000000
000020BF
00000000
00000000
000020C0
00000000
000020C1
000020C3
000020C4
00000000
00002985
00000000
000020E9
000020C5
000020C6
000020C7
00000000
00000000
00000000
00000000
00000000
000020C8
000020C9
00000000
00002158
00000000
000020CA
00000000
00000000
000020CB
00000000
000020CC
000020CD
00000000
000020CE
00000000
00000000
000020CF
00000000
000020D1
00000000
00000000
000020D2
00000000
000020D3
00000000
00000000
00000000
00000000
000020D4
00000000
00000000
00000000
00002532
000020D7
00000000
00000000
00000000
00000000
000020D8
00000000
00000000
00000000
00000000
00000000
000020D9
00000000
00002953
000020DA
000020DC
000020DD
000020DE
000020DF
000020E1
000020E2
00000000
000020E3
00000000
00005929
000020E4
000020E5
00000000
00000000
00000000
000020E6
00004353
00002962
00000000
00000000
00000000
00000000
000020E7
00000000
00000000
000020E8
00000000
00000000
00000000
000020EA
00000000
00000000
00000000
00000000
000020EB
00000000
00000000
000020ED
00000000
00000000
000020EE
000020EF
00000000
00000000
000020F0
00000000
000020F1
00000000
00000000
000020F2
00000000
00002763
000020F3
000020F4
000020F5
00000000
00000000
000020F6
000020F8
00000000
00000000
00000000
000020F9
000020FA
00000000
00000000
00000000
000020FC
000063FD
00000000
000020FE
00002100
00002103
00000000
00000000
00000000
00002104
00002105
00000000
00000000
00002107
00002108
00000000
00000000
00000000
00000000
00000000
0000210B
00005A95
0000210C
00000000
0000210D
00000000
0000210F
00000000
00000000
00000000
00000000
00000000
00002525
00002111
00002112
00000000
00002113
00000000
00000000
00000000
00000000
00002114
00002119
00002115
00000000
00002116
00000000
00000000
00000000
00002117
00002118
0000211A
00000000
00000000
0000211B
0000211D
00000000
00000000
0000211E
00000000
0000211F
00002120
000049A7
00000000
00000000
00003140
00002121
00000000
00000000
00000000
00000000
00000000
00002122
00002123
00002124
000057B7
00002128
00000000
0000212B
0000212C
00000000
00000000
00000000
00000000
00000000
0000212D
0000212E
00000000
0000212F
00002131
00000000
00000000
00002132
00002133
00003909
00000000
00002134
00002135
00000000
00000000
00002136
00000000
00000000
00002137
00002138
00000000
00000000
00000000
00002139
00000000
00000000
00000000
00000000
00000000
0000213A
00000000
0000213B
00000000
00000000
0000213C
0000213D
00000000
00000000
00000000
00000000
00000000
0000213E
0000213F
00002140
00002141
00000000
00000000
00002143
00002145
00002146
00002147
00000000
00000000
00002149
00000000
00000000
00000000
0000214A
00000000
00000000
0000214F
00002151
00002152
00000000
00000000
00002153
00000000
00000000
00000000
00000000
00000000
00002154
00000000
00000000
00000000
00000000
00000000
00002155
00000000
00002156
00002EE8
00000000
00002157
00002159
00000000
00000000
0000215A
0000215B
0000215D
0000287C
00000000
0000215E
00000000
0000215F
00002160
00002162
00000000
00000000
00002163
00000000
00000000
00000000
00002164
00000000
00000000
00002166
00000000
00000000
00000000
00000000
00000000
00002168
0000216A
00000000
00000000
00006881
00000000
0000216B
0000216C
00000000
0000216E
00005E2E
00000000
00000000
0000216F
00002170
00002171
00000000
00002172
00002173
00000000
000053F9
00000000
00002174
00000000
00000000
00000000
00000000
0000419D
00002175
00000000
00002177
00000000
00000000
0000217A
00000000
0000217C
00000000
00000000
00000000
00000000
00000000
0000217D
0000217E
0000217F
00000000
00000000
00002180
00000000
00000000
00002181
00002182
00000000
00002183
00000000
00000000
00000000
00000000
00000000
00002184
00000000
00000000
00002185
00000000
00000000
0000218C
00003683
00000000
00000000
00000000
0000218D
00000000
00000000
00002ABA
00000000
0000218E
00000000
00000000
00002190
00002191
00000000
00002193
00002194
00000000
00002195
00000000
00002196
00002197
00000000
00002198
00000000
00002199
0000219C
00000000
0000219D
00000000
00000000
00000000
0000219E
0000219F
00000000
00000000
00000000
00004D05
00000000
000021A0
00003082
000021A3
00000000
000021A4
00000000
000021A6
00000000
000021A7
00000000
000021A8
000021A9
00000000
00000000
000021AA
00000000
00000000
000021AC
00000000
000021AE
000021AF
000021B0
000021B2
00000000
00000000
00000000
00002DD1
000021B4
000021B5
00002E73
00000000
000021B7
000021B8
000021B9
00000000
00000000
000021BA
000021BB
00000000
00000000
00000000
000021BC
00000000
00000000
00000000
000021BD
000054D1
00000000
000021BE
00000000
00000000
00000000
000021BF
00000000
00000000
00000000
00000000
00000000
00000000
000021C0
000021C1
00000000
000021C2
00000000
00002F34
000021C3
00000000
000021C4
000021C5
00000000
00000000
00000000
00000000
00000000
00000000
00000000
000021C6
00000000
00000000
000021C7
00000000
000021CA
00000000
00000000
00000000
00000000
000021CB
000021CC
000021CF
000021D0
000021D1
000021D3
00000000
00000000
000021D4
00000000
00000000
00002721
00000000
00000000
00000000
000021D8
00000000
000021D9
00000000
00000000
00000000
00000000
00000000
000021DA
00006E9B
000021DB
00000000
00000000
000021DD
00000000
00000000
000021E0
000021E1
00000000
00000000
00000000
000021E2
00003533
000021E3
00000000
00000000
000021E5
00005190
000021E6
00000000
000021E7
000021E8
00000000
00000000
00003DCD
000021E9
00000000
000021EA
000021EB
00000000
00000000
000021ED
00000000
000021EE
00000000
000021EF
00000000
00000000
00000000
00000000
000021F0
00000000
00000000
00000000
000021F1
00000000
00000000
00005A2C
000021F2
00000000
00000000
000021F3
00002B27
000021F4
00000000
000021F5
000021F6
000021F7
00000000
00000000
000021F8
000021F9
000021FA
00000000
00000000
00000000
00000000
000021FB
000021FC
00000000
00000000
000021FD
00000000
000021FE
000021FF
00002200
00000000
00000000
0000465E
00002201
00002203
00002204
00000000
00002205
00002206
00000000
0000243D
00003355
00002207
00002208
00000000
00000000
0000220A
00004DFA
00000000
00000000
00000000
00000000
0000220B
00006547
0000220C
00000000
00000000
00000000
0000220F
00000000
00000000
00000000
00000000
00000000
00002210
00000000
00000000
00000000
00000000
00002211
00002212
00005307
00000000
00002213
00002215
00002216
00000000
00000000
00000000
00002218
00000000
00002219
00000000
00000000
0000221A
00000000
0000221B
0000221C
00000000
00000000
000032E0
00000000
0000221D
00000000
00000000
00000000
00000000
00000000
00000000
0000221E
00000000
00000000
00000000
00000000
00000000
00000000
00000000
00000000
00000000
0000221F
00000000
00000000
00000000
00002220
00002222
00000000
00002223
0000337F
00002225
00000000
00000000
00000000
00000000
00002226
00000000
00002228
00000000
00000000
00002229
0000222A
00000000
00000000
00004ADB
00000000
00000000
00000000
0000222C
00000000
00000000
0000222D
0000222E
00000000
00000000
00000000
00000000
00000000
00002230
00004C97
00000000
00002231
00000000
00002233
00002237
00000000
00000000
00000000
00003D9A
00000000
00002238
00000000
00000000
00000000
00000000
00002239
0000223A
00000000
00000000
0000223B
000028B0
0000223D
0000223E
0000223F
00000000
00002240
00002241
00000000
00000000
00002242
0000577F
00002243
00000000
00000000
00002244
00003ACD
00000000
00000000
00000000
00002245
00000000
00000000
00000000
00002246
00000000
00000000
00000000
00002247
00000000
00002248
00000000
00000000
00002249
00000000
00000000
0000224A
00000000
00000000
00000000
0000224B
00000000
0000224D
00000000
0000224E
00000000
00000000
0000224F
00002250
00000000
00002252
00002DD9
00006A4B
00000000
00000000
00000000
00000000
00002654
00000000
00002255
00000000
00000000
00002256
00002258
00000000
00000000
00000000
00000000
00000000
00000000
00002259
00000000
00000000
00000000
00000000
0000225A
00000000
00000000
00000000
00000000
00000000
00000000
00000000
00000000
00000000
0000225C
0000225D
00000000
0000225E
0000225F
00000000
00002260
00002261
00002262
00000000
00006179
00002263
00000000
00002264
00000000
00002265
00000000
00000000
00002266
00000000
00002267
00000000
00002268
00000000
00002269
0000226A
00000000
0000226C
00000000
00000000
00000000
0000226D
0000226E
0000226F
00000000
00000000
00000000
00002270
00002271
00002272
00000000
00000000
00000000
00000000
00000000
00002273
00000000
00000000
00002275
00000000
00000000
00002276
00002277
00000000
00000000
00000000
00000000
00000000
00000000
00000000
00002278
00000000
00002279
00000000
00000000
00000000
0000227A
00000000
0000227C
00000000
00000000
0000227D
00000000
00000000
00000000
00000000
00000000
0000227E
0000227F
00000000
00002280
00002282
00000000
00000000
00000000
00000000
00002283
00000000
00002284
00000000
00000000
00002285
00000000
00000000
00000000
00002287
00000000
00000000
00000000
00000000
00002289
0000228A
0000228D
0000228E
0000228F
00000000
00000000
00000000
00002290
00000000
00002291
00000000
00000000
00000000
00000000
00005A1F
00000000
00002292
00000000
00002293
00000000
00000000
00002294
00002295
00002296
00000000
00002297
00000000
00002298
00000000
00002299
0000229A
0000229B
00000000
00000000
0000229C
00000000
00000000
00000000
0000229D
0000229E
0000229F
00000000
000022A0
000022A2
000022A3
000022A4
00003F5C
00000000
000022A5
000022A6
00000000
000022A7
00000000
00000000
00000000
000022AA
000022AC
00000000
000022AD
00000000
00000000
00005040
000022AE
000022AF
00000000
00000000
000022B0
00003425
00000000
000022B1
00000000
00000000
00000000
00000000
00000000
000022B2
00000000
00000000
000022B4
00000000
00000000
00000000
000038EA
00000000
000022B5
00000000
00000000
000022B6
00000000
00000000
00000000
000022B7
000022B8
000022BA
00004A34
00000000
00000000
00000000
00000000
000022BB
00000000
000022BC
00000000
00000000
00000000
00000000
000022BD
00002E22
00000000
000022BE
00000000
000022BF
000032D9
00000000
00000000
00000000
000022C0
000022C1
00000000
00000000
00000000
000022C3
00000000
00000000
00000000
000022C4
00000000
000022C5
000022C7
00000000
000022C8
000022C9
00000000
00000000
000022CA
00000000
00000000
000022CB
000022CC
00000000
00000000
00000000
00002483
000022CE
00000000
000022CF
00000000
000022D0
00000000
00000000
000022D2
00000000
000037E2
000022D4
00000000
00000000
00000000
00000000
00000000
000022D7
00002D6C
000022D8
000022D9
000022DA
00000000
00000000
000022DB
000022DC
0000551E
00003BFE
00000000
000022DD
00006463
000022DE
00000000
00002513
000022DF
00000000
000022E0
00000000
00000000
000022E1
00002E19
00005B43
00000000
00000000
000022E2
00000000
00002A56
00000000
00000000
0000471F
000022E3
00000000
00000000
000022E4
000022E5
00000000
00000000
00000000
000022E7
0000264D
00000000
00000000
00000000
00000000
00000000
00003004
00000000
000022E8
000022E9
00000000
00000000
000022EA
00000000
000022EC
000022ED
00000000
00000000
000022EE
00000000
00000000
00000000
00000000
00000000
00000000
000022F0
000022F2
00000000
00000000
00000000
000022F3
00002BB8
000022F4
00000000
000022F5
00000000
000022F7
00000000
000022F8
000022FA
0000329A
00000000
00000000
000022FB
000022FC
00000000
000022FD
00000000
00000000
000022FE
000022FF
00002300
00000000
00000000
00000000
00000000
00000000
00002301
00002303
00000000
00000000
00000000
00002304
00002305
00000000
00002306
00000000
00000000
00000000
00000000
00000000
00000000
00000000
00000000
00002307
00000000
00003325
00002308
00000000
00000000
00000000
00000000
00000000
00000000
00000000
00000000
00003457
00002309
0000230B
00000000
00000000
0000230C
0000230D
0000230E
0000230F
00000000
00000000
00000000
00000000
00002310
00000000
00002313
00000000
00000000
00002315
00000000
00002316
00000000
00002317
00000000
00000000
00002318
00000000
00000000
00000000
00000000
00000000
00002319
00000000
00000000
0000231A
00000000
00000000
0000231B
00000000
00000000
00000000
00000000
00000000
0000231D
00000000
0000231E
00000000
00000000
00002320
00000000
00000000
00000000
00000000
00002321
00000000
00002322
00000000
00004B64
00002323
00002324
00000000
00002325
00000000
00000000
00000000
00002326
00000000
00000000
00002327
00000000
00000000
00000000
00002328
0000232B
0000232D
00000000
00000000
00000000
0000232F
00000000
00002330
00000000
00000000
00000000
00000000
00000000
00002331
00002332
00005C48
00000000
00002333
00000000
00002334
00002336
00000000
00000000
00002338
00002339
00000000
0000233A
0000233C
00000000
0000233E
0000233F
00000000
00000000
00000000
00000000
00002341
00002342
00002343
00002345
00002346
00000000
00000000
0000234A
0000234C
0000234D
00000000
00000000
0000234E
0000234F
00002350
00002351
00002352
00002353
00002355
00000000
00000000
00000000
00000000
00000000
00002356
00002359
0000235B
00000000
0000235C
00000000
00000000
00000000
0000235D
0000235E
00000000
00000000
00000000
00000000
0000235F
00002360
00002362
00002363
00000000
00002364
00002365
00000000
00000000
00000000
00000000
00002366
00000000
000041F8
00000000
00002367
00002368
00002369
00000000
00000000
0000236A
00000000
00000000
0000236C
00000000
00000000
00000000
00003AF7
00000000
0000236D
00000000
00000000
00000000
0000236E
00000000
00002371
00000000
00000000
00000000
00002372
00000000
00002373
00000000
00000000
00000000
00000000
00004FB6
00002374
00002376
00002379
00000000
0000237A
0000237B
00000000
00000000
00000000
0000237C
00000000
00000000
0000237D
00000000
00000000
00000000
0000237E
00000000
00000000
00000000
00000000
0000237F
00003EFA
00000000
00002380
00005FCC
00002381
00002382
00000000
00002385
00002386
00000000
00000000
00002389
00000000
00000000
00000000
00000000
0000238A
000029EB
000050CF
00000000
0000238C
00000000
00000000
0000238D
00000000
00000000
00002390
00000000
00000000
00002391
000070FD
00000000
00002392
00000000
00000000
00002393
00002394
00002395
00002396
00000000
00002397
000061C0
00002F68
00000000
00000000
00002398
00002399
00000000
0000239A
00005E7C
00000000
0000239B
00000000
00000000
0000239C
00000000
0000239D
00000000
00000000
0000239E
00000000
00000000
0000239F
00000000
00000000
00000000
00000000
00000000
000023A0
000023A1
00000000
000023A2
00000000
000023A3
00000000
00000000
00000000
00002571
000023A4
000023A7
00000000
00000000
00000000
00000000
000023A8
00005282
00000000
000023A9
00000000
00000000
00000000
000023AA
000023AC
00000000
00000000
00000000
00000000
00000000
00000000
00000000
000023AD
00000000
00000000
00000000
00000000
000023AE
00000000
00000000
00000000
00000000
00000000
00000000
00000000
000023AF
00000000
00000000
00000000
00000000
00000000
000023B0
00000000
00000000
00000000
00002EC9
00000000
000023B1
00000000
000023B2
00000000
000023B3
000023B4
00000000
00000000
00000000
000023B5
00000000
00000000
00000000
00000000
000023B7
000023B8
00000000
00000000
000023B9
00000000
00000000
00000000
00000000
00000000
00000000
00000000
00000000
00000000
000023BB
000023BD
00000000
00000000
000023BE
00000000
00000000
000023BF
00000000
00000000
00000000
000023C2
00003BD5
000023C3
00000000
00000000
00000000
000023C4
00002ADD
00000000
00000000
000023C5
0000517F
00000000
00000000
00000000
000023C6
000023C7
00000000
00000000
00000000
00000000
00000000
000023C8
000023C9
000023CA
00000000
00000000
00000000
00000000
00000000
00000000
000023CB
00000000
000023CC
000023CD
000023CE
00000000
000023CF
00000000
00000000
000023D0
000023D1
00000000
000023D2
00000000
00000000
000023D3
00000000
00000000
00000000
00000000
00000000
000023D4
00000000
00000000
000023D5
00000000
000023D6
000023D7
000023D8
00000000
00000000
000023D9
000023DA
00000000
00000000
000023DB
000023DC
00000000
00000000
00000000
000023DD
00000000
00000000
00000000
000023DE
00000000
00000000
00000000
00000000
00000000
00000000
000023DF
00000000
00000000
00000000
00000000
00000000
000023E0
00000000
00000000
000023E1
00000000
00000000
000023E2
00000000
00000000
00000000
00000000
000023E3
00000000
00000000
000023E4
000023E6
00000000
000023E7
00000000
00000000
00000000
00000000
00000000
000023E8
00000000
000023EA
00004E83
00000000
000023EB
000023EC
00000000
00000000
00000000
00000000
00000000
00000000
00005237
00000000
000023ED
00000000
00000000
00000000
000023EE
000023EF
00000000
00000000
000023F0
000023F1
00000000
00000000
00000000
000023F2
000023F3
00000000
00000000
00000000
000023F4
00000000
00000000
000023F5
00000000
00000000
00000000
00000000
00000000
00000000
000023F6
00000000
00000000
00000000
000023F7
00000000
00000000
00000000
000023F8
000023F9
00000000
00000000
000023FA
00000000
00000000
00000000
00000000
000023FB
00000000
00000000
000023FD
000023FE
00005C5F
00002400
00000000
00000000
00002401
00000000
00000000
00000000
00000000
00002402
00002403
00000000
00002404
00000000
00002788
00002406
0000410F
00000000
00000000
00000000
00000000
00000000
00000000
00002407
00002408
00000000
00000000
00004954
00000000
00002409
00000000
0000240B
0000240C
00000000
00000000
0000240D
00000000
00000000
00000000
00000000
00000000
0000240E
00000000
00002411
00000000
00000000
00000000
00002412
00002413
00000000
00000000
00000000
00000000
000072C4
00002415
00000000
00000000
00002416
00005375
00002418
00002419
00000000
0000241A
0000241C
0000241D
00000000
0000241E
00000000
00002420
00000000
00002421
00002423
00000000
00002424
00002425
00002426
00002427
00002428
00000000
00000000
00000000
0000242A
00000000
00000000
000041C8
0000242B
00000000
0000242C
0000242D
00000000
0000242E
0000242F
00002430
00002431
00000000
00002433
00000000
00000000
00002434
00002435
00000000
00000000
00002436
00000000
00000000
00002437
00002438
00002439
0000243A
0000243B
0000243E
00000000
00002440
00002441
00000000
00002442
00000000
00000000
00002443
00000000
00002447
00000000
00002448
00000000
00000000
00000000
00000000
00000000
00000000
00000000
0000244A
00003843
00000000
0000244B
0000244C
0000244D
0000244E
00000000
00000000
00000000
0000244F
00000000
00000000
00002450
00002451
00000000
00002454
00000000
00000000
00002455
00000000
00000000
00002456
00000000
00000000
00002458
0000245A
00000000
00000000
00000000
0000245C
00000000
00002A3B
0000245D
0000245E
00000000
00000000
00000000
00000000
00000000
00000000
00002460
00000000
00000000
00000000
00000000
00000000
00000000
00000000
00002461
00000000
00000000
00000000
00000000
00000000
00000000
00000000
00002463
00000000
00000000
00000000
00000000
00000000
00002465
00000000
00000000
00002466
00002467
00002468
00000000
00000000
00002469
0000246A
00000000
00000000
00000000
0000246C
00000000
00000000
00000000
00000000
0000246D
0000246E
00000000
00000000
00000000
0000246F
00000000
00000000
00002471
00000000
00002472
00000000
0000466D
00000000
00002474
00000000
00002476
0000247A
00005613
00000000
0000395E
0000247B
0000247E
00000000
00000000
0000247F
00000000
00000000
00002480
00002482
00000000
00000000
00000000
00002484
00000000
00000000
00002488
0000248C
00002BE6
00000000
00000000
0000248D
00000000
00000000
0000248F
00000000
00003399
00002490
00000000
00000000
00002491
00000000
00000000
00002492
00000000
00000000
00000000
00000000
00000000
00002494
00000000
00002496
00000000
00000000
00000000
00000000
00002497
00000000
00002498
00000000
00000000
00000000
00000000
00000000
00004006
00002499
00000000
00000000
0000249A
00000000
00000000
00000000
0000249B
0000249C
00000000
00000000
00000000
00000000
00000000
0000249D
0000249E
00000000
00000000
00000000
00000000
00000000
00000000
00000000
000024A0
00000000
00000000
000024A3
00005920
00000000
000024A4
00000000
000024A5
00000000
000024A6
00002C4A
00000000
00000000
00000000
00000000
00000000
000024A7
00000000
000024A8
00000000
00000000
00000000
00000000
000024A9
00000000
000037EC
000024AB
00000000
000024AE
00000000
00000000
000024AF
0000468E
00000000
00000000
000024B0
00000000
000024B1
00000000
000024B2
000024B3
00000000
000063CA
000024B4
00000000
000024B6
00000000
000024B7
00000000
00002AE6
000024B8
000024B9
000024BA
00000000
000024BB
000024BC
00000000
00000000
000024BD
00000000
00000000
00000000
000024BE
0000474F
00000000
00000000
000028A7
000024C0
00000000
00000000
000024C2
000024C3
00000000
00000000
00000000
00000000
00002D4E
000024C4
000024C6
00000000
000024C7
00000000
000024C8
00000000
00000000
00000000
000070AD
00000000
000024C9
000024CA
00000000
00000000
00000000
000024CB
000024CC
000046DA
00000000
000024CD
00000000
00000000
000024CE
00000000
00000000
000024CF
00000000
000024D0
000024D1
000024D2
00000000
00000000
000024D3
00000000
00000000
00003EC0
00000000
000024D4
0000281F
000024D5
00000000
00000000
00000000
00000000
00000000
00000000
000024D6
00000000
000024D7
00000000
00000000
00000000
00000000
000024D8
000072D1
00000000
00000000
00000000
000024D9
00000000
00000000
00000000
00000000
00000000
00000000
000024DA
000024DB
00000000
00000000
00000000
000024DD
00002FC2
000024DF
000024E0
00000000
00000000
00000000
000024E1
00000000
000024E2
00000000
00000000
000024E3
00000000
00000000
00000000
000024E4
00000000
000024E5
0000351A
00000000
00000000
000024E6
00000000
000024E8
0000465C
000024E9
00000000
000024EA
00000000
00000000
000024EB
00000000
00000000
000024EC
000024F2
00000000
00000000
000024EE
000024EF
000024F0
000066FB
000024F1
00000000
000024F3
000024F4
00000000
000024F5
00000000
00000000
00000000
000024F6
00000000
00000000
00000000
000024F8
000024F9
000024FA
000064FA
000024FB
00000000
00006484
00000000
000024FD
00000000
00000000
000024FE
00000000
00002500
00004B84
00000000
000043EC
00002501
00000000
00002502
00002503
00000000
00000000
00002504
00000000
00000000
00000000
00000000
00000000
00002505
00000000
00002506
000028DB
00000000
00002507
00002508
00000000
00000000
00000000
00000000
00000000
00002509
000025F0
00000000
0000250A
0000250C
0000250D
0000250E
00000000
0000450A
00000000
00000000
00000000
0000250F
00002511
00000000
00002512
00000000
00000000
00000000
00000000
00002514
00000000
00000000
00000000
00002515
00002516
00000000
00000000
00000000
00002517
00000000
0000251B
000048F5
0000251C
0000251D
00000000
00000000
0000251F
00000000
00000000
00000000
00000000
0000599D
00002520
00002521
00000000
00000000
00000000
00000000
00002522
00002524
00000000
00002527
00002528
00000000
00000000
00000000
0000252A
00000000
00000000
0000252D
00000000
00000000
00000000
00002E70
00000000
0000252F
00000000
00002530
00000000
00004C2D
00000000
00000000
00002534
00000000
00002535
00002536
00002538
00000000
00000000
00002539
00000000
0000253B
0000253C
000026A7
00000000
0000253D
00000000
0000253E
0000253F
00000000
00000000
00002540
00002541
00002542
00002543
00000000
00000000
00002544
00006EC7
00000000
00000000
00002546
00000000
00000000
00000000
00002549
00000000
00000000
00000000
0000254A
0000254B
00000000
00000000
00000000
0000254C
00000000
0000254D
00000000
0000254E
0000254F
00002550
00002551
00000000
000042E8
00000000
00002552
00002554
00000000
00002555
00002556
00002557
00000000
00000000
00000000
00002558
00002559
00000000
00000000
0000255A
00000000
00000000
00000000
00000000
00000000
00000000
00000000
0000255B
00000000
00000000
0000255C
0000255D
0000255F
00000000
00000000
00002560
00000000
00000000
00000000
00002561
00003A20
00000000
00002563
00000000
00000000
00000000
00002564
00002566
00000000
00000000
00000000
00000000
00000000
00000000
00000000
00002567
00006EBE
00000000
00002568
00000000
00000000
00002569
00000000
0000256A
00003119
00000000
00000000
00000000
00000000
0000256B
00000000
00000000
00000000
00000000
0000256C
00000000
0000256E
0000256F
00000000
00000000
00000000
00002570
00000000
00002572
00000000
00002574
00002576
00000000
00000000
00002577
00002578
00000000
000035DB
00000000
00002579
0000257A
00000000
00000000
00000000
00000000
00000000
00000000
00000000
0000257B
00000000
00000000
00000000
00000000
0000257C
0000257D
00000000
0000257E
0000257F
00003692
00000000
00000000
00002580
00000000
00000000
00000000
00002581
0000509A
00000000
00000000
00002582
00000000
00000000
00000000
00000000
00000000
00000000
00002583
00002584
00000000
00000000
00002585
00000000
00000000
00000000
00002586
00000000
00003212
00002587
00000000
00000000
00000000
00002588
00004B98
00000000
00000000
00000000
00002589
00000000
0000258B
0000258C
00000000
0000258D
00000000
00000000
0000258E
00000000
00000000
0000258F
00002590
00000000
00002592
00000000
00002593
00002594
00000000
00000000
00002595
00002596
00002598
00002599
00000000
00000000
00000000
0000259B
00000000
0000259E
0000259F
00000000
00004E61
00000000
00000000
000025A0
00000000
00002988
000025A1
00000000
00000000
00000000
00000000
000025A2
00000000
00000000
000025A3
00000000
000025A4
00000000
00000000
00000000
000025A5
00000000
00000000
00000000
00000000
00000000
00000000
000025A6
000025A7
00000000
00000000
000025A8
00000000
00000000
000025A9
000025AA
00000000
00000000
000025AB
000025AD
000025AE
00000000
00000000
00000000
00000000
000025AF
00000000
000025B1
00000000
00000000
000025B3
00000000
000025B4
00000000
00000000
00000000
00000000
00000000
000025B5
00000000
000032C9
00000000
000025B7
000025B8
000025B9
000048B3
00000000
000025BA
00000000
00000000
000025BB
00000000
00000000
000025BC
000025BD
00000000
00000000
00000000
00000000
00000000
000025BE
00000000
000025BF
00002EDD
00000000
00000000
00000000
00000000
00000000
000025C0
000025C1
000025C2
00000000
000025C3
000025C4
00000000
000025C5
00000000
00000000
000025C6
00000000
00000000
000025C7
00000000
00000000
000025C8
00000000
00000000
000025C9
00000000
00000000
000025CA
00000000
000025CB
00000000
000025CC
00000000
00000000
000025CD
00000000
00000000
00000000
000025CE
00000000
000025CF
000072A3
00000000
00000000
00000000
000025D2
000025D3
00000000
00000000
00000000
00000000
00000000
000025D4
00000000
000025D5
00000000
000025D7
00000000
000025D9
00000000
00000000
00000000
00000000
00000000
00000000
000025DA
000025DD
00000000
00000000
000025DE
00000000
00000000
000025E0
000025E2
000025E4
00000000
00000000
000025E5
0000526D
00000000
000025E6
000025E8
000025E9
00000000
000025EC
00000000
00000000
00000000
00000000
000025EE
000025F1
00000000
00000000
00000000
00000000
00000000
000025F2
00002FF5
00000000
00000000
000025F4
00000000
00000000
00000000
00000000
000025F5
000025F6
00000000
00000000
00000000
000025F7
000025F8
00000000
000025F9
000025FA
00000000
00000000
00000000
00000000
000025FB
00000000
00000000
00000000
00000000
00002FA8
000025FD
00000000
000025FE
00000000
00000000
000025FF
00000000
00000000
00003783
00002600
00002601
00002602
0000392B
00000000
00000000
00000000
00000000
00002603
00000000
00000000
0000482F
00000000
00000000
00002604
00000000
00002605
00000000
00002606
00002607
00002608
0000260A
00000000
00000000
0000260C
0000260D
0000260E
0000260F
00002610
00002611
00003F9B
00000000
00000000
00000000
00000000
00002612
00000000
00000000
00002613
00002615
00000000
00002616
00002617
00002618
00000000
00000000
00002619
000048A2
00000000
0000261A
0000261B
00000000
00000000
0000261C
00000000
00000000
00000000
00000000
00000000
00000000
0000261D
00002620
00002622
00000000
00000000
00002623
00000000
00002624
00002627
00000000
00002628
000044C7
0000262A
0000372B
00000000
00000000
00000000
00000000
0000262B
0000262C
00000000
0000262D
00000000
00000000
00000000
0000262E
00000000
00000000
0000262F
00000000
00000000
00000000
00002630
00000000
00000000
00000000
00000000
00000000
00000000
00002632
00000000
00000000
00000000
00002634
00000000
00000000
00002636
00002637
00000000
00002638
00002639
0000263A
00000000
00000000
00000000
00000000
00000000
00000000
0000263B
00000000
00000000
00000000
00000000
0000263C
0000263D
0000263E
00002642
00003EE0
00000000
00002643
00002644
00002645
00000000
00000000
00002646
00002647
00002648
00005716
00000000
00002649
0000264A
00000000
00000000
0000264B
0000264C
00000000
0000264E
0000264F
00000000
00000000
00002651
00000000
00002652
00000000
00000000
00002653
00002655
00000000
00002656
00002657
00000000
00000000
00000000
00000000
00002659
00000000
00000000
0000353F
0000265B
0000265C
00000000
00000000
00000000
0000265E
00000000
00000000
00000000
0000265F
00000000
00000000
00000000
00000000
00002660
00000000
00002662
00002664
00000000
00000000
00002665
00004C62
00000000
00000000
00000000
00000000
00000000
00002666
00000000
00002667
00000000
00002668
00000000
00002669
00000000
00000000
00000000
0000266B
00000000
00000000
0000266C
0000266D
00000000
00000000
00000000
00000000
00000000
0000266E
0000266F
00002670
00002671
000048A4
00002672
00000000
00000000
00000000
00000000
0000566D
00000000
00002673
00000000
00000000
00002674
00000000
00000000
00000000
00005533
00002675
00000000
00000000
00002676
00007077
00002677
00002678
00002679
00000000
0000267A
0000267B
0000267C
00000000
00000000
0000267D
00000000
00000000
0000267E
00000000
0000267F
00000000
00000000
00000000
00000000
00002681
00000000
00000000
00002682
00000000
00000000
00000000
00000000
00000000
00000000
00002683
00000000
00000000
00000000
00002684
00000000
00002685
00000000
00000000
00000000
00002686
00000000
00000000
0000268A
00000000
00000000
00000000
00000000
00000000
00000000
0000268B
00000000
0000268C
00000000
00000000
0000268E
00000000
00000000
00000000
0000268F
00002690
00002691
00002692
00004530
00002693
00000000
00000000
00002694
00002695
00000000
00000000
00002697
00002699
00000000
00003A84
00000000
00000000
0000269A
0000269B
00000000
00000000
00000000
00000000
0000269C
00000000
00000000
00000000
00000000
0000269D
00000000
00000000
0000269E
0000269F
000026A1
000026A3
000026A5
00000000
000026A6
00000000
00000000
00000000
00000000
00000000
00000000
000026A8
000026A9
00000000
00000000
000026AA
00000000
00002DEF
000026AB
00000000
00000000
000026AC
00000000
000026AD
00000000
000026AE
00000000
00000000
000026AF
00000000
000026B0
00000000
000026B2
00000000
00000000
00004ABF
00000000
00000000
00000000
000026B3
00000000
00000000
00002C6F
000026B4
000026B5
00000000
00003AC4
000026B9
00000000
00000000
000026BA
000026BB
000026BC
0000488F
0000481F
00000000
00000000
00000000
000026BD
000026BE
000026BF
00000000
00000000
00000000
000026C0
00000000
00000000
00000000
00003DDA
000026C1
00000000
000026C3
000026C4
00000000
000026C5
000026C6
000026C7
00000000
000026C8
000026C9
000026CA
000026CB
00000000
000026CD
00000000
00000000
00000000
00000000
000026CE
00000000
00000000
00000000
00000000
000026CF
00000000
00000000
000026D0
000026D1
000026D2
00004272
00000000
000026D3
00000000
000026D4
000026D5
00000000
000026D6
00000000
00000000
00000000
000026D7
00000000
00000000
000026D9
00000000
00000000
000026DA
00000000
00000000
000026DB
000026DC
00000000
00000000
00000000
000026DD
00000000
000026DE
00000000
00000000
00000000
00000000
00000000
000026DF
00000000
000026E0
00000000
00000000
0000651F
00000000
000026E3
00000000
000026E5
00000000
000026E7
00005425
00000000
00000000
00000000
00000000
000026E8
000026EA
000048F0
00000000
00000000
00000000
00000000
000026EB
00000000
00004374
00000000
00000000
000026EC
000026ED
00000000
00000000
00000000
00000000
00000000
000026EF
00000000
000026F0
00000000
00000000
00000000
00000000
00000000
00003AD7
00000000
000026F1
00000000
00000000
000026F2
00000000
00000000
000026F3
000026F4
00000000
00000000
000026F5
00000000
00000000
000026F6
00000000
000026F7
00000000
00000000
00000000
00000000
00000000
000026F8
00000000
000026F9
000026FA
00000000
00000000
00000000
000026FB
000026FC
00000000
00000000
00000000
000026FD
00000000
00000000
00000000
00000000
00002700
00002701
00000000
00002703
00002704
00000000
00000000
00000000
00000000
00000000
00002705
00000000
00000000
00002706
00000000
00002707
00000000
00000000
00002708
00002709
00000000
00000000
00000000
0000270A
00000000
00000000
00000000
0000270B
00000000
0000270C
00000000
0000270D
0000270E
00000000
00000000
00000000
0000270F
00000000
00005AF9
00002710
00000000
00002711
00002712
00002713
00000000
000065E9
00000000
00002714
000043CD
00000000
00002715
00002716
00002718
00000000
00002719
0000271B
00004719
0000271C
00000000
00000000
00000000
00000000
0000271D
0000271E
00000000
00000000
0000271F
00000000
00000000
00000000
00002720
00000000
00002722
00002723
00000000
00002725
00000000
00000000
00000000
00002726
000030C2
00000000
00000000
00000000
00000000
00002729
0000272A
00000000
00000000
00000000
00000000
00000000
0000272B
0000272C
00000000
0000272D
00000000
00000000
00000000
0000272E
00000000
00000000
00000000
0000272F
00000000
00002730
00006083
00000000
000070D7
00000000
00002731
00000000
00002732
00002733
00000000
00002734
00002735
00002736
00000000
00000000
00000000
00000000
00000000
00002737
00000000
00000000
00002738
00000000
00000000
00002739
00000000
00000000
00003210
0000273A
00000000
0000273B
0000273C
00000000
0000273D
00000000
00000000
00000000
0000273E
00002740
00000000
00002741
00000000
00000000
00000000
00000000
00002743
00002745
00000000
00002748
0000274A
00000000
00000000
00000000
0000274B
00000000
00000000
0000274C
00000000
00000000
00000000
00000000
0000274D
00000000
00000000
00000000
00000000
0000274E
00000000
000035CE
0000274F
00000000
00002750
00000000
00000000
00000000
00000000
00002751
00000000
00000000
00002752
00000000
00002753
0000556F
00000000
00000000
00000000
00000000
00000000
00000000
00000000
00000000
00002754
00002755
00000000
00002E4C
00000000
00002756
00002757
00000000
00000000
00000000
00000000
00000000
00000000
00002758
00002759
0000275B
00000000
0000275C
00000000
00000000
00000000
0000275D
00000000
0000275E
0000275F
00005DF5
00000000
00000000
00000000
00002760
00002761
00000000
00002762
00002764
00002768
00000000
00000000
00000000
00000000
00002769
0000276A
0000276E
0000276F
00002770
00000000
00002771
00000000
00000000
00002772
00002773
00002774
00000000
00000000
00000000
00002775
00000000
00000000
00000000
00002EF9
00000000
00000000
00000000
00000000
00002776
00000000
00000000
00000000
00002777
00000000
00002C12
00000000
00002778
0000277A
00000000
0000277B
00000000
00000000
00000000
0000277C
00000000
00000000
0000277D
00000000
00000000
00000000
00002780
0000288C
00000000
00000000
00000000
00006038
00002781
00002782
00002783
00000000
00000000
00000000
00000000
00000000
00002784
00000000
00000000
000053C8
00002785
00002786
00000000
00000000
00000000
00002787
00000000
00000000
00000000
00000000
00002789
00000000
00000000
0000278A
00000000
0000278C
0000278D
00000000
00000000
0000278E
00002792
00000000
00002793
00000000
00002794
00000000
00000000
00000000
00000000
00000000
00000000
00000000
00002795
00002796
00007253
00000000
00002797
00000000
00000000
00002799
00000000
00000000
00000000
0000279A
0000279C
00000000
00000000
00000000
0000279D
00000000
0000279E
00000000
00000000
00000000
00000000
000027A0
000027A1
00000000
00000000
00000000
00000000
00000000
000027A2
000027A4
00000000
000027A5
000027A6
000027A7
000027A9
000027AA
00000000
00000000
00004490
00000000
000027AB
00000000
00000000
000027AC
000027AD
000027AE
00000000
00003194
000027AF
00000000
000027B0
00000000
00000000
00000000
00002F49
00000000
000027B1
00000000
00000000
000027B2
000027B3
00002EAC
000027B4
00000000
00000000
00000000
00000000
000027B5
000027B6
00000000
00000000
000027B7
000027B8
00000000
00000000
000027BA
00000000
00000000
00000000
00000000
000027BB
00000000
00000000
00003E8E
00000000
000027BD
00000000
00000000
00000000
00000000
00000000
000047F6
000027BE
000027C0
000027C2
00000000
00000000
000027C4
00000000
00000000
00000000
000027C5
000027C7
000027C8
000027C9
00000000
00000000
000027CA
00000000
000027CB
00000000
000027CC
00000000
00004E1A
00000000
000027CE
00000000
00000000
00000000
00000000
00000000
00000000
000027CF
00002ADE
00000000
000027D0
00000000
00000000
00000000
00000000
00000000
00000000
000027D1
00000000
00000000
00000000
00000000
000027D2
000027D3
00000000
00000000
000027D6
00000000
000027D8
00000000
00000000
000027D9
000027DA
00000000
000027DB
00004236
00004604
00000000
00000000
000027DC
000027DD
00000000
000027DE
00000000
00000000
000027E0
00000000
00000000
000027E1
000027E3
000027E4
00000000
00000000
00000000
000027E5
00000000
00000000
00000000
000027E7
00000000
000027E8
000027E9
00000000
00000000
000027EA
00000000
00000000
00000000
000027EB
000027EC
00000000
00000000
00000000
00000000
00000000
000027ED
000027F1
00000000
00000000
00000000
00000000
00000000
000027F2
00000000
00000000
00000000
00000000
00000000
000027F3
000027F5
000027F7
00000000
00000000
00000000
000027F8
00000000
00000000
000027F9
000027FA
00000000
00000000
000027FD
000027FE
00000000
00000000
00000000
000027FF
00002800
00000000
00002801
00002803
00000000
00000000
00002806
00002807
00000000
00000000
00000000
00002808
00000000
00002809
00000000
00000000
00000000
00002A09
00000000
0000280B
00000000
00003C0F
0000280C
0000280E
0000280F
00002810
00002811
00000000
00000000
00002815
00000000
00000000
00002816
00000000
00002817
0000281A
00000000
0000281B
0000281C
0000281D
00002820
00000000
00000000
00002822
00000000
00000000
00000000
00000000
00002823
00000000
00000000
00000000
00002824
00000000
00002825
00002827
00002829
00000000
0000282A
0000282B
00000000
00000000
00000000
00000000
00002E49
0000282C
0000282F
00000000
00002831
00000000
00002832
00000000
00000000
00000000
00002833
00002834
00000000
00002835
00000000
00002836
00000000
00000000
00000000
00000000
00002838
00000000
00000000
00002839
00004DDF
00000000
0000283A
0000283B
00000000
00000000
0000283C
00000000
00000000
00000000
00000000
0000283D
00000000
00000000
00000000
0000283E
00000000
00000000
00000000
0000283F
00000000
00000000
00002840
00000000
00000000
00000000
00000000
00002841
00002842
00000000
00000000
00000000
00000000
00002843
00000000
00000000
00002844
00000000
00002845
00002846
00000000
00002847
00002849
0000284A
0000284B
00000000
00000000
00000000
0000284C
00000000
0000284D
00000000
00000000
00000000
00000000
0000284E
00000000
0000284F
00000000
00002850
00000000
00000000
00000000
00002851
00000000
00000000
00002D80
00000000
00002853
00000000
00000000
00002854
00002856
00000000
00000000
00000000
00000000
00002857
00000000
00000000
00002858
00000000
00002859
00000000
00000000
00000000
0000285A
0000285B
0000285C
0000285D
00000000
00000000
00000000
0000285E
00004BC3
0000285F
00000000
00000000
00000000
00002860
00000000
00002861
00000000
00002862
00000000
00000000
00000000
00000000
00000000
00000000
00002863
00002864
00000000
00000000
00000000
00000000
00003DA2
00002865
00002866
00000000
0000481A
00002869
0000286B
00000000
00000000
0000286C
0000286D
00000000
0000286E
00000000
0000286F
00002870
00000000
00002871
00000000
00000000
00002873
00000000
00002875
00002876
00002878
00000000
00002879
00000000
00000000
0000656E
00000000
00000000
00000000
0000287B
0000287D
0000287E
00000000
00000000
00002880
00002881
00000000
00000000
00000000
00003289
00002882
00000000
00002884
00000000
00000000
00002885
00000000
00002887
00000000
00000000
00000000
00002889
00000000
00000000
00000000
00000000
0000288A
00000000
00000000
00000000
0000288B
00000000
00000000
0000288E
00002891
00000000
00000000
00006A46
00000000
00000000
00002892
00000000
00000000
00000000
00002893
00000000
00000000
00000000
00002894
00002895
00002896
00002897
00000000
00000000
00002898
00002DEC
00002899
00000000
0000289A
00000000
000029A7
0000289B
00000000
0000289C
00000000
00000000
0000289D
00000000
00000000
00000000
00000000
00000000
0000289E
00000000
00000000
00000000
0000289F
00000000
00000000
00000000
00000000
00000000
00000000
000028A0
00000000
000028A1
000028A2
00000000
00000000
000028A3
000028A5
00000000
00000000
00000000
00000000
00000000
000028A6
00000000
000028A9
00000000
00000000
000028AA
00000000
000028AB
00003F7E
00000000
000028AC
000028AD
00000000
00000000
00000000
000028AE
000028B1
00005584
000028B2
00000000
000028B4
000028B7
000028B9
00000000
00000000
0000375B
00000000
000028BA
00000000
000028BC
00000000
00000000
00000000
00000000
00000000
000028BD
00000000
00000000
00000000
000028BE
000028C0
000028C1
00000000
000028C2
000028C3
00004257
000028C5
000028C6
000028CA
00000000
00000000
00000000
000028CB
000028CC
00000000
00000000
000028CD
00000000
000028CF
00000000
00000000
000028D1
00000000
00000000
000028D4
000028D5
00000000
000028D6
00006975
00000000
00002B8B
000028D7
00000000
00000000
000028D8
000028D9
000028DD
00002A0E
00000000
00000000
00000000
00000000
00000000
000028DE
00000000
00000000
000028E1
000028E2
00000000
00000000
000028E3
00000000
00000000
00000000
000028E4
00000000
00000000
00000000
00000000
000028E5
00000000
00000000
00000000
000028E6
00000000
00000000
00005131
000028E7
00000000
000028E9
00000000
00000000
00000000
000028EA
00000000
00000000
00000000
000028EB
000028EC
00000000
00000000
00000000
00000000
000028ED
000028EE
00000000
000028EF
00000000
000028F0
000028F1
000028F2
000028F5
000028F7
000028F9
000028FA
000028FB
00000000
00000000
00000000
000028FC
00000000
00000000
00000000
00000000
000028FD
00002A62
00000000
000028FE
00000000
00000000
00000000
00000000
0000616B
000028FF
00000000
00002902
00000000
00000000
00002903
00000000
00002904
00000000
00002905
00000000
00000000
00000000
00002906
00000000
00002907
00002908
00002909
0000290B
00000000
00000000
00000000
0000290C
0000290F
00000000
00000000
00000000
00002910
00000000
00002913
00000000
00000000
00000000
00002914
00000000
00002915
00002916
00000000
00000000
00000000
00000000
00002917
00000000
00000000
00000000
00002918
00000000
00000000
00000000
00000000
0000291A
00000000
00000000
0000291B
00000000
00000000
00000000
00000000
00000000
0000291D
00000000
00000000
00000000
0000444A
00000000
00002920
00002921
00000000
00000000
00000000
00002922
00000000
00000000
00000000
00000000
00000000
00002923
00000000
00000000
00000000
00002925
00000000
00002926
00000000
00000000
00002927
00000000
00002929
00000000
00000000
0000292A
00000000
00000000
00000000
0000292B
0000292C
00000000
00004EC2
00000000
00000000
00000000
0000292D
0000292F
00002930
00002931
00002932
00000000
00000000
00002933
00002934
00000000
00000000
00002935
00002936
00000000
00002937
00000000
00000000
00002938
00000000
00000000
00002939
00000000
00000000
00000000
00000000
0000293A
0000293B
00000000
00000000
0000293D
0000293E
00000000
00002940
00000000
00000000
00002941
00000000
00000000
00002942
00002943
00000000
00000000
00002944
00000000
00000000
00002945
00002946
00002947
00000000
00000000
00002948
00000000
00000000
00002949
0000464B
0000294A
00000000
0000294B
00004CC5
0000294C
0000294D
0000294F
00000000
00000000
00000000
00002950
00000000
00000000
00002952
00000000
00000000
00000000
00000000
00002956
00002957
00000000
00000000
00002A50
00002958
00000000
00000000
00000000
00000000
00000000
00002959
00000000
0000295B
0000295C
00000000
00000000
00000000
00000000
0000295D
00000000
0000295E
00000000
00000000
0000295F
00002960
00002963
00002964
00000000
00002965
00000000
00002967
00000000
00002969
00000000
0000549A
0000296A
0000296C
00000000
0000296D
00000000
00000000
00000000
000040E9
0000296F
00000000
00002970
00000000
00002973
00000000
00002974
00002975
00002976
00000000
00000000
00000000
00002977
00002978
00000000
00000000
00000000
00000000
00002979
00000000
00000000
0000297A
0000297C
00003258
00000000
00000000
0000297D
00000000
00000000
00000000
00000000
00000000
0000297E
00000000
00000000
00002981
00002983
00000000
00000000
00000000
00002984
00002986
00002989
00000000
0000298A
00000000
00000000
00000000
0000298B
0000298C
0000298D
0000298E
0000298F
00000000
00002990
00002991
00000000
00006CB2
00002992
00002993
00000000
00000000
00002994
00000000
00000000
00002996
00002997
00000000
00002998
00000000
00000000
0000299C
00000000
0000299D
00000000
00000000
00000000
0000299F
00000000
00000000
000029A0
000029A1
000029A3
00000000
00000000
000029A4
00000000
000029A5
00000000
000029A6
00000000
000029AA
000029AC
00000000
00000000
00000000
00000000
00000000
00000000
00000000
000029AD
00000000
00000000
00000000
00000000
00000000
00000000
00000000
000029AE
000029B1
00000000
00000000
000029B2
00000000
00000000
00000000
000029B3
000029B4
000029B5
000029B6
000029B7
000029B8
00000000
000029B9
000029BA
00000000
00000000
000029BB
00000000
000029BC
00000000
000029BD
00000000
00000000
000029BF
00000000
00000000
000029C0
000029C1
00000000
000029C2
00000000
00000000
00000000
000029C3
00000000
00000000
00000000
000029C4
00000000
00000000
000029C5
00000000
00000000
00000000
00000000
00000000
000029C6
000029C9
00000000
00000000
00000000
00000000
00000000
00000000
000029CB
000029CC
00003AAC
000029CE
00005AC1
000029CF
000029D0
000029D1
000063EB
000029D2
000029D3
00000000
00000000
00000000
00000000
000029D5
000029D6
00000000
00000000
00000000
00000000
00000000
000029D8
00000000
000029D9
00000000
00000000
00000000
000029DA
000029DB
00000000
000029DC
00000000
000029DD
00000000
00000000
00000000
00000000
00000000
000029DE
000029E0
00000000
00000000
00000000
00000000
000029E1
00000000
000029E3
00000000
00000000
00000000
00000000
000029E4
00000000
00000000
000029E5
00003BBB
000029E6
00000000
000029E8
000029E9
00005DA8
000029EA
00000000
00000000
000029ED
000029EE
00003662
000029F1
00000000
00005472
000029F2
00000000
00000000
000029F3
000029F4
000029F5
000029F6
00000000
000029F7
00000000
00000000
00000000
00000000
00000000
00000000
00000000
000029F8
00000000
00000000
00000000
000029F9
000029FA
00000000
00000000
000029FB
00000000
00000000
00000000
00000000
000032E8
000029FC
00000000
000029FD
0000301C
00000000
00000000
000029FE
000029FF
00000000
00005E8B
00000000
00000000
00000000
00002A00
00002D3F
00002A02
00002A04
00000000
00002A05
00000000
00000000
00002A06
00000000
00000000
00000000
00002A07
00002A0B
00000000
00002A0C
00000000
00000000
00000000
00000000
00000000
00000000
00002A0D
00000000
00000000
00002A0F
00000000
00002A11
00000000
00002A12
00000000
00000000
00000000
00000000
00000000
00002A13
00000000
00000000
00002A15
00002A16
00000000
00000000
00002A17
00000000
00002A18
00000000
00000000
00000000
00000000
00002A19
00000000
00002A1A
00000000
00002A1B
00000000
00002A1C
00000000
00002A1D
00000000
00002A1F
00002A20
00000000
00002A21
00000000
00000000
00002A22
00000000
00000000
00002A23
00000000
00002A24
00000000
00002A25
00000000
00002A27
00000000
00000000
00002A28
00000000
00000000
00000000
00002A29
00000000
00000000
00000000
00002A2A
00000000
00002A2B
00000000
00000000
00000000
00000000
00002A2C
00000000
00000000
00002A2E
00000000
00000000
00002A2F
00002A31
00002A32
00000000
00000000
00000000
00002A34
00000000
00000000
00000000
00002A35
00000000
00000000
00000000
00000000
00000000
00000000
00000000
00002A36
00000000
00000000
00002A37
00000000
00000000
00002A38
00000000
00000000
00000000
00002A39
00000000
00000000
00000000
00000000
00000000
00002A3C
00000000
00000000
00000000
00002A3D
00002A3F
00000000
00000000
00000000
00000000
00002A40
00000000
00000000
00000000
00000000
00002A41
00000000
00000000
000044CC
00002F37
00002A45
00000000
00002A46
00002A47
00002A4A
00000000
00000000
00000000
00000000
00000000
00000000
00000000
00002A4B
00000000
00000000
00000000
00000000
00000000
00000000
00000000
00000000
00002A4C
00000000
00004451
00000000
00002A4D
00002A4F
00000000
00000000
00000000
00002A51
00000000
00000000
00002A52
00002A53
00000000
0000480D
00002A54
00000000
00000000
00000000
00000000
00002A55
00000000
00000000
00000000
00002A57
00002A58
00000000
00002A5A
00000000
00002A5B
00002A5C
00002A5D
00000000
00000000
00002A5E
00002A5F
00002A61
00000000
00000000
00002A63
00000000
00002A65
00000000
00002A67
00002A69
00000000
00002A6A
00000000
00000000
00002A6B
00003181
00000000
00000000
00002A6C
00000000
00002A6E
00000000
00000000
00002A6F
00000000
00002A70
00000000
00002A71
00000000
00000000
00000000
00002A72
00002A74
00000000
00000000
00002A75
00002A76
00000000
00000000
00004A57
00000000
00000000
00002A77
00002A78
00002A79
00000000
00000000
0000423F
00000000
00002A7A
00002A7C
00000000
00000000
00002A7D
00000000
00002A7E
00000000
00002A7F
00000000
00000000
00002A81
00000000
00002A83
00006B41
00000000
00002A84
00000000
00000000
00000000
00002A85
00000000
00000000
00002A86
00000000
00000000
00002A88
00000000
00000000
00002C4D
00000000
00002A89
00000000
00000000
00000000
00000000
00005BAD
00000000
00002A8A
00000000
00000000
00005733
00002A8B
00000000
00002A8C
00002A8E
00000000
00000000
00000000
00002A90
00002A91
00002A92
00002A93
00002A94
00004DA3
00002A95
00000000
00000000
00002A96
00000000
00000000
00000000
00002A97
00000000
00002A98
00002A99
00002A9A
00000000
00000000
00002A9B
00000000
00000000
00000000
00000000
000044DA
00002A9C
00000000
00000000
00000000
00006A87
00000000
00002A9D
00000000
00000000
00002A9E
00000000
00000000
00000000
00002A9F
00000000
00000000
00002AA0
00000000
00000000
00000000
00000000
00002AA1
00002AA2
00000000
00000000
00000000
00000000
00000000
00002AA3
00002AA4
00000000
00000000
00002AA5
00000000
00000000
00002AA6
00002AA7
00002AA8
00000000
00002AA9
00002AAA
00002AAB
00002AAD
00000000
00000000
00000000
00000000
00002AAE
00002AB0
00000000
00000000
00002AB3
00000000
00000000
00000000
00002AB5
00002AB6
00000000
00002AB7
00002AB9
00002ABC
00000000
00002ABD
00000000
00000000
00000000
00000000
00002ABE
00000000
00000000
00002ABF
00000000
00000000
00000000
00002AC0
00002AC1
00000000
00000000
00000000
00000000
00000000
00002AC2
00000000
00002AC3
00002AC4
00002AC5
00000000
00000000
00002AC6
00002AC7
00000000
00000000
00000000
00000000
00002AC8
00000000
00000000
00000000
00000000
00000000
00002AC9
00002ACA
00002ACB
00000000
00000000
00002ACC
00000000
00002ACF
00002AD0
00002AD1
00002AD2
00005A8A
00000000
00002AD3
00000000
00002AD4
00000000
00002AD5
00000000
00000000
00002AD6
00000000
00000000
00000000
00000000
00002AD8
00000000
00002AD9
0000361C
00000000
00000000
00002ADA
00000000
00000000
00000000
00002ADB
00000000
00002ADC
00002AE1
00002AE2
00002AE3
00002AE5
00000000
00000000
00002AE7
00000000
00000000
00002AE8
00002AEA
00002AEB
00000000
00000000
00000000
00000000
00002AEC
00000000
00002AED
00000000
00000000
00002AEE
00000000
000031CB
00000000
00002AEF
00002AF3
00000000
00000000
00002AF4
00000000
00000000
00002AF6
00000000
00000000
00002AF7
00000000
00000000
00002AF8
00000000
00000000
00002AFA
00000000
00000000
00000000
00000000
00002AFB
00002AFC
00002AFE
00002AFF
00000000
00000000
00000000
00000000
00000000
00002B01
00002B02
00000000
00000000
00002B03
00006C8C
00000000
00000000
00000000
00000000
00004BF4
00002B05
00002B06
00002B07
00000000
00002B08
00000000
00000000
00000000
00002B09
00000000
00000000
00002B0A
00000000
00002B0B
00000000
00002B0D
00000000
00003A43
00000000
00000000
00002B0F
00002B10
00000000
00000000
00002B12
00000000
00000000
00002B14
00002B16
00000000
00002B18
00000000
00002B19
0000432B
00002B1A
00000000
00002B1B
00002B1D
00000000
00000000
00000000
00000000
00002B1E
00002B20
00003B7F
00002B22
00002B23
00000000
00002B24
00000000
00002B26
00002B28
00000000
00000000
00000000
00006C6B
00002B29
00000000
00002B2A
00000000
00000000
00000000
00002B2B
00006257
00000000
00002B2C
00002DA5
00002B2D
00002B2E
00000000
000030BB
00000000
00002B2F
000060E7
00000000
00000000
00000000
00000000
00002B30
00000000
00000000
00002B32
00000000
00000000
00000000
00002B33
00002B34
00000000
00000000
00000000
00002B35
00000000
00000000
00002B36
00000000
00002B37
00002B38
00000000
00000000
00002B39
00000000
00000000
00002B3B
00002B3C
00000000
00000000
00002B3E
00000000
00002B3F
00002B40
00000000
00000000
00000000
00002B41
00000000
00000000
00000000
00000000
00000000
00002B42
00004AAE
00002B43
00000000
00000000
00002B44
00000000
00000000
00002B46
00000000
00000000
00000000
00000000
00002B47
00000000
00000000
00000000
00002B48
000044F4
00002B49
00002B4A
00000000
00000000
00002B4B
00002B4C
00002B4E
00000000
00002B4F
00000000
00002B50
00002B51
00000000
00002B52
00000000
00000000
00000000
00000000
00002B53
00000000
00000000
00002B55
00000000
00000000
00000000
00000000
00002B57
00007198
00000000
00002B58
00000000
00000000
00000000
00002B5A
00000000
00000000
00003B0B
00000000
00000000
00002B5B
00002B5C
0000451B
00002B5E
00000000
00000000
00000000
00000000
00002B5F
00000000
00003053
00000000
00002B60
00002B61
00002B63
00000000
00000000
00002B65
00002B66
00002B6A
00000000
00000000
00003E0E
00000000
00002B6C
00002B6D
00002B6E
00000000
00000000
00000000
00002B6F
00000000
00000000
00002B70
00002B71
00000000
00000000
00002B73
00002B76
00002B77
00000000
00000000
00000000
00002B78
00000000
00000000
00002B7A
00000000
00000000
00002B7B
00000000
00000000
00000000
00000000
00002B7D
00000000
00002B7E
00005943
00002B7F
00002B82
00002B85
00002B86
00002B87
00002B89
00000000
00002B8A
00000000
00000000
00002B8E
00002B90
00002B91
00000000
00000000
00000000
00002B92
00000000
00000000
00000000
00002B93
00000000
00002B94
00000000
00000000
00000000
00000000
00002B95
00000000
00000000
00002B96
000037E4
00000000
00000000
00002B97
00002B98
00000000
00000000
00002B99
00000000
00000000
00000000
00000000
00000000
00000000
00000000
00002B9A
00000000
00002B9C
00000000
00002B9D
00000000
00000000
00002B9E
00000000
00000000
00000000
00000000
00000000
00002B9F
00000000
00006F98
00000000
00002BA0
00002BA1
00000000
00000000
00000000
00000000
00000000
00002BA2
00000000
00000000
00005FDE
00000000
00002BA3
00000000
00002BA4
00002BA6
00000000
00000000
00000000
00002BA7
00002BA8
00000000
00002BA9
00000000
00002BAA
00000000
00002BAC
00003C19
00000000
00002BAD
00000000
00000000
00002BAE
00002BAF
00002BB0
00000000
00002BB1
00002BB2
0000427D
00000000
00002BB4
00000000
00000000
00000000
00000000
00000000
00000000
00002BB5
00002BB6
00000000
00000000
00002BB9
00002BBA
00002BBB
00000000
00006DF7
00000000
00002BBC
00002BBD
00002BBF
00000000
00000000
00002BC0
00000000
00000000
00002BC2
00000000
00002BC3
00002BC4
00000000
00002BC5
00000000
00000000
00000000
00000000
00000000
00002D16
00000000
00002BC6
00000000
00000000
00000000
00000000
00002BC7
00000000
00000000
00000000
00002BC8
00000000
00000000
00002BCA
00002BCB
00002BCC
00000000
00000000
00000000
00000000
00002BCD
00002BCE
00002BD0
00002BD1
00000000
00002BD2
00002BD4
00000000
00000000
00002BD5
00006943
00000000
00000000
00000000
00002BD6
00002BD7
00002BD8
00000000
00000000
00002BD9
00002BDA
00000000
00000000
00000000
00002BDD
00002BDE
00002BE0
00000000
00002BE3
00000000
00002BE5
00000000
00002BE9
00000000
00000000
00002BEA
00000000
00000000
00002BEB
00000000
00000000
00000000
00002BEF
00002BF0
00000000
00000000
00003916
00002BF1
00000000
00002BF2
00000000
00000000
00000000
00002BF3
00000000
00000000
00005FB1
00000000
00000000
00000000
00000000
00000000
00000000
00000000
00000000
00002BF4
00000000
00000000
00000000
00000000
00002BF7
00004BB3
00000000
00004A83
00002BF8
00002BF9
00000000
00000000
00000000
00000000
00000000
00002BFA
00000000
00000000
00002BFB
00003A24
00002BFC
00000000
00000000
0000521F
00000000
00002BFE
00000000
00000000
00000000
00002C00
00002C03
00000000
00002C05
00000000
00000000
00000000
00004C9E
00002C06
00002C07
00000000
00000000
00002C09
00002C0A
00002C0B
00000000
00000000
00002C0C
00002C0D
00002C0E
00000000
00002E1B
00002C0F
00000000
00000000
00002C10
00000000
00002C11
00000000
00000000
00000000
00002C14
00002C16
00002C17
00000000
00000000
00000000
00000000
00000000
00002C18
0000345A
00002C19
00002C1B
00000000
00002C1C
00000000
00000000
00002C1D
00000000
00000000
00002C1E
00000000
00000000
00000000
00000000
00000000
00000000
00002C1F
00005B22
00000000
00002C20
00000000
00002C21
00000000
00000000
00000000
00000000
00002C22
000070C2
00000000
00002C23
00000000
00002C24
00002C25
00000000
00000000
00000000
00000000
00002C26
00000000
00000000
00002C27
00000000
00002C29
00000000
00000000
00002C2B
00000000
00002C2C
00000000
00000000
00002C2D
00000000
00002C2E
00000000
00000000
00002C2F
00002C30
00000000
00000000
00002C31
00000000
00000000
00002C33
00002C34
00000000
00002C35
00000000
00000000
00000000
00002C36
00000000
00002C39
00000000
00004ACC
00002C3B
00000000
00000000
00000000
00002C3C
00000000
00000000
00002C3D
00000000
00000000
00002C3E
00000000
00000000
00000000
00000000
00002C3F
00000000
00000000
00002C40
00000000
00000000
00000000
00000000
00000000
00000000
00002C43
00000000
00002C44
00000000
00000000
00000000
00000000
00000000
00002C46
00000000
00000000
00002C48
00000000
00000000
00002C49
00000000
00000000
00000000
00000000
00000000
00002C4B
00002C4C
00002C4E
00000000
00000000
00000000
00000000
00002C4F
00002C50
00002C52
00002C53
00000000
00000000
00000000
00002C54
00002C55
00002C56
00000000
00006AA1
00002C57
00000000
00000000
00002C58
00004F78
00000000
00000000
00000000
00002C59
00000000
00000000
00002C5A
00000000
00002C5B
00000000
00002C5C
00000000
00000000
00002C5D
00002C5E
00000000
00002C5F
00000000
00002C61
00002C63
00000000
00000000
0000583E
00000000
00000000
00002C64
00000000
00000000
00002C66
00000000
00000000
00000000
00000000
00000000
00002C67
00000000
00000000
00002C69
00002C6A
00000000
00000000
00000000
00002C6B
00002C6C
00002C6D
00000000
00002C70
00000000
00002C71
00002C72
00000000
00000000
00002C73
00002C74
00000000
00000000
00002C75
00000000
00000000
00002C77
00002C78
00000000
00000000
00002C79
00000000
00000000
00000000
00002C7A
00002C7C
00000000
00002C7D
00000000
00000000
00002C7F
000053AA
00000000
00002C82
00000000
00000000
00000000
00000000
00002C83
00002C84
00002C85
00002C86
00000000
00000000
00000000
00000000
00000000
00000000
00002C87
00000000
00002C88
00000000
00002C89
00004A82
00000000
00002C8A
00000000
00002C8B
00000000
00002C8C
00002C8D
00000000
00000000
00002C8E
00000000
00000000
00000000
00000000
00002C8F
00002C90
00000000
00002C95
00000000
00000000
00002C96
00000000
00000000
00000000
00000000
00002C97
00002C9A
00000000
00000000
00002C9B
00002C9C
00002C9D
00000000
00000000
00002C9E
00002C9F
00000000
00000000
00002CA1
00000000
00000000
00002CA2
00000000
00000000
00002CA3
00000000
00002CA4
00000000
00000000
00002CA6
00002CA8
00000000
00000000
00000000
00000000
00003220
00002CA9
00000000
00000000
00002CAA
00002CAB
00000000
00002CAC
00002CAD
00003F18
00000000
00002CAE
00000000
00000000
00003485
00002CB0
00000000
00000000
00000000
00000000
00000000
00002CB1
00000000
00002CB5
00000000
00000000
00002CB6
00000000
00000000
00002CB7
00003D6F
00000000
000051E4
00000000
00000000
00002CB8
00000000
00000000
00000000
00000000
00000000
00002CB9
00002CBA
00000000
00000000
00000000
00000000
00000000
00000000
00000000
00002CBD
00002CBE
00000000
00002CBF
00000000
00002CC0
00000000
00002CC1
00000000
00000000
00002CC2
00000000
00000000
00000000
00000000
00000000
00000000
00002CC3
00002CC4
00000000
00000000
00002CC6
00000000
00002CC8
00000000
00000000
00002CCA
00000000
00000000
00000000
00002CCC
00000000
00000000
00000000
00000000
00002CCE
00002CCF
00002CD0
00002CD1
00000000
00000000
00000000
00000000
00000000
00002CD4
00000000
00000000
00002CD6
00000000
00002CD7
00000000
00000000
00002CD8
00002CD9
00000000
00000000
00002CDA
00000000
00000000
00000000
00002CDD
00002CDE
00000000
00002CE1
00000000
00002CE2
00000000
00000000
00000000
00002CE3
00004BB6
00000000
00000000
00000000
00000000
00002CE4
00002CE6
00000000
00000000
00002CE7
00000000
00003E5B
00000000
00002CE8
00000000
00000000
00002CE9
00000000
00000000
00000000
00002CEB
00002CEC
00000000
00002CED
00002CEE
00000000
00000000
0000456C
00000000
00002CF0
00004472
00000000
00000000
00000000
00002CF3
00002CF4
00002CF5
00002CF7
00000000
00000000
00000000
00000000
00000000
00002CF9
00002CFB
00000000
00002CFC
00002CFD
00002CFE
00000000
00002CFF
00000000
00000000
00002D00
00000000
00000000
00000000
00000000
00000000
00002D01
00002D03
00006192
00002D04
00002D05
00000000
00000000
00002D06
00000000
00000000
00002D07
00002D0A
00000000
00000000
00002D0B
00000000
00000000
00002D0C
00000000
00000000
00002D0E
00002D0F
00002D10
00003064
00000000
00000000
00000000
00000000
00000000
00002D11
00000000
00002D12
00002D13
00000000
00000000
000042F5
00000000
00000000
00002D14
00002D15
00000000
00002D17
00000000
00000000
00000000
00002D18
00000000
00000000
00003C37
00002D1A
00002D1B
00000000
00000000
00000000
00003290
00000000
00002D1C
00000000
00000000
00002D1D
00006424
00000000
00000000
00002D1E
00000000
00002D1F
00000000
00000000
00000000
00002D20
00003A2F
00002D21
00006EBA
00000000
00002D22
00000000
00000000
00002D23
00000000
00000000
00002D24
00002D25
00000000
00002D26
00000000
00002D27
00002D29
00000000
00002D2A
00000000
00000000
00000000
00002D2C
00006A61
00000000
00000000
00002D2D
00000000
00000000
00002D2E
00000000
00000000
00002D2F
00002D30
00002D31
00000000
00002D32
00000000
00002D33
00002D34
00000000
00000000
00002D35
00002D36
00000000
00002D37
00000000
00002D38
00000000
00000000
00000000
00000000
00002D39
00002D3A
00000000
00004023
00002D3B
00002D3C
00000000
00000000
00002D3D
00000000
00002D40
00000000
00000000
00000000
00000000
00002D41
00002D43
00000000
00000000
00000000
00002D44
00000000
00000000
00002D46
00002D47
00002D49
00000000
00000000
00000000
00000000
00002D4A
00002D4B
00002D4C
00000000
00000000
00002D4F
00000000
00002D50
00002D51
00000000
00002D53
00000000
00000000
00000000
00002D54
00000000
00000000
00000000
00000000
00000000
00002D55
00000000
00000000
00000000
00000000
00002D56
00000000
00000000
00002D58
00000000
00000000
00002D59
00000000
00002D5B
00000000
00002D5C
00000000
00000000
00002D5F
00000000
00002D60
00002D61
00002D62
00000000
00000000
00002D63
00002D64
00002D65
00000000
00000000
00002D67
00000000
00002D69
00000000
00000000
00000000
00002D6A
00000000
00000000
00002D6D
00002D6E
00000000
00000000
00002D70
00000000
00000000
00002D71
00000000
00000000
00002D73
00002D75
00002D78
00000000
00000000
00002D79
00000000
00000000
00000000
00002D7A
00000000
00000000
00002D7B
00000000
00000000
00000000
00002D7D
00000000
00002D7E
00000000
00000000
00002D7F
00002D83
00002D84
00000000
0000631C
00002D85
00000000
00000000
00002D86
00000000
00000000
00002D8A
00004D6A
00000000
00000000
00002D8B
00000000
00000000
00002D8C
00002D8D
00000000
0000665A
00002D8E
00000000
00000000
00002D90
00002D91
00000000
00000000
00002DF2
00002D92
00000000
00002D94
00000000
00002D95
00002D96
00000000
00002D97
00000000
00002D98
00000000
00000000
00000000
00002D99
00002D9A
00002D9B
00002D9C
00000000
00002D9D
00000000
00002D9E
00002D9F
00002DA0
00002DA1
00002DA2
00002DA3
00000000
00000000
00002DA4
00000000
00000000
00000000
00000000
00002DA6
00002DA7
00000000
00000000
00002DA8
00002DA9
00000000
00000000
00000000
00002DAA
00002DAB
00003491
00000000
00000000
00000000
00002DAE
00000000
00000000
00000000
00000000
00002DAF
00000000
00002DB0
00000000
00000000
00002DB1
00000000
00002DB2
00002DB3
00002DB4
00000000
00000000
00002DB5
00002DB6
00000000
00000000
00002DB8
00000000
00000000
00000000
00000000
00002DBA
00000000
00000000
00000000
00002DBB
00000000
00002DBC
00000000
00000000
00000000
00000000
00003FFD
00002DBD
00000000
00000000
00000000
00002DBE
00000000
00000000
00002DC0
00002DC1
00000000
00002DC4
00000000
00002DC5
00000000
00000000
00002DC6
00002DC7
00000000
00000000
00002DC8
00002DCB
00000000
00000000
00000000
00000000
00002DCC
00002DCD
00000000
00000000
00002DCE
00002DCF
00000000
00000000
00002DD0
00000000
00000000
000033FB
00002DD2
00000000
00000000
00002DD3
00000000
0000709F
00002DD4
00000000
00000000
00000000
00002DD6
00000000
00000000
00000000
00000000
00002DD8
00003B5D
00002DDA
00000000
00002DDB
00002DDC
00000000
00000000
00002DDE
00000000
00000000
00002DDF
00002DE0
00002DE2
00002DE3
00000000
00000000
00000000
00002DE5
00002DE6
00000000
00002DE8
00002DE9
00002DEA
00002DED
00002DEE
00000000
00000000
00000000
00000000
00002DF0
00000000
00000000
00000000
00000000
00002DF3
00000000
00000000
00002DF4
00000000
00000000
00002DF5
00000000
00000000
00000000
000036A0
00002DF6
00003E33
00002DF7
00000000
00000000
00000000
00000000
00003D90
00002DF8
00000000
00000000
00000000
00006533
00000000
00000000
00000000
00002DF9
00002DFA
00000000
00002DFB
00002DFC
00002DFD
00002DFF
00000000
00006D57
00000000
00000000
00000000
00002E00
00000000
00000000
00002E01
00000000
00000000
00000000
00002E02
00000000
00000000
00000000
00000000
00000000
00002E03
00000000
00000000
00004575
00000000
00002E04
00002E05
00002E06
00002E08
00002E09
00002E0A
00002E0D
00002E0E
00002E0F
00000000
00000000
00000000
00000000
00002E10
00000000
00000000
00000000
00000000
00000000
00000000
00000000
00002E11
00000000
00002E12
00000000
00002E15
00000000
00000000
00000000
00002E16
00000000
00000000
00000000
00000000
00000000
00002E17
00002E1C
00000000
00000000
00002E1D
00000000
00002E1E
00000000
00000000
00002E1F
00000000
00002E20
00000000
00000000
00000000
00002E21
00000000
00000000
00002E23
00000000
00002E24
00000000
00002E25
00002E26
00000000
00000000
00000000
00000000
00000000
00002E27
00002E28
00000000
00000000
00000000
00000000
00000000
00003136
00002E29
00000000
00000000
00002E2B
00000000
00000000
00002E2C
00002E2E
00002E30
00000000
00002E31
00000000
00000000
00000000
00002E32
00000000
00002E34
00002E35
00000000
00002E36
00002E37
00000000
00000000
00002E38
00000000
00000000
00000000
00000000
00000000
00002E39
00002E3A
00000000
00000000
00000000
00000000
00006230
00000000
00000000
00000000
00002E3C
00000000
00000000
00002E3E
00000000
00000000
00002E40
00000000
00002E41
00000000
000030A4
00000000
00002E42
00002E43
00002E44
00000000
00000000
00002E45
0000303A
00002E46
00000000
00000000
00002E47
00000000
00000000
00000000
00002E48
00000000
00002E4A
00002E4B
00000000
00002E4D
00002E4E
00000000
000059ED
00000000
00002E4F
00000000
00000000
00002E50
00002E52
00002E53
00002E54
00002E55
00000000
00000000
00002E56
00000000
00000000
00002E57
00006C3A
00000000
00000000
00000000
00000000
00000000
00002E58
00000000
00002E5A
00000000
00002E5C
00002E5D
00002E5E
00000000
00000000
00002E62
00000000
00003E29
00002E63
00002E64
00000000
00000000
00002E66
00000000
00000000
00002E67
00000000
00000000
00000000
00002E69
00000000
00000000
00000000
00000000
00000000
00002E6A
00000000
00000000
00000000
00002E6B
00002E6C
00000000
00002E6D
00002E6E
00000000
00002E6F
00000000
00000000
00000000
00000000
00002E71
00000000
00000000
00000000
00000000
00002E74
00002E75
00000000
00000000
00002E76
00002E78
00002E79
00006779
00000000
00002E7A
00002E7B
00002E7C
00002E7D
00002E7E
00002E7F
00000000
00002E80
00002E82
00000000
00002E83
00000000
000048DE
00000000
00002E84
00000000
00000000
00002E85
00002E86
00000000
00002E87
00000000
00003591
00000000
00002E88
00002E89
00000000
00002E8A
00000000
00000000
00002E8D
00000000
00000000
00000000
00000000
00000000
00002E8E
00000000
00002E8F
00000000
00000000
00002E90
00000000
00002E92
00000000
00000000
00002E94
00000000
00002E95
0000326D
00002E96
00002E98
00000000
00000000
00002E99
00002E9A
00002E9B
00000000
00000000
00000000
00000000
0000711E
00002E9C
00000000
00002E9D
00000000
00000000
00000000
00000000
00000000
00002E9E
00000000
00000000
00000000
00000000
00000000
00000000
00002E9F
00002EA0
00002EA2
00002EA3
00000000
00002EA4
00002EA5
00002EA6
00000000
00000000
00000000
00002EA7
00000000
00000000
00000000
00000000
00006BD8
00000000
00000000
00000000
00002EA8
00002EA9
00002EAA
00002EAB
00002EAE
00000000
00000000
00002EAF
00000000
00000000
00002EB0
00000000
00000000
00003407
00000000
00002EB1
00002EB2
00000000
00000000
00000000
00002EB3
00000000
00000000
00002EB4
00000000
00000000
00000000
00002EB5
00002EB6
00000000
00000000
00000000
00000000
00002EB7
00002EBA
000041D1
00002EBB
00000000
00000000
00002EBC
00000000
00002EBD
00000000
00002EBE
00000000
00000000
00000000
00002EBF
00000000
00000000
00000000
00002EC1
00002EC2
00000000
00002EC3
00000000
00002EC4
00000000
00000000
00002EC5
00000000
00002EC6
00002EC8
00000000
00000000
00002ECA
00002ECB
00000000
00000000
00000000
00000000
00002ECC
00000000
00000000
00000000
00000000
00002ECD
00006C80
00000000
00000000
00000000
00000000
00000000
00000000
00002ECE
00000000
00000000
00000000
00002ED0
00002ED1
00000000
00000000
00000000
00000000
00002ED2
00000000
00000000
00002ED3
00000000
00000000
00000000
00002ED4
00000000
00000000
00000000
00002ED5
00000000
00002ED6
00000000
00000000
00002ED7
00002ED8
00000000
00000000
00006384
00002ED9
00002EDA
00000000
00002EDB
00000000
00000000
00000000
00002EDC
00000000
00000000
00002EDF
00000000
00002EE1
00000000
00000000
00000000
00002EE3
00002EE4
00000000
00002EE6
00002EE7
00002EE9
00000000
00000000
00002EEA
00002EEB
00000000
00000000
00002EEC
00000000
00000000
00000000
00002EED
00000000
00000000
00000000
00000000
00002EEE
00000000
00000000
00002EEF
00000000
00000000
00002EF0
00000000
00000000
00002EF1
00002EF2
00002EF3
00000000
00000000
00002EF4
00002EF5
00000000
00002EF7
00000000
00000000
00000000
00000000
00000000
00000000
00002EF8
0000336A
00000000
00000000
00002EFA
00002EFB
00002EFC
00002EFD
00000000
00000000
00002EFE
00002F01
00002F02
00002F03
00000000
00000000
00002F05
00000000
00000000
00000000
00000000
00000000
00002F06
00000000
00000000
00000000
00002F07
00004D82
00002F09
00002F0A
00000000
00002F0B
00000000
00000000
00000000
000033A0
00000000
00002F0D
00000000
00002F0E
00000000
00000000
00000000
00000000
00000000
00002F0F
00002F10
0000641A
00002F11
00000000
00000000
00000000
00000000
00000000
00002F12
00002F13
00000000
00000000
00000000
00000000
00000000
00000000
00002F14
00000000
00000000
00002F17
00000000
00000000
0000519F
00000000
00002F18
00000000
00002F19
00002F1C
00000000
00002F1D
00002F1F
00000000
00002F20
00002F21
00000000
00000000
00000000
00000000
00000000
00000000
00000000
00002F22
00000000
00000000
00002F23
00000000
00002F24
00000000
00000000
00002F27
00000000
00002F28
00000000
00000000
00000000
00000000
00002F2A
00002F2B
00000000
00000000
00000000
00000000
00002F2C
00000000
00000000
00002F2D
00002F2E
00003A0F
00000000
00000000
00000000
00000000
00002F30
00002F31
00002F32
00000000
00000000
00002F35
00000000
00000000
00000000
00002F39
00000000
00000000
00000000
00002F3A
00000000
00002F3B
00000000
00000000
00000000
00000000
00000000
00002F3C
000034DA
00002F3D
00002F3E
00000000
00000000
00002F3F
00000000
00000000
00002F41
00000000
00000000
00000000
00002F43
00000000
00002F44
00002F45
00002F46
00002F47
00002F48
00000000
00000000
00002F4A
00002F4B
00000000
00000000
000046CE
00000000
00000000
00000000
00000000
00000000
00000000
00000000
00000000
00000000
00006566
00002F4C
00000000
00000000
00002F4D
00000000
00000000
00002F4E
00000000
00000000
00000000
00000000
00002F4F
00002F51
00002F52
00002F53
00002F54
00002F55
00000000
00002F56
00002F58
00002F59
00000000
00000000
00000000
00002F5A
00000000
00002F5B
00002F5C
00002F5D
00002F5E
00000000
00000000
00000000
00000000
00002F5F
00000000
00002F60
00000000
00002F62
00000000
00002F64
00002F65
00000000
00000000
00000000
00000000
00002F66
00000000
00002F67
00000000
00000000
00000000
00002F69
00000000
00000000
00000000
00000000
00000000
00000000
00000000
00002F6A
00000000
00006469
00000000
00000000
00000000
00002F6B
00002F6C
00002F6D
00000000
00002F6E
00000000
00000000
00000000
00000000
00000000
00000000
00002F6F
00000000
00002F70
00000000
00002F71
00000000
00000000
00000000
00000000
00002F73
00000000
00002F74
00000000
00000000
00000000
00000000
00000000
00002F75
00002F76
00000000
00000000
00002F77
00000000
00002F78
00002F79
00002F7A
000032D0
00002F7C
00000000
00000000
00000000
00002F7D
0000426A
00000000
00000000
00000000
000059C2
00000000
00002F7E
00000000
00002F80
0000607E
00000000
00004916
00002F81
00000000
00000000
00000000
00000000
00000000
00000000
00000000
00000000
00002F83
00002F84
00000000
00002F87
00000000
00000000
00002F88
00002F89
00000000
00002F8E
00000000
00000000
00000000
00000000
00000000
00002F8F
00000000
00002F90
00000000
00002F91
00000000
00000000
00002F94
00000000
00000000
00000000
00000000
00002F96
00002F97
00000000
00000000
00000000
00000000
00002F99
00000000
00000000
00002F9B
00000000
00002F9C
00000000
00002F9D
00000000
00000000
00002F9F
00000000
00002FA0
00000000
00000000
00000000
00002FA2
0000309E
00000000
00000000
00000000
00002FA3
00002FA4
00002FA5
00000000
00002FA9
00000000
00000000
00002FAA
00000000
00000000
00000000
00000000
00000000
00000000
00000000
00000000
00002FAC
00000000
00002FAD
00000000
00000000
00000000
00002FAE
00000000
00000000
00002FB0
00002FB1
00002FB3
00000000
00002FB4
00000000
00000000
00002FB5
00002FB6
00000000
00000000
00000000
00002FB8
00000000
00000000
00000000
00002FB9
00000000
00000000
00000000
00000000
00002FBA
00000000
00000000
00000000
00000000
00002FBB
00004B95
00000000
00002FBC
00003B48
00002FBE
00000000
00000000
00000000
00002FBF
00002FC0
00002FC1
00000000
00002FC6
00000000
00000000
00000000
00000000
00000000
00000000
00002FC7
00002FC8
00000000
00002FC9
00000000
00000000
00002FCA
00000000
00002FCB
00002FCC
00002FCD
00000000
00002FCE
00000000
00000000
00002FCF
00000000
00000000
00000000
00002FD0
00002FD1
00000000
00000000
00002FD2
00003BD9
00000000
00000000
00000000
00003E9E
00000000
00002FD6
00000000
00000000
00000000
00002FD7
00000000
00000000
00002FD9
00000000
00002FDA
00000000
00000000
00000000
00002FDB
00000000
00000000
00002FDC
00000000
00000000
00000000
00002FDD
000064CB
00000000
00002FDE
00000000
00000000
00000000
00002FE1
00000000
00002FE2
00000000
00000000
00003CBE
00002FE5
00002FE6
00002FE7
00004452
00002FE8
00002FE9
00002FEA
00002FEB
00000000
00000000
00002FEC
00000000
00000000
00002FEE
00002FEF
00000000
00000000
00000000
00000000
00000000
00002FF0
00000000
00000000
00000000
00000000
00002FF3
00000000
00000000
00002FF4
00002FF6
00000000
00000000
00002FF7
00000000
00000000
00002FF8
00002FF9
00000000
00002FFA
00000000
00002FFB
00000000
00000000
00002FFC
00000000
00000000
00002FFD
00000000
00000000
00002FFE
00000000
00002FFF
00000000
00003000
00006663
00000000
00003001
00003002
00000000
00000000
00003003
00000000
00000000
00000000
00003005
00000000
00000000
00003006
00000000
00000000
00003007
00000000
00000000
00000000
00000000
00003008
00003009
00000000
00000000
00000000
00000000
0000300B
0000300C
00000000
00000000
00000000
00000000
00000000
00000000
00000000
00000000
00000000
00000000
00000000
0000300D
00000000
00000000
0000300E
00000000
00000000
00003010
00000000
00003011
00003012
00003013
00000000
00003014
00003015
000036A4
00000000
00000000
00000000
00000000
00000000
00000000
00003016
00003017
00003018
00000000
00003019
0000301B
00000000
0000301D
00000000
00000000
0000301E
00000000
00000000
00000000
00000000
0000301F
00000000
00003020
00003021
00000000
00003023
00000000
00000000
00000000
00003027
00003028
00000000
00003029
00000000
00000000
0000302A
00000000
00000000
00000000
00000000
0000302B
0000302C
0000302E
0000302F
00003030
00003031
00000000
00000000
00003032
00000000
00000000
00000000
00000000
00003033
00000000
00003034
00003035
00003036
00000000
00000000
00000000
00000000
00003037
00000000
00000000
00003038
00000000
00000000
00000000
00000000
00003039
0000303B
00000000
0000303C
00006252
00000000
00000000
00000000
00000000
00000000
0000303E
0000303F
00000000
00000000
00000000
00003041
00000000
00000000
00003042
00000000
00000000
00000000
00000000
00000000
00000000
00000000
00003043
00003045
00003046
00000000
00000000
00003047
00000000
00003480
00000000
00000000
00003048
00003049
0000304A
0000304B
0000304C
00000000
00000000
00000000
0000304D
00000000
0000304E
00000000
00003050
00000000
00000000
00003051
00003052
00000000
00000000
00000000
00003054
00003056
00000000
00000000
00000000
00003057
00000000
00000000
00000000
0000305A
00005D8F
00000000
00000000
00000000
0000305B
00000000
0000305D
00000000
00000000
0000305E
00000000
0000305F
00003062
00004F57
00003063
00003C18
00000000
00003065
00003066
00000000
00003067
00000000
00000000
00003068
00000000
00000000
00000000
00000000
00003069
0000306A
0000306B
0000306C
00007242
0000306D
00000000
00000000
00000000
0000306E
00003070
00003071
00003072
00000000
00003074
00000000
00000000
00000000
00005223
00003075
00000000
00003076
00000000
00003077
00000000
00000000
00003078
00000000
00000000
00003079
0000307A
00000000
00000000
0000307D
00000000
00000000
00000000
0000307F
00000000
00003080
00003083
00000000
00005B21
00003085
00000000
00003086
00000000
00000000
00003088
000034D9
00000000
00003089
0000308B
00000000
00000000
0000308C
00000000
00000000
0000308D
0000308E
0000308F
00003090
00003091
00000000
00005F54
00000000
00000000
00000000
00000000
00000000
00000000
00003092
00000000
00000000
00000000
00003093
00000000
00000000
00003095
00000000
00000000
00003096
00000000
00000000
00003098
00000000
00000000
00003099
00000000
00000000
00000000
00000000
00000000
00000000
0000309A
00000000
0000309B
00000000
00004181
0000309C
00000000
00000000
0000309D
00000000
00000000
0000309F
00000000
00000000
00000000
00000000
000030A0
00000000
00000000
000030A2
00000000
00000000
00000000
000030A3
00000000
000030A6
000030A7
000030A9
000030AB
000030AC
000030AD
000030AF
000030B0
00000000
00000000
00000000
00000000
00000000
00000000
000030B1
000030B2
000030B3
000030B4
000030B5
00000000
000030B6
000030B7
000030B8
00000000
000030B9
00003B4C
00000000
00000000
00000000
000030BC
00000000
00000000
000030BD
00000000
000030BE
00000000
00000000
00000000
00000000
00000000
000030BF
000030C0
00000000
00000000
000030C1
00000000
000030C3
00004C58
0000706B
00000000
000030C4
00000000
00000000
000030C5
000030C6
000030C7
0000630E
00000000
00000000
000030C9
000030CA
00000000
00000000
000059D3
00000000
000030CB
00000000
00000000
000030CC
000030CD
000030D0
00000000
00000000
000030D1
00000000
00000000
00000000
000030D2
000030D3
00000000
000030D4
00003A33
00000000
000030D5
00000000
000030D7
00000000
00000000
00000000
00000000
000030D8
000030D9
00000000
000030DA
00000000
00000000
000030DB
00000000
000030DC
00000000
000030DD
00000000
000030DE
00000000
00000000
00000000
00000000
000030DF
00000000
000030E0
000030E1
00000000
00000000
000030E3
000030E5
000030E6
00000000
00000000
000030E8
000030EA
00000000
00000000
000030EB
00000000
000030EC
00000000
000030ED
000030EE
00000000
00004F60
000030EF
000030F0
000030F1
00000000
000030F3
000030F6
00000000
000030F7
00000000
00000000
00000000
00000000
00000000
000030F8
00000000
00000000
00000000
00000000
000030F9
000030FA
00000000
00000000
00000000
00000000
00000000
000030FB
00000000
00000000
000030FE
00000000
00000000
000030FF
00000000
00003100
00004F1C
00000000
00000000
00003101
00000000
00000000
00000000
00000000
000058BE
00003102
00000000
00000000
00003103
00000000
00003104
00000000
00000000
00000000
00006BC6
00000000
00000000
00003105
00000000
0000404E
00003106
00000000
00000000
00000000
00003107
00003108
00000000
00000000
00003109
00000000
00000000
00000000
0000310A
00000000
00000000
00000000
0000310B
00000000
00003569
00000000
0000310D
00000000
0000310E
0000310F
00000000
00000000
00003110
00000000
00000000
00000000
00003112
00003113
00000000
00000000
00000000
00003114
00000000
00003116
00003117
00003118
0000311A
00000000
00000000
00000000
00000000
00000000
00000000
0000311B
00000000
00000000
00000000
00000000
00000000
00000000
00000000
0000311C
00000000
00000000
00000000
00000000
0000311D
00000000
00000000
00000000
00000000
00000000
0000311E
00000000
0000311F
00000000
00003120
00000000
00000000
00000000
00003121
00003122
00000000
00003123
00000000
00000000
0000383B
00000000
00003124
00000000
00003125
00003126
00003127
00005C80
00000000
00000000
00000000
00000000
00003128
00000000
00000000
00000000
00003129
00000000
0000312A
00000000
00000000
0000312B
00000000
0000312E
00000000
00000000
00000000
00000000
0000312F
00000000
00000000
00003130
00000000
00003131
00003132
00003133
00000000
00000000
00000000
00003134
00000000
00003135
00000000
00003137
00003B36
00000000
00003138
00000000
00003139
00000000
00000000
0000313A
00000000
00000000
0000313B
0000313E
00000000
00000000
00000000
0000313F
0000419E
00003141
00000000
00003142
00000000
00000000
00000000
00003143
00003144
00000000
00003145
00003147
00003148
00000000
0000314B
00000000
00000000
00000000
00000000
0000314C
0000314D
0000314E
0000314F
00003151
00000000
00000000
00000000
00003152
00000000
00000000
00003153
00000000
00000000
00003154
00003155
00000000
00000000
00000000
00003BA3
00003156
00000000
0000494E
00000000
00000000
00003159
00000000
00000000
0000315A
00000000
0000315B
0000315D
0000565E
0000315F
00000000
00000000
00003161
00003162
00000000
00003163
00003165
00000000
00000000
00000000
00003166
00000000
00000000
00003168
00003169
0000316B
00000000
0000316C
00000000
00000000
00000000
0000316D
00000000
00000000
0000316E
0000316F
00000000
00000000
00000000
00000000
00003170
00003171
00000000
00000000
00000000
00000000
00000000
00000000
00003172
00000000
00000000
00003173
00000000
00003174
00000000
00003175
00000000
00003177
00003178
0000317B
0000317C
0000317D
0000317E
0000317F
00003B6E
00000000
00003182
00000000
00003183
00003185
00003186
00003187
0000318A
00000000
0000318B
00000000
00000000
0000318C
00000000
00000000
0000318D
00000000
00000000
00000000
0000318E
00000000
00000000
00000000
00000000
00000000
00000000
0000318F
00003190
00000000
00000000
00003191
00000000
00003196
00000000
00000000
00003197
00000000
00003198
00000000
00000000
00003199
0000319A
00000000
0000319C
00000000
00000000
0000319D
0000319F
00000000
00000000
00000000
000031A0
00000000
000031A1
000031A2
00000000
00000000
00000000
00000000
000031A4
000031A5
00004A84
00000000
000031A6
00000000
00000000
000031A7
00000000
000031A8
00000000
00000000
00000000
00000000
000031A9
00000000
00000000
00000000
00000000
00000000
000031AA
00000000
00000000
000031AB
00000000
000031AC
00000000
00000000
00000000
00000000
00000000
00003700
000031AF
00000000
00000000
000031B0
00000000
00000000
00000000
000031B1
00000000
000031B3
000031B4
00000000
00000000
000031B5
00000000
000031B6
000031B7
00000000
000031B8
00000000
00000000
00000000
000031B9
00000000
00000000
00000000
00000000
000031BA
00000000
00000000
000031BC
000031C0
000031C1
00006EC1
000048B7
000031C2
00000000
000031C3
00000000
000031C5
000031C7
00000000
00000000
000031C9
000031CA
00000000
00000000
000031CC
00004D7D
000031CD
000031CF
00000000
00000000
00000000
000031D0
00000000
00000000
000031D1
00000000
00004947
00000000
000031D2
00000000
000031D3
0000336C
000031D4
00000000
00000000
000031D5
00000000
00000000
000031D7
000035B5
00000000
00000000
00000000
00000000
00000000
00000000
0000550E
000031D8
00000000
00000000
000031D9
00000000
00000000
00000000
000031DB
00003A12
00000000
000031DC
00000000
00000000
000031DD
00000000
00000000
000031DE
000031DF
00000000
000031E0
000031E1
00000000
00000000
00000000
00000000
00000000
00004A8E
00000000
000031E2
00000000
00000000
000031E3
00000000
00000000
00000000
00000000
000031E4
00000000
00000000
0000557F
00000000
00000000
00000000
000031E5
00000000
00000000
00000000
00000000
000031E6
000031E7
00000000
000043A0
00000000
000031E9
000031EA
000031EB
00000000
00000000
000031EC
00000000
000031ED
000031EF
00000000
000031F0
00000000
000031F1
00000000
00000000
000031F2
00000000
00000000
00000000
00000000
00000000
00000000
00000000
000031F3
00000000
00000000
000031F4
000031F6
00000000
00000000
000031F7
000031F9
00000000
00000000
000031FA
00000000
00000000
00000000
00000000
00000000
00000000
00000000
000031FB
00000000
000031FC
00000000
00000000
00000000
000031FD
00000000
00006FD1
00000000
00000000
00000000
000031FF
00003200
00003201
00000000
00000000
00003202
00003203
00000000
00003204
00000000
00004C5D
00000000
00003205
00000000
00000000
00003206
00000000
00000000
00000000
00000000
00003207
00000000
00003208
00000000
00000000
00000000
00003209
00000000
0000320C
00000000
00000000
0000320D
00000000
00000000
0000320E
00000000
0000320F
00003211
00000000
00003213
00003216
00000000
00000000
00003217
00000000
00003219
00000000
00000000
00000000
0000321B
00000000
00000000
00000000
0000321C
0000321D
00000000
0000321F
00000000
00000000
00000000
00000000
00000000
00000000
00005322
00000000
00003221
00000000
00003222
00003223
00000000
00000000
00003226
00000000
00000000
00000000
00003227
00000000
00000000
00003228
00000000
00000000
00000000
00000000
00000000
00000000
00003229
0000322A
00000000
00000000
0000322B
00000000
00000000
00000000
0000322D
00000000
00000000
00000000
00000000
0000322E
0000322F
00000000
00005178
00000000
00003233
00000000
00003234
00000000
00003235
00000000
00003236
00000000
00003237
00000000
00000000
00000000
00003238
00000000
00000000
00003239
00000000
00000000
00000000
0000323A
0000323B
0000323C
0000323D
0000323E
000046F8
00000000
00000000
00003240
00000000
00000000
00000000
00003241
00000000
00003243
00000000
00000000
00003245
00003248
00000000
00003249
00000000
00000000
0000324A
0000324B
00000000
0000324C
00000000
00007332
00000000
00000000
00000000
0000324D
0000324E
00000000
00003250
00000000
00003252
00003253
00000000
00000000
00000000
00000000
00003254
00000000
00003255
00000000
00000000
00000000
00003256
00000000
00004B4A
00000000
00003259
00000000
0000325A
00000000
00000000
00000000
000037F3
00000000
0000325C
00000000
00000000
0000325D
00000000
00000000
0000325E
00000000
0000325F
00003260
00000000
00000000
00000000
00003263
00003264
00000000
00003265
00000000
00000000
00003267
00003268
00000000
00000000
00003269
0000326A
00000000
0000326B
0000326C
00000000
00000000
00003270
00000000
00003271
00000000
00000000
00003B1D
00003273
00000000
00003274
00000000
00003275
00000000
00003276
00000000
00003277
00003278
0000327A
0000327B
00000000
0000327C
0000327D
0000327F
00003281
00000000
00003282
00003284
00000000
00003286
00003287
00000000
00000000
00003288
0000328A
0000328B
00000000
00000000
00000000
0000328C
0000328D
00000000
00000000
00000000
00003291
00003292
00003293
00000000
00000000
00003294
00000000
00003295
00000000
00000000
00000000
000032D6
00003296
00000000
00003297
00000000
00003626
00000000
00003299
00004763
0000329B
00000000
00000000
00000000
0000329D
00000000
00000000
00000000
00000000
0000329E
00000000
00000000
0000329F
00000000
00000000
00000000
000032A0
00000000
000032A1
00000000
000032A2
000032A3
00000000
000032A4
00000000
000032A5
000032A6
000032A7
00000000
00000000
000032A8
00000000
00000000
000032A9
000032AA
000032AB
00000000
00000000
00000000
00000000
000032AD
00000000
00000000
00000000
000032AE
00000000
000032AF
000032B0
00000000
00000000
00000000
00000000
00000000
000032B1
00000000
000032B2
00000000
000032B3
000032B4
00000000
000032B5
00000000
00000000
00000000
000032B6
00000000
00000000
000032B7
000040A2
000032B8
00000000
00000000
000032BA
00007274
000032BB
000032BC
00000000
00000000
000032BD
00000000
00000000
00000000
00000000
000032BE
00000000
000032BF
00000000
000032C0
00000000
000032C1
000032C4
000032C5
00004E0B
00000000
00000000
000032C6
00000000
000032C7
00000000
00000000
000032C8
00000000
00000000
000032CA
00000000
00000000
000032CB
000032CC
00000000
000032CD
000032D1
000032D2
000032D3
00000000
00000000
000032D7
00000000
00000000
00000000
000032D8
00000000
00000000
00000000
00000000
000032DA
000032DB
00000000
000032DC
000032DD
00000000
00000000
00000000
00000000
00000000
000032DE
00000000
00000000
00000000
000032DF
00000000
00000000
00000000
000032E1
00000000
00000000
00000000
000032E2
000032E5
00000000
000032E6
00000000
00000000
000032E7
00000000
00000000
000032EA
00000000
00000000
00000000
00000000
000032EB
000032EC
000032ED
00000000
00000000
00000000
000032EF
000032F0
00000000
00000000
000032F1
00000000
00000000
000032F2
00000000
00000000
00000000
000032F4
000032F5
000032F7
00000000
00000000
00000000
000032F8
00000000
000032F9
00000000
00000000
00006B45
000032FA
000032FB
00000000
00000000
000032FD
00000000
000032FE
000032FF
00000000
00000000
000048E5
00000000
00003300
00000000
00000000
00000000
00000000
00003301
00003303
00000000
00000000
00003304
00000000
00000000
00000000
00003305
00000000
00000000
00003307
00000000
00003309
00004503
0000330A
00000000
00000000
00000000
00000000
00000000
0000330B
0000330E
00005D9F
00000000
0000450D
00000000
00000000
0000330F
00000000
00000000
00003310
00000000
00000000
00003311
000047CD
00003312
00000000
00000000
00000000
00003314
00000000
00000000
00003315
00000000
00000000
00000000
00000000
00003316
00000000
00003317
00000000
00000000
00000000
00000000
00003318
00003319
0000331A
00000000
00000000
0000331B
0000331C
00000000
00000000
00000000
0000331D
0000331E
00000000
00000000
00000000
00003322
00000000
00003323
00003324
00000000
00000000
00000000
00003327
0000674D
00005F70
00003328
00000000
00000000
00000000
00000000
00000000
0000332B
0000332C
00000000
0000561F
0000332D
00000000
0000332F
00000000
00000000
00000000
00003330
00003331
00000000
00000000
00000000
00000000
00003333
00000000
00003334
00003336
00000000
00000000
00000000
00000000
00003337
00000000
0000333B
00000000
0000333C
00000000
00000000
00000000
0000333D
0000333E
00000000
00000000
0000333F
00000000
00000000
00003340
00003341
00000000
00003343
00000000
00000000
00003345
00003346
00000000
00003347
00000000
00003348
00000000
00000000
0000334A
00000000
00000000
0000334B
00000000
00000000
00000000
00000000
0000334C
00000000
00000000
00000000
00000000
0000334D
0000334E
00000000
0000334F
00003350
00003351
00003352
00000000
00000000
00003353
00003354
00000000
00000000
00000000
00000000
00000000
00000000
00003356
00003358
00003359
00000000
0000335A
00000000
0000335B
00000000
00000000
00000000
0000335C
00000000
0000335F
00000000
00000000
00000000
00003360
00000000
00003362
00000000
000045EE
00003363
00000000
00003364
00003365
00000000
00000000
00000000
00003366
00000000
00000000
00005A50
00000000
00000000
00003368
0000393F
00000000
00003369
00000000
00000000
0000336B
00000000
00000000
00000000
00000000
0000336D
0000336E
00003CB4
0000336F
00000000
00000000
00000000
00000000
00000000
00000000
00000000
00000000
00003370
00003371
00000000
00000000
00003372
00003373
00003374
00003375
000047DF
00003376
00000000
00000000
00003377
00003378
00000000
00000000
00000000
00003379
0000337A
00000000
0000337B
0000337E
00003380
00000000
00000000
00003381
00000000
00000000
00000000
00005F93
00003383
00000000
00000000
00000000
00003384
00003385
00000000
00003386
00000000
00000000
00003387
00003388
000065D8
00000000
00000000
000038CB
00003389
00000000
00000000
00000000
00006C71
00000000
0000338A
00000000
00000000
00000000
00000000
0000338B
0000338C
0000338D
0000338E
0000338F
00003390
00000000
00003391
00000000
00000000
00003392
00000000
00000000
00000000
00000000
00003394
00003395
00003396
00000000
00003397
00000000
00003398
00000000
00000000
00000000
00000000
0000339B
00000000
0000339C
00000000
00000000
0000339F
00000000
000033A1
000033A2
00000000
00000000
000033A3
000033A4
000033A5
00000000
00000000
000033A6
000033A8
000033A9
00005B26
00000000
00000000
000033AA
00000000
00000000
000033AB
00000000
000033AC
00006A1E
000033AD
000033AE
00000000
00000000
00000000
00000000
000033B0
00000000
000033B1
00000000
00000000
000033B3
00000000
000033B5
000033B7
000033B8
000033BA
00000000
00000000
000033BB
00004D8F
00000000
000033BC
000033BE
00000000
00000000
00000000
000033C0
000033C1
000033C3
000033C4
00000000
000033C5
00000000
00000000
00000000
00000000
000033C6
000033C7
000033C8
000033C9
000033CA
00000000
000033CB
00000000
000033CD
0000370A
000033CE
00000000
00000000
000033CF
00000000
00000000
000033D0
00000000
000033D2
00000000
00000000
000033D3
00000000
000033D4
00000000
00000000
000033D5
00000000
00000000
00000000
00000000
00000000
00000000
00000000
000033D6
000033D7
00000000
000033D8
000033D9
000033DA
000033DB
000033DC
00000000
000033DD
00000000
000033DF
00000000
00000000
000033E0
000033E1
00004980
00004D45
000033E2
00000000
00000000
00000000
000033E3
000033E4
000033E5
00000000
00000000
00000000
000033E6
00000000
000033E7
00000000
000033E9
000045A3
00000000
000033EB
00000000
000033ED
00000000
00000000
00000000
00000000
000033EE
00000000
000033F0
00000000
00000000
00000000
000033F1
00000000
000033F2
00000000
000033F3
00000000
00000000
000033F4
00000000
00000000
000033F5
000033F6
000033F7
000033F8
00000000
00000000
000033F9
00000000
000033FC
000033FE
00000000
00000000
000033FF
00003400
00000000
00000000
00000000
00000000
00003401
00000000
00000000
00003402
00000000
00000000
00003403
00000000
00000000
00003405
00000000
00003406
00000000
00003409
00000000
0000340A
0000340C
00000000
00000000
0000340D
0000340E
00000000
00003410
00000000
00000000
00000000
00000000
00003411
00000000
00003412
00003414
00003415
00000000
00003417
00000000
00000000
00000000
00003418
00000000
00003419
00000000
00000000
00000000
00000000
0000341A
0000341B
00000000
00000000
00000000
00000000
00000000
0000341D
00000000
00000000
00000000
0000341E
00000000
00000000
0000341F
00003421
00000000
00000000
00000000
00003422
00000000
00000000
00003423
00003426
00000000
00003427
00003428
00003429
0000342A
00000000
00000000
0000342C
00000000
00000000
00000000
00000000
0000342D
00000000
00000000
0000342F
00003430
00000000
00003431
00000000
00003432
00003433
00000000
00003434
00000000
00000000
00000000
00003435
00000000
00000000
00000000
00000000
00003437
00000000
00003438
00000000
00000000
00000000
00000000
00000000
00000000
0000343A
00000000
0000343B
00000000
00000000
00000000
0000343C
0000343E
00003440
00000000
00000000
00000000
00000000
0000591B
00003441
00000000
00000000
00000000
00003442
00000000
00000000
00000000
00000000
00003443
00000000
00000000
00000000
00003445
00003446
00000000
00000000
00000000
00003447
00000000
00000000
00003448
00003449
00000000
0000344A
00000000
00000000
00000000
00000000
00000000
0000344C
00000000
0000344D
00000000
0000344F
00000000
00000000
00003450
00003451
00000000
00003452
00004808
00000000
00000000
00000000
00000000
00003453
00003454
00003455
00000000
00000000
00000000
00003456
00000000
00000000
00003458
00000000
00000000
00003459
0000345B
0000345C
00000000
0000345D
00000000
00000000
00000000
0000345E
00000000
00000000
00000000
0000345F
00000000
00000000
00000000
00003460
00000000
00000000
00000000
00003462
00000000
00000000
00000000
00000000
00000000
00000000
00003463
00003464
00003465
00003466
00000000
00000000
00000000
00000000
00000000
00003467
00003468
00000000
00000000
00003469
00000000
00000000
00000000
00000000
00000000
00000000
00000000
0000346A
00000000
00000000
0000346B
0000346E
00000000
00000000
0000346F
00000000
00000000
00003470
00000000
00003471
00003472
00003473
00000000
00003474
00006917
00000000
00003476
00000000
00000000
00003477
00000000
00000000
00000000
00003478
00000000
0000347A
000036F4
0000347B
0000347C
00000000
000062E5
00000000
0000347D
00000000
00000000
00000000
0000347E
00000000
00003865
00000000
0000347F
00003481
00000000
00003482
00000000
00000000
00000000
00000000
00003483
00000000
00000000
00003486
00005916
00003487
00000000
00003488
00000000
000068E7
00000000
00000000
00003489
00005D95
0000348A
0000348C
00000000
00000000
00000000
0000348E
00003490
00000000
00000000
00003492
00000000
00000000
00003493
00003494
00003497
00000000
00000000
00000000
0000349A
00000000
0000349B
0000349C
00000000
0000349E
00000000
00000000
00000000
000034A0
00000000
00000000
000034A2
00000000
00000000
000034A3
00000000
00000000
00000000
00000000
000034A5
00004E08
00000000
00000000
00000000
000034A6
00000000
000034A7
00000000
000034A8
000034A9
000034AA
00000000
000034AB
00000000
00000000
000034AD
00000000
00000000
00000000
000034AE
00000000
000034AF
00000000
00000000
00000000
00000000
000034B0
00000000
00000000
000034B1
00000000
00000000
000034B3
00000000
000034B5
00000000
00000000
00000000
00000000
00000000
000062EB
000034B6
000034B7
000034B8
000034B9
000034BA
000034BB
000034BC
00000000
00000000
00000000
0000648C
000034BD
00000000
000034BE
00000000
00000000
00000000
000034BF
000034C0
00000000
00000000
00000000
000034C1
00000000
00000000
00000000
000034C2
000034C3
00000000
00000000
00000000
000034C4
000034C5
00000000
00000000
00000000
00000000
00000000
00000000
00000000
000034C7
00000000
00000000
00000000
00000000
00000000
000034C9
00000000
00000000
00003BFD
00000000
000034CA
000034CB
00000000
00000000
000034CC
000034CD
000034CE
00000000
00000000
00000000
00000000
00004B26
000034CF
000034D1
00000000
00000000
00000000
00000000
000034D2
000034D4
00000000
00000000
00000000
000034D5
00000000
00000000
00000000
00000000
000034D6
000034D7
00000000
00000000
00000000
000034D8
000034DB
00000000
000034DC
000034DD
000034DE
000034E0
00000000
00000000
000034E1
000034E2
000034E3
000034E4
00000000
000034E5
00000000
00000000
000034E7
000034E8
00000000
000034E9
0000398C
00000000
00000000
000034EA
000034EB
00000000
00000000
000034EC
000034ED
00000000
00000000
000034EE
00003F02
00000000
00000000
000034EF
00000000
000034F0
00000000
00000000
00000000
00000000
000034F1
00000000
000034F2
000034F3
00000000
00000000
000034F4
00000000
000034F5
000034F6
00000000
00000000
000034F7
00004747
000034F8
00000000
00000000
00000000
00000000
000034F9
00000000
00000000
00000000
00000000
00000000
000034FA
00000000
00000000
00000000
00000000
000034FB
00000000
00000000
000034FC
00000000
000034FF
00003500
00000000
00000000
00003502
00000000
00000000
00000000
00003503
00000000
00003505
00000000
00000000
00003506
00000000
00000000
00000000
00003507
00000000
00000000
00000000
00000000
00003508
00000000
00000000
00000000
00000000
00000000
00000000
00003509
0000350B
0000350C
0000350D
00000000
00000000
00006E9F
00000000
00000000
0000350E
00000000
00000000
0000350F
00000000
00003510
00003511
00003512
00000000
00003513
00006FAD
00003514
00003962
00000000
00000000
00003515
00000000
00000000
00000000
00003517
0000351B
00000000
00000000
0000351D
0000351E
00000000
0000351F
00000000
00000000
00000000
00004589
00003520
00000000
00000000
00000000
00003521
00000000
00000000
00006314
00000000
00003523
00000000
00000000
00000000
00000000
00000000
00003524
00000000
00004473
00003525
00003526
00000000
00000000
00000000
00003527
00000000
00000000
00003528
00000000
00000000
00000000
00000000
00003529
00000000
0000352A
00000000
00000000
00000000
0000352B
00000000
00000000
00000000
00000000
0000352C
000062A0
00007310
00000000
0000352D
00006C14
00000000
0000352E
00003530
00000000
00003531
00000000
00003532
00003536
00000000
00000000
00000000
00000000
00003538
00003539
0000353B
00000000
00000000
00000000
00000000
00000000
00000000
00000000
0000353C
0000356C
0000353E
00000000
00000000
00003540
00000000
00000000
00000000
00000000
00003541
00000000
00000000
00003542
00003543
00000000
00003544
00000000
00000000
00000000
00003545
00003546
00000000
00003548
00003549
00000000
0000354B
00000000
0000354C
00000000
0000354D
00000000
00000000
00000000
00000000
00000000
0000354E
00000000
00005181
00000000
0000354F
00000000
00000000
00003550
00003666
00000000
00003551
00003552
00003553
00000000
00000000
00000000
00000000
00005C4A
00000000
00000000
00003554
00000000
00000000
00003555
00000000
00000000
00003556
00003557
00000000
00000000
00003558
0000355A
00000000
00000000
0000355B
0000355C
00000000
0000355D
00003560
00000000
00003562
00000000
00003563
00000000
00003566
00000000
00003567
00000000
00000000
00000000
00003568
00000000
00000000
00000000
0000356A
0000356E
0000356F
00003570
00003571
00000000
00003572
00000000
00003573
00000000
00003575
00003576
00000000
00000000
00000000
00000000
00000000
00003578
00003579
0000357A
00000000
00000000
00000000
00000000
0000357B
0000357C
00000000
00000000
00000000
00000000
0000357D
00000000
0000357E
0000357F
00000000
00003580
00000000
00003581
00003582
00000000
00003586
00003587
0000358B
00000000
00000000
00000000
00000000
0000358C
00000000
00000000
00000000
0000358D
0000358E
00000000
00000000
00000000
0000358F
00000000
00000000
00000000
00003ED1
00000000
00003590
00000000
00003593
00000000
00003595
00000000
00003596
00000000
00000000
00000000
00000000
00000000
00003598
00000000
00000000
00003599
00000000
00000000
0000359A
0000359B
00000000
0000359C
00000000
00000000
00000000
0000359D
0000359E
00000000
00000000
0000359F
00000000
00000000
000035A1
000035A2
00000000
000035A4
00000000
000035A5
000035A6
00000000
00000000
00000000
000035A7
00000000
00000000
00000000
00000000
00000000
000035A8
00000000
000035A9
00000000
000035AA
00004B59
000035AB
00000000
00000000
000035AC
000035AD
00000000
00006AAB
000035AE
000035B0
00000000
000035B1
00000000
000035B3
00000000
000035B4
00000000
000035B6
000035B7
00000000
00000000
000035B8
00000000
00000000
00000000
00000000
000035B9
00000000
00000000
000035BB
000035BC
000035BD
00000000
00000000
00000000
00000000
000035BE
00000000
00000000
000035C0
00000000
00000000
000035C1
00000000
000035C2
000035C3
00000000
000039D9
000035C6
000035C8
00000000
00000000
00000000
000035C9
000035CB
00000000
00000000
000035CC
00000000
00000000
00000000
000035CD
00000000
00000000
00000000
000035D3
00000000
00000000
00005C5E
000035D4
00000000
000035D5
000035D6
000035D7
00000000
00000000
000035D8
00000000
00004099
000035D9
00000000
00000000
00000000
00000000
000035DC
00000000
00000000
00000000
000035DD
000035DE
00000000
00000000
000035DF
000035E0
000035E2
000035E3
00000000
00000000
00000000
000035E4
000035E5
00000000
00000000
000035E6
000049AA
00000000
000035E7
00000000
000035E8
00000000
00000000
00000000
000035E9
00000000
000035EA
00000000
00000000
000035EB
00000000
00000000
00000000
00000000
000035EC
00000000
000035ED
000035F1
00004BAD
000035F2
00000000
000035F3
00000000
00000000
000035F4
00000000
00000000
00000000
000035F6
000035F7
00000000
000035F8
00000000
00000000
00000000
00000000
00000000
000035F9
000035FA
00000000
00000000
00000000
00000000
000035FB
00000000
000035FE
000035FF
00000000
00000000
00003600
00000000
00003601
00003602
00000000
00003603
00000000
00000000
00003604
00000000
00003605
00000000
00003606
00000000
00000000
00003607
00003609
00000000
00000000
0000360A
00000000
00000000
0000360B
00000000
0000360C
00000000
0000360E
0000360F
00000000
00003610
00000000
00003611
00003612
00003614
00000000
00000000
00003615
00000000
00000000
00003616
00000000
00000000
00003617
00000000
00000000
00000000
00000000
00003618
00000000
00000000
00000000
00003619
00000000
0000361A
00000000
0000361B
00000000
00000000
0000361D
00000000
00000000
0000361E
0000361F
00000000
00000000
00003620
00000000
00000000
00003621
00000000
00000000
00000000
00003622
00000000
00000000
00000000
00000000
00000000
00000000
00000000
00000000
00000000
00000000
00003623
00000000
00000000
00000000
00003625
00000000
00000000
00003627
00000000
00003628
00000000
00000000
00000000
00003629
0000362A
00000000
0000362B
00000000
00000000
0000362C
0000362D
00005AA5
00000000
00000000
000060DA
0000362E
00000000
00000000
00003630
00000000
00000000
00000000
00003631
00000000
00000000
00003633
00000000
00000000
00000000
00003635
00000000
00000000
00000000
00003636
00000000
00000000
00000000
00000000
00000000
00000000
00003637
00000000
00000000
00003638
00000000
00000000
00000000
000047E4
00000000
00000000
00003639
0000363A
00000000
00000000
00000000
0000363B
00000000
00000000
00000000
0000363C
0000363D
00000000
0000363E
00000000
00000000
00000000
00000000
00000000
00003640
00000000
00000000
00000000
00000000
00003F65
00003641
00000000
00000000
00000000
00003643
00000000
00003644
00000000
00000000
00003645
00000000
00000000
00003646
00000000
00000000
00000000
00000000
00003647
00000000
00000000
00003649
00000000
00000000
0000364A
00000000
0000364B
00000000
00000000
00000000
0000364F
00000000
00000000
00000000
00003650
00000000
00000000
00003651
00000000
00000000
0000442A
00000000
00003652
00003653
00000000
00003654
00000000
00000000
00000000
00003655
00000000
00000000
00000000
00003658
00003659
00000000
00000000
00000000
00000000
0000365A
00000000
00000000
0000365B
00000000
0000365C
00000000
0000365D
00000000
00000000
00000000
0000365E
0000365F
00003660
00000000
00000000
00003661
00003664
00000000
00000000
00003665
00000000
00003667
00000000
00003668
00000000
00000000
00000000
00000000
00000000
00000000
00003669
0000366A
00000000
0000366B
00000000
00000000
00000000
0000366C
0000366D
00000000
00000000
00000000
0000366E
00000000
00000000
00000000
00000000
00000000
00000000
0000366F
00000000
00000000
00000000
00004755
00000000
00003671
00000000
00003673
00000000
00000000
00003674
00003675
00003676
00000000
00003677
00003679
0000367A
00000000
0000367C
00000000
0000367D
0000367E
00000000
00000000
0000367F
00000000
00000000
00000000
00003680
00000000
00000000
00003681
00000000
00003682
00003684
00003685
00003686
00000000
00000000
00003689
00000000
00000000
0000368A
000046C6
0000368B
00000000
00000000
00000000
00000000
0000368C
00000000
00000000
0000368D
0000368F
00000000
00000000
00003690
00003691
00000000
00003693
00000000
00003695
00000000
00000000
00000000
00000000
000062C1
00000000
00003696
00000000
00000000
00003697
00000000
00003699
0000369A
0000369B
0000369C
0000369D
00000000
00000000
0000369E
00000000
0000369F
000036A1
00000000
00000000
00000000
00000000
000036A2
00006769
00000000
00000000
000036A3
00000000
00005B6F
00000000
000036A5
00000000
00000000
00000000
00000000
00000000
00000000
00000000
000036A6
000036A7
00000000
00000000
000036A8
00000000
00000000
000036A9
00000000
00000000
000036AA
000036AB
00000000
00000000
000036AC
00000000
00000000
000036AD
00000000
00000000
00000000
000036AE
000036AF
00000000
00000000
00000000
00000000
00000000
000036B0
000061DF
00000000
00000000
000036B2
00000000
00000000
00000000
000036B3
00000000
00000000
000036B4
00000000
00000000
00000000
000036B5
000036B6
00000000
000036B7
000036B9
000036BA
00000000
00000000
00000000
000036BB
00000000
00000000
000036BC
00000000
00000000
000036BD
00000000
00003FCC
000036BF
00000000
000036C0
00000000
00000000
00000000
00000000
00000000
00000000
00004048
000036C2
00003D25
00000000
000036C3
000036C4
00000000
00000000
00000000
00000000
000036C6
00000000
00000000
00000000
000036C7
00000000
000036C8
000036C9
00000000
000036CA
00000000
00000000
00000000
000036CB
00000000
00000000
000036CD
000036CE
00000000
00000000
00000000
000036D0
00000000
00000000
000036D1
000036D2
00000000
00000000
000036D4
000036D5
00000000
000036D6
000036D7
000036D8
00005B8A
00000000
00000000
00000000
000036D9
000036DA
000036DB
00000000
00000000
000036DC
00000000
00000000
00000000
000036DE
00000000
00000000
00000000
000036DF
00000000
00000000
000036E0
00003A6D
00000000
000036E3
00000000
00000000
00000000
000036E4
000036E5
000036E6
00000000
00000000
000036E7
00000000
00000000
00000000
000036E8
00000000
00000000
00000000
000036E9
00000000
00000000
00004D75
00000000
000036EA
00000000
00000000
000036EB
00000000
00000000
000036EC
000036ED
00000000
00000000
00000000
000036EE
00000000
00000000
000036EF
00000000
000036F0
00000000
00000000
000036F1
000036F3
00000000
00000000
000036F6
000036F8
000036F9
00000000
00000000
000036FC
00000000
000062DC
000036FD
000036FE
000036FF
00003702
00000000
00003704
00003707
00003709
00000000
00004D6B
00000000
0000370B
00000000
00000000
00000000
0000370C
00000000
00000000
0000370D
0000370E
0000370F
00000000
00000000
00000000
00000000
00000000
00003710
00000000
00000000
00003712
00000000
00000000
00000000
00000000
00000000
00003713
00000000
00000000
00003714
00003715
00000000
00000000
00000000
00003716
00000000
00000000
00003717
00000000
00003718
00000000
00003719
0000371A
00000000
00000000
0000371B
00000000
0000371C
00000000
00000000
00000000
0000371D
00000000
00000000
0000371E
0000371F
00003720
00003721
00000000
00000000
00000000
00000000
00000000
00003722
00003723
00000000
00000000
00003726
00003727
00000000
00000000
00003728
00000000
00000000
00003729
0000372C
00000000
0000372D
00000000
00000000
0000372E
00003730
00004C9A
00000000
00000000
00000000
00000000
00000000
00000000
00003732
00006845
00000000
00003733
00003735
00003736
00000000
00003737
00000000
00000000
00003738
00000000
00000000
00000000
00000000
00000000
00000000
00000000
00003739
00000000
00000000
0000373B
00000000
0000373C
00000000
00000000
0000373F
00003741
00003742
00003744
00000000
00003748
00000000
00003749
00000000
0000374B
00000000
00000000
0000374E
00000000
0000374F
00003750
00003754
00000000
00000000
00000000
00003755
00000000
00000000
00003756
00000000
00003757
00003758
00000000
00000000
00003759
00000000
00005F85
0000375A
0000375C
00000000
00000000
00000000
00000000
0000375D
00000000
00000000
0000375E
00003760
00000000
00000000
00005B45
00000000
00003761
00000000
00003762
00000000
00003763
00000000
00003764
00003765
00000000
00000000
00000000
00003766
00003768
00000000
00003769
0000376A
0000376C
0000376D
0000376E
00000000
00000000
00000000
00000000
00005DF3
00000000
00000000
00003771
00003773
00000000
00003774
00000000
00000000
00003775
00004920
00003776
00000000
00003777
00000000
00000000
00000000
00000000
00003778
00003779
00000000
00000000
0000377A
00000000
00000000
00000000
00000000
00000000
00000000
00000000
0000377B
00000000
00000000
00000000
00000000
0000377D
0000377E
00000000
0000377F
00003780
00000000
00000000
00000000
00000000
00000000
00000000
00000000
00000000
00003781
00003782
00003784
00000000
00000000
00000000
00005D57
00003786
00003787
00003788
000041C5
00000000
00003789
0000378A
0000378B
00000000
00000000
00000000
0000378D
0000378E
00000000
00000000
00000000
0000378F
00000000
00003790
00003791
00003795
00000000
00003796
00000000
00000000
00003797
00000000
00003799
00000000
0000379A
00000000
0000379C
00000000
0000379D
000037A0
000037A1
00000000
000037A2
000037A3
000037A5
000037A6
00000000
00000000
00000000
00000000
000037A7
00000000
000037A8
00000000
00000000
000037A9
00000000
00000000
00000000
00000000
00000000
000037AA
000037AB
00000000
00000000
000037AC
00000000
00000000
000037AD
00000000
00000000
000037AE
000037B0
00000000
000037B2
00000000
00000000
000037B3
00000000
000037B4
00000000
00000000
00000000
00000000
00000000
000037B5
000037B7
00000000
00000000
000037B8
000037B9
00000000
00000000
00000000
00000000
00000000
000037BA
00000000
000037BB
00000000
00000000
000037BD
00000000
00000000
00000000
000037BF
00000000
00000000
00000000
00000000
00000000
00000000
000037C2
00000000
00000000
000054AC
00000000
000037C3
000037C4
00000000
00000000
00000000
000037C6
000037C7
00000000
00000000
00000000
00000000
00000000
000037C8
000037C9
00000000
000037CA
000037CB
000037CC
00000000
000037CD
00000000
000037CE
00000000
00000000
00000000
00000000
000037D0
00000000
000037D2
000037D3
00000000
000037D4
00000000
00000000
00000000
00000000
000037D5
00000000
00000000
000037D6
000037D7
00003FD1
000037D8
00000000
00000000
00000000
000037D9
00000000
00000000
00000000
000037DA
00000000
00000000
000037DB
00000000
00000000
000037DE
00000000
00000000
00000000
000037E0
000037E1
00000000
00000000
00000000
000037E3
00006AA8
00000000
00000000
00000000
000037E5
000037E6
00000000
00000000
000062AD
00000000
000037E7
00000000
000037E8
00000000
000037E9
00000000
000037EA
00000000
000037EE
00000000
00000000
0000701E
00000000
000037EF
000037F0
000037F4
00000000
00000000
00000000
000037F5
00000000
000037F7
00000000
00000000
000037F8
00000000
000037F9
00000000
000037FB
000037FC
00000000
000037FD
00000000
00000000
000037FE
000037FF
00003800
00000000
00000000
00003801
00003802
00003804
00000000
00000000
00000000
00000000
00000000
00000000
00003806
00000000
00000000
00000000
00003808
00003809
0000380B
00000000
00000000
00000000
0000380C
00000000
00000000
0000380D
0000380E
00000000
00000000
00000000
00000000
00000000
0000380F
00003810
00000000
00000000
00003812
00000000
00000000
00003815
00003E87
00003818
00000000
00000000
00003819
0000381A
00000000
0000381B
00000000
00000000
00000000
0000381C
00000000
0000381D
00000000
0000381F
00000000
00003B1C
00000000
00003820
00003821
00000000
00000000
00003822
00003823
00000000
00000000
00003824
00000000
00000000
00000000
00003825
00003826
000050A7
00000000
00000000
00003827
00000000
00003829
0000382A
0000382B
00000000
00000000
0000382C
00000000
00000000
00000000
00000000
0000382D
00000000
0000382E
00000000
00000000
00000000
00003830
00000000
00003831
00000000
00000000
00000000
00000000
00000000
00003834
00000000
00000000
00000000
00000000
00003B2B
00003835
00003836
00000000
00000000
00003837
00000000
00005064
00000000
00003838
00000000
00000000
00000000
00003839
00000000
00000000
00000000
00000000
00000000
00000000
00000000
00000000
00000000
0000383A
00000000
0000383E
00000000
00003840
00003841
00003842
00000000
00000000
00003844
00003847
00003849
00000000
00000000
00000000
00000000
0000384A
00000000
0000384B
00000000
00000000
00000000
00000000
0000384E
00003852
00000000
00000000
00003853
00003854
00003855
00000000
00000000
00000000
00000000
00000000
00000000
00003A8B
00003856
00005C58
00003858
00000000
00000000
00000000
00000000
00000000
00000000
00003859
00000000
00000000
00000000
0000385A
00000000
0000469D
00000000
00000000
00000000
00000000
0000385B
00000000
00000000
00000000
0000385D
00000000
0000385E
00000000
00003861
00003862
00000000
00003863
00003864
00003866
00000000
00003867
00000000
00003868
00000000
00003869
00000000
00000000
00000000
00000000
00000000
00000000
0000386A
00000000
0000386B
0000386C
00000000
00000000
00000000
00000000
0000386D
00000000
00000000
0000386E
00000000
00000000
0000386F
00000000
00000000
00003870
00000000
00000000
00000000
00003871
00000000
00003872
00003874
00000000
00003875
00003877
00003878
00000000
00000000
00003879
000057C2
00000000
00000000
00000000
0000387A
00000000
00000000
00000000
0000387B
00000000
00000000
0000387C
00000000
00000000
00000000
0000387D
00000000
0000387E
0000387F
00003880
00003881
000067CC
00000000
00000000
00000000
00000000
00000000
00000000
00003882
00000000
00003883
00000000
00000000
00003884
00000000
00000000
00000000
00000000
00003885
00000000
00003886
00003887
00000000
00003BCE
00000000
00000000
00000000
00000000
00003888
00000000
00000000
00000000
00003889
0000388A
00000000
00000000
00000000
00000000
0000388B
00000000
00000000
00000000
00000000
00000000
0000388C
00000000
00000000
00000000
00000000
00003890
00000000
00000000
00000000
00000000
00000000
00000000
00000000
00003891
00003894
00000000
00000000
00000000
00003895
00000000
00000000
00006940
00000000
00003896
00003897
00000000
00000000
00003898
00000000
00000000
00003899
00000000
00000000
00000000
00000000
00000000
00000000
00000000
0000389B
00000000
0000389C
00000000
00000000
0000389D
00000000
00000000
00000000
00000000
00003F5D
0000389E
00000000
00000000
00000000
00000000
00000000
0000389F
000038A0
00000000
000038A1
00000000
000038A4
00000000
00000000
00000000
000047BD
00000000
000038A5
00004453
00000000
00000000
000038A6
000038A8
000038AA
00000000
00000000
00000000
00000000
00000000
00005A0A
000038AB
00000000
00000000
00000000
00000000
000038AC
00000000
00000000
000038AD
00000000
00000000
000062A2
00000000
000038B0
000038B1
00000000
00000000
000038B2
00000000
0000732E
00000000
00000000
000038B4
00000000
00000000
00000000
000038B6
00000000
000038B7
000038B8
0000435C
00003EE9
00000000
00000000
00000000
00000000
000038B9
00000000
00000000
00000000
00000000
00000000
00000000
000038BA
000038BB
000038BC
000038BD
00000000
00000000
000038BF
000038C1
00000000
000038C3
00000000
000038C4
00000000
00000000
000038C5
000038C6
00000000
000038C9
000038CA
00000000
00000000
00000000
000038CD
000038CE
000038CF
000038D2
000038D5
00000000
00000000
000038D7
00000000
00000000
000038D8
00003B11
00000000
00000000
000038D9
000038DA
000038DB
00000000
00000000
000038DD
00000000
00000000
000038DE
00000000
00000000
00000000
000038DF
000038E0
000038E2
00000000
00000000
00000000
00000000
00000000
000038E3
00000000
000038E4
000038E7
00000000
000038E8
000038E9
00000000
00000000
000038EB
00000000
00000000
00000000
00000000
00000000
000038EE
00000000
00000000
000038EF
00000000
00000000
00000000
000038F0
00000000
000038F1
00000000
000038F2
00000000
000038F3
000047B1
00000000
00000000
000038F4
00000000
000038F6
00000000
000038F7
000038FF
00000000
00000000
000038F8
000038F9
00000000
00000000
000038FB
00000000
00000000
00000000
00000000
000038FC
000038FD
000038FE
00003900
00000000
00003901
00003902
00003903
00000000
00003904
00000000
00000000
00003905
00000000
00003906
00000000
00000000
00004C86
00000000
00003907
00003908
0000730E
00000000
00000000
0000390A
00000000
00000000
00000000
0000390B
00000000
00000000
0000390D
0000390F
00000000
00003911
00000000
00003912
00000000
00000000
00003913
00000000
00000000
00003914
00000000
00000000
00000000
00000000
00000000
00005B0A
00003915
00003918
00000000
00000000
00000000
00000000
00000000
00004936
00003919
00000000
00000000
00000000
00000000
00000000
0000391A
00000000
00000000
0000391C
00000000
00000000
0000391E
0000391F
00003920
00000000
00000000
00000000
00000000
00000000
00000000
00000000
00003923
00000000
00000000
00003924
00000000
00003925
00000000
00000000
00003926
00000000
00000000
00003927
00003928
00000000
00003929
00000000
00000000
0000392C
00000000
0000392D
00000000
00000000
00000000
00000000
0000392E
00000000
00000000
0000392F
00000000
00000000
00000000
00000000
00000000
00000000
00003930
00000000
00000000
00000000
00003931
00005520
00003935
00000000
00000000
00003936
00000000
00000000
00000000
00000000
00003938
00003939
0000393B
00000000
00000000
00000000
00000000
0000393C
0000393D
00000000
0000393E
00000000
00000000
00000000
00000000
00003941
00003942
00000000
00003945
00000000
00000000
00000000
00000000
00000000
00000000
00003946
00000000
00000000
00000000
00003948
00000000
00000000
00004149
00003949
0000394A
00000000
00000000
00000000
0000394B
00000000
00000000
00000000
00000000
0000394C
00000000
00000000
0000394D
0000394E
00000000
00000000
00000000
00000000
0000394F
00005FBF
00003951
00000000
00003953
00000000
000039E1
00000000
00000000
00003954
00003955
00006A56
00000000
00003956
00000000
00000000
00000000
00006A06
00003957
00000000
00000000
00003959
0000395A
00000000
0000395B
00000000
00000000
0000395D
00000000
0000395F
00000000
00003960
00000000
00003964
00003966
00003967
00000000
00000000
00003968
0000396A
0000396B
00000000
0000396C
0000396F
00003970
00000000
00000000
00000000
00000000
00000000
00003971
00000000
00003973
00003974
00000000
00000000
00000000
00003975
00000000
00000000
00000000
00000000
00000000
00000000
00003976
00003977
00000000
00003978
0000397A
00000000
00000000
000041BF
0000397D
0000397E
00003980
00000000
00000000
00003981
00003982
00000000
00003983
00000000
00000000
00000000
00000000
00000000
00003984
00000000
00003985
00000000
00000000
00003986
0000736E
00000000
00003987
00000000
00003989
0000398A
0000398B
00000000
00000000
00000000
0000398E
00000000
00000000
00003993
00000000
00000000
00000000
000052DE
00000000
00000000
00003995
00000000
00000000
00003996
00000000
00000000
00003997
00003998
00000000
00000000
00003999
0000399A
0000399B
0000399C
00000000
00000000
0000399D
00000000
0000399E
00000000
0000399F
00000000
000039A0
000039A2
00000000
00000000
00000000
00000000
000039A3
000039A5
00000000
00000000
000039A7
000065A2
00000000
00000000
00000000
000039A9
00000000
00000000
000039AB
000039AC
00000000
000039AD
000039AE
00000000
00000000
00000000
00000000
000039B2
000039B3
00000000
000039B7
00000000
000039B9
00000000
000039BB
00000000
000039BC
00000000
000039BD
00000000
00000000
000039BF
000039C0
00000000
000039C1
000039C2
000039C4
00000000
000039C5
000039C6
00000000
00000000
000039C7
000039C8
00000000
00000000
000039C9
00000000
00000000
000039CA
00000000
00000000
00004A92
000039CC
00000000
000039CD
000039CE
000039CF
00000000
00000000
00000000
00000000
00000000
000039D0
000039D1
00000000
00000000
000039D2
000039D3
00000000
00000000
00000000
00004315
000039D5
00000000
00000000
000039D6
00000000
00000000
00000000
000039D7
000039DA
000039DB
00000000
00000000
000039DC
00000000
000039DD
00000000
000039DE
00000000
000039DF
000039E0
00000000
00000000
00000000
00000000
000039E2
000039E3
00000000
00000000
000039E6
00005093
000039E7
000039E8
00000000
000039E9
000039EA
00000000
00000000
000039EB
00000000
00000000
000039EC
00006EF7
000039ED
00000000
00000000
00000000
00000000
00000000
00006BCE
000039EE
00000000
000039EF
000039F0
00000000
00000000
000039F2
00000000
000039F3
00000000
00000000
000039F4
00000000
000039F5
00000000
00000000
000039F6
000039F8
00000000
00000000
000039FA
00000000
000039FB
00000000
00000000
000039FD
00000000
00000000
00004FC8
000039FE
000039FF
00000000
00000000
00000000
00000000
00003A00
00000000
00000000
00003A01
0000563F
00000000
00003A02
00006BC5
00000000
00003A03
00006205
00000000
00003A09
00000000
00003A0A
00000000
00000000
00000000
00003A0C
00000000
00000000
00003A0D
00003A10
00003A13
00000000
00003A14
00000000
00000000
00000000
00003A15
00000000
00000000
00000000
00003A16
00000000
00000000
00000000
00003A17
00000000
00003A18
00003A19
00000000
00000000
00003A1A
00003A1B
00000000
00000000
00000000
00000000
00003A1D
00003A1E
00000000
00000000
00003A1F
00003A22
00003A23
00003A25
00000000
00000000
00003A26
00000000
00003A27
00000000
00000000
00003A28
00000000
00000000
00003A29
00000000
00000000
00003A2C
00000000
00000000
00000000
00000000
00003A2D
00000000
00000000
00003A2E
00003A30
00000000
00000000
00003A31
00000000
00003A35
00000000
00000000
00003A36
00003A37
00003A38
00003A3A
00003A3D
000061CF
00000000
00003A3F
00003A40
00000000
00000000
00003A41
00000000
00000000
00000000
00003A42
00000000
00000000
00003A45
00003A46
00000000
00003A48
00003A49
00000000
00000000
000050D8
00000000
00003A4A
00000000
00000000
00003A4B
00000000
00000000
00003A4C
00000000
00003A4E
00003A4F
00000000
00003A50
00003A51
00003A52
00003A53
00000000
00000000
00003A54
00000000
00000000
00003A55
00000000
00000000
00003A56
00000000
00003A57
00000000
00006140
00000000
00003A58
00000000
00004554
00003A59
00000000
00000000
00000000
00003A5A
00000000
00003A5B
00000000
00003A5C
00003A5D
00000000
00003A5E
00000000
00000000
00003A5F
00000000
00003A60
00000000
00000000
00000000
00003A62
00000000
00003A63
00003A64
00003A66
00000000
00003A67
00005CAE
00000000
00000000
00000000
00003A68
00000000
00000000
00000000
00003A69
00003A6A
00000000
00000000
00000000
00003A6E
00000000
00000000
00000000
00000000
00003A6F
00000000
00000000
00000000
00003A70
00000000
00000000
00003A71
00000000
00000000
00003A72
00000000
00000000
00000000
00000000
00000000
00000000
00003A73
00003A74
00000000
00003A75
00000000
00003A77
00000000
00003A79
00000000
00000000
00003A7C
00000000
00003A7E
00000000
00000000
00000000
00003A7F
00003A80
00003A81
00000000
00000000
00000000
00003A82
00003A83
00003A85
00000000
00000000
00000000
00003A86
00000000
00000000
00000000
00003A87
00006013
00000000
00000000
00003A88
00000000
00000000
00003A89
00003A8A
00000000
00000000
00000000
00000000
00003A8C
00003A8D
00000000
00000000
00000000
00003A8E
00000000
00000000
00000000
00000000
00003A8F
00003A90
00003A91
00003A92
00000000
00000000
00003A94
00003A95
00000000
00004470
00000000
00003A96
00000000
00003A97
00003A99
00000000
00000000
00000000
00000000
00000000
00000000
00000000
00003A9A
00000000
00000000
00000000
00003A9B
00003A9D
00000000
00000000
00003AA0
00003AA1
00000000
00000000
00003AA3
00000000
00000000
00000000
00000000
00003AA4
00000000
00000000
00003AA5
00003AA6
0000704F
00000000
00003AA7
00000000
00000000
00000000
00000000
00000000
00000000
00000000
00003AA8
00003AA9
00000000
00003AAA
00003AAB
00000000
00000000
00003AAD
00000000
0000610D
00000000
00003AAE
00000000
00000000
00003AAF
00003AB0
00000000
00003AB1
00000000
00003AB2
00000000
00003AB3
00003AB4
00000000
00003AB5
00003AB7
00003AB8
00005AE0
00003AB9
00000000
00003ABA
00000000
00000000
00000000
00003ABB
00000000
00000000
00000000
00003ABC
00003ABD
00004212
00003ABE
00000000
00003C93
00003ABF
00000000
00007354
00003AC0
00003AC1
00003AC3
00000000
00003AC5
00003AC6
00000000
00003AC7
00003AC8
00000000
00003ACA
00003ACB
00000000
00000000
00000000
00000000
00003ACC
00003ACE
00000000
00000000
00000000
00003ACF
00000000
00003AD0
00003AD1
00000000
00003AD3
00000000
00000000
00000000
00000000
00000000
00003AD4
00000000
00003AD6
00000000
00000000
00003AD8
00000000
00003AD9
00003ADA
00000000
00000000
00000000
00000000
00003ADB
00000000
00000000
00003ADF
00000000
00003AE0
00000000
00000000
00003AE2
00000000
00003AE3
00003AE4
00000000
00000000
00003AE5
00000000
00000000
00000000
00000000
0000573E
00000000
00003AE6
00000000
00003AE7
00000000
00000000
00003AE8
00000000
00003AE9
00000000
00000000
00003AEA
00000000
00000000
00000000
00003AEB
00003AEC
00000000
00000000
00003AED
00003AEE
00003AEF
00000000
00000000
00003AF1
00003AF2
00000000
00003AF4
00003AF5
00003AF9
00000000
00000000
00003AFA
00000000
00000000
00000000
00003AFB
00000000
00000000
00003AFC
00003AFD
00003AFE
00000000
00000000
00003AFF
00000000
00000000
00000000
00000000
00003B01
00000000
00003B02
00000000
00000000
00000000
00000000
00003B03
00000000
00000000
00000000
00000000
00003B04
00003B05
00000000
00000000
00000000
00000000
00003B06
00000000
00000000
00003B07
00000000
00000000
00000000
00003B08
00003B09
00003B0A
00003B0C
00000000
00000000
00003B0D
00003B0F
00000000
00000000
00006FD4
00003B10
00000000
00003B12
00000000
00000000
00000000
00003B13
00000000
00003B14
00000000
00000000
00003B17
00000000
00000000
00003B18
00000000
00003B19
00003B1A
00000000
00003B1B
00000000
00000000
00003B1E
00000000
00000000
00003B1F
00000000
00003B21
00003B22
00000000
00003B23
00000000
00000000
00000000
00003B26
00000000
00000000
00000000
00000000
00000000
00000000
00000000
00003B28
00000000
00000000
00000000
00003B2A
00000000
00000000
00000000
00000000
00003B2D
00000000
000042F9
00000000
00003B2F
00000000
00000000
00000000
00003B30
00000000
00003B31
00000000
00003B34
00000000
00000000
00000000
00000000
00003B35
00000000
00000000
00000000
00000000
00000000
00003B37
00000000
00000000
00003B38
00000000
00000000
00003B3A
00003B3B
00000000
00000000
00000000
00003B3D
00003B3F
00003B40
00000000
00000000
00000000
00000000
00003B41
00003B42
00000000
00003B43
00003B45
00000000
00000000
00003B46
00000000
00000000
00000000
00000000
00000000
00000000
00003B47
00003B49
00000000
00000000
00000000
00003B4A
00000000
00003B4B
00003B4D
00003B4E
00004ECE
00003B4F
00000000
00000000
00000000
00003B50
00000000
00000000
00003B52
00003B53
00000000
00000000
00000000
00000000
00000000
00003B54
00000000
00000000
00000000
00003B55
00000000
00003B56
00000000
00003B57
00000000
00000000
00003B58
00000000
00003B59
00000000
00000000
00000000
00003B5B
00003B5C
00000000
00003B5F
00000000
00000000
00003B60
00000000
00000000
00003B61
00000000
00000000
00003B63
00000000
00003B65
00000000
00000000
00000000
00003B66
00000000
00000000
00000000
00000000
00003B67
00000000
00003B68
00000000
00000000
00003B69
00003B6A
00000000
00003B6B
00000000
00000000
00003B6C
00000000
00000000
00000000
00003B6D
00000000
00003B6F
000062DB
00000000
00000000
00003B70
00000000
00000000
00000000
00000000
00000000
00000000
00000000
00003B72
00000000
00000000
00003B73
00003B74
00000000
00003B75
00000000
00000000
00003B78
00003B79
00000000
00003B7A
00000000
00000000
00000000
00003B7C
00000000
00003B7D
00000000
00000000
00003B7E
00000000
00000000
00003B80
00000000
00000000
00003B81
00000000
00000000
00000000
00003B82
00000000
00006887
00000000
00003B83
00000000
00003B84
00000000
00003B85
00003B88
00003B89
00000000
00003B8A
00000000
00000000
00003B8B
00003B8D
00000000
00000000
00000000
00000000
00000000
00000000
00000000
00000000
00003B8E
00000000
00000000
00000000
00000000
00003B8F
00000000
00000000
00000000
00000000
00000000
00000000
00003B90
00000000
00000000
00000000
00003B92
00003B93
00000000
00000000
00003B94
00003B95
00000000
00000000
00003B96
00003B97
00000000
00000000
00000000
00000000
00003B99
00000000
00000000
00000000
00000000
00003B9A
00000000
00003B9B
00003B9C
00000000
00003B9D
00000000
00000000
00003B9F
00000000
00003BA0
00003BA4
00003BA5
00003BA6
00000000
00000000
00000000
00000000
00003BA9
00000000
00004B66
00000000
00003BAA
00000000
00000000
00000000
00000000
00000000
00000000
00003BAB
00000000
00003BAC
00000000
00000000
00003BAE
00003BAF
00000000
00003BB0
00003BB1
00000000
00000000
00000000
00003BB2
00000000
00003BB3
00000000
00003BB4
00000000
00003BB5
00000000
00003BB7
00003BB8
00000000
00003BB9
00000000
00000000
00000000
00003BBC
00000000
00003BBD
00000000
00003BBE
00000000
00003BC3
00000000
00000000
00000000
00000000
00000000
00000000
00000000
00003BC4
00000000
00003BC5
00000000
00003BC6
00003BC7
00000000
000067D1
00000000
00000000
00003BC8
00003BCA
00003BCB
00000000
00000000
00003BCC
00000000
00003BCD
00003BCF
00004021
00000000
00000000
00000000
00000000
00003BD1
00000000
00000000
00000000
00000000
000047B3
00003BD2
00000000
00003BD4
00000000
0000551F
00000000
00003BD6
00000000
00000000
00003BD8
00000000
00003BDA
00003BDB
00003BDC
00000000
00000000
00000000
00000000
00003BDD
00000000
00003BDE
00000000
00000000
00003BE0
00000000
00003BE1
00000000
00000000
00000000
00000000
00003BE2
00003BE3
00003BE4
00000000
00000000
00000000
00000000
00000000
00003BE6
00000000
00000000
00003BE7
00000000
00000000
00000000
00003BE8
00000000
00000000
00000000
00000000
00000000
000048EC
00003BE9
00003BEB
00003BED
00000000
00003BEE
00000000
00003BF0
00003BF1
00000000
00000000
00003BF2
00000000
00003BF3
00000000
00003BF4
00000000
00003BF5
00003BF7
00000000
00000000
00000000
00000000
00003BF8
00005723
00000000
00000000
00000000
00000000
00000000
00000000
00000000
00003BFA
00000000
00003BFB
00003BFC
00000000
00000000
00000000
00003BFF
00000000
00000000
00003C00
00000000
00000000
00003C03
00000000
00000000
00003C04
00003C05
00000000
00000000
00003C06
00000000
00003C07
00007318
00000000
00003C08
00000000
00000000
00003C09
00003C0B
00000000
00000000
00003C0C
00000000
00003C0D
00003C0E
00003C11
00000000
00000000
00003C14
00000000
00000000
00003C15
00000000
00000000
00000000
00000000
00000000
00000000
00003C16
00003C17
00003C1A
00003C20
00000000
00000000
00000000
00003C21
00003C25
00000000
00004129
00000000
00000000
00003C26
00003C27
00006926
00000000
00000000
00003C28
00000000
00000000
00003C29
00000000
00000000
00003C2B
0000499F
00000000
00000000
00000000
00003C2C
00000000
00003C2D
00003C2E
00003C2F
00000000
00000000
00003C30
00003C31
00003C32
00000000
00003C33
00003C34
00000000
00000000
00000000
00000000
00003C35
00003C3A
00000000
00003C3C
00003C3D
00000000
00003C3F
00003C40
00000000
00003C41
00003C42
00000000
00003C43
00003C44
00000000
00000000
00003C46
00000000
00000000
00000000
00003C48
00003C49
00000000
00000000
00000000
00000000
00000000
00003C4A
00000000
00000000
00000000
00000000
00003C4B
00000000
00000000
00000000
00003C4C
00000000
00000000
00003C4D
00000000
00000000
00000000
00000000
00000000
00000000
00000000
00003C4E
00003C4F
00000000
00000000
00003C50
00000000
00000000
00000000
00000000
00000000
00004063
00000000
00003C52
00003C53
00000000
00000000
00000000
00003C55
00003C56
00000000
00003C57
00000000
00000000
00000000
00000000
00000000
00003C58
00005017
00000000
00003C5A
00000000
00000000
00003C5C
00003C5D
00000000
00006B82
00003C60
00000000
00000000
00000000
00003C62
00000000
00000000
00000000
00000000
00003C65
00000000
00000000
00000000
00000000
00003C66
00003C67
00000000
00000000
00003C6A
00000000
00003C6B
00000000
00000000
00000000
00000000
00003C6C
00005A18
00000000
00003C6D
00003CDA
00003C6E
00003C6F
00000000
00000000
00000000
00000000
00003C71
00000000
00000000
00003C73
00000000
00000000
00000000
00003C75
00003C76
00000000
00000000
00000000
00003C77
00003C78
000052C0
00000000
00003C79
00000000
00000000
00000000
00000000
00003C7B
00000000
00000000
00000000
00007040
00003C7C
00003C7D
00000000
00000000
00000000
00004A66
00000000
00003C7E
00000000
00003C7F
00003C81
00000000
00000000
00003C82
00000000
00000000
00003C83
00003C84
00000000
0000687F
00000000
00000000
00003C89
00000000
00000000
00000000
00000000
00000000
00000000
00000000
00000000
00003C8A
00003C8D
00000000
00000000
00003C8E
00003C8F
00003C90
00003C91
00003C92
00003C94
00000000
00000000
00000000
00003C96
00000000
00000000
00003C97
00000000
00000000
00003C98
00000000
00000000
00000000
00003C9A
00000000
0000431C
00003C9B
00003C9C
00000000
00003C9D
00000000
00000000
00000000
00000000
00000000
00003C9E
00000000
00003C9F
00000000
00003CA0
00000000
00003CA1
00000000
00000000
00003EB1
00000000
00000000
00003CA2
00003CA3
00000000
00000000
00000000
00000000
00000000
00000000
00003CA4
00000000
00000000
00003CA5
00000000
00000000
00003CA6
00000000
00003CA7
00000000
00000000
00003CA8
00003CA9
00000000
00000000
00000000
00000000
00003CAB
00000000
00003CAD
00003CB1
00000000
00003CB2
00003CB3
00000000
00000000
00003CB5
00003CB7
00000000
00000000
00000000
00000000
00003CB9
00000000
00003CBA
00000000
00000000
00000000
00000000
00000000
00000000
00003CC0
00000000
00000000
00000000
00003CC1
00003CC2
00000000
00000000
00000000
00003CC3
00000000
00000000
00000000
00003CC4
00000000
00000000
00003CC7
00000000
00000000
00000000
00000000
00003CC8
00000000
00000000
00003CC9
00003CCA
00000000
00003CCB
00003CCD
00003CCE
00000000
00000000
00000000
00000000
00003CD2
00000000
00000000
00003CD3
00000000
00003CD4
00000000
00003CD5
00007391
00003CD6
00000000
00000000
00003CD7
00003CD8
00000000
00003CD9
00003CDB
00000000
00000000
00000000
00000000
00000000
00000000
00000000
00000000
00003CDE
00000000
00003CDF
00003CE0
00000000
00003CE1
00000000
00003CE2
00003CE3
00000000
00000000
00003CE4
00003CE5
00000000
00000000
00003CE7
00003CE8
00003CEA
00000000
00000000
00003CEB
00003CEC
00000000
00000000
00000000
00003CED
00005F55
00000000
00003CEE
00000000
00000000
00000000
00000000
00004285
00003CF0
00000000
00003CF1
00000000
00000000
00000000
00000000
00003CF2
00003CF5
00003CF6
00003CF7
00000000
00000000
00000000
00000000
00003CF9
00003CFA
00000000
00003CFB
00000000
00003CFC
00003CFE
00000000
00003CFF
00003D00
00003D01
00003D02
00000000
00003D03
00003D04
00003D06
00000000
00000000
00003D07
00003D08
00000000
00003D09
00000000
00000000
00003D0A
00000000
00003D0B
00000000
00003D0D
00003D0F
00000000
00000000
00000000
00003D10
00000000
00000000
00000000
00003D11
00003D12
00000000
000065DD
00000000
00003D13
00000000
00003D14
00000000
00003D17
00000000
00000000
00003D18
00000000
00000000
00000000
00003D19
00000000
00003D1A
00003D1C
00000000
00003D1D
00003D1E
00000000
00003D1F
00003D21
00003D22
00000000
00000000
00000000
00000000
00003D23
00000000
00000000
00000000
00003D24
00000000
00003D26
00000000
00000000
00003D27
00000000
00003D28
00000000
00000000
00000000
00000000
00000000
00003D29
00000000
00000000
00003D2A
00000000
00003D2B
00000000
00003D2D
00000000
00000000
00003D2E
00000000
00000000
00000000
00000000
00000000
00000000
00000000
00003D2F
00003D30
00003D31
00005DC4
00000000
00000000
00000000
00000000
00000000
00003D33
00003D36
00003D38
00000000
00003D39
00000000
00000000
00000000
00000000
00000000
00003D3A
00000000
00000000
00000000
00003D3B
00000000
00000000
00003D3C
00000000
00000000
00000000
00000000
00003D3D
00003D3E
00000000
00000000
00000000
00003D3F
00000000
00000000
00000000
00003D40
00000000
00003D42
00000000
00000000
00000000
00000000
00003D44
00000000
00003D45
00003D48
00003D4A
00003D4B
00000000
00000000
00000000
00003D4C
00000000
00000000
00003D4D
00000000
00000000
00003D4E
00003D4F
00000000
00003D50
00000000
00000000
00000000
00003D52
00003D53
00000000
00003D54
00003D55
00000000
00000000
00003D56
00000000
00000000
00003D57
00000000
00000000
00000000
00000000
00000000
00003D58
00003D59
00003D5C
00000000
00000000
00000000
00003D5D
00000000
00003D5F
00003D60
00000000
00003D61
00006B83
00000000
00000000
00000000
00000000
00000000
00000000
00003D63
00000000
00000000
00003D64
00000000
00003D65
00003D66
00000000
00000000
00000000
00000000
00000000
00003D68
00000000
00000000
00000000
00000000
00000000
00003D6A
00003D6C
00000000
00000000
00003D6E
00000000
00000000
00003D71
00000000
00003D72
00003D73
00000000
00003D74
00000000
00005301
00000000
00003D76
00000000
00003D78
00005630
00003D79
00000000
00003D7A
00003D7B
00000000
00000000
00000000
00000000
00000000
00000000
00000000
00000000
00000000
00000000
00003D7D
000062BD
00000000
00003D7E
00000000
00003D7F
00003D80
00003D82
00000000
00000000
00003D83
00004377
00000000
00003D84
00000000
00003D85
00003D87
00000000
00000000
00003D88
00003D89
00003D8A
00003D8B
00000000
00003D8C
00003D8D
00000000
00003D91
00000000
00000000
00003D92
00003D93
00000000
00003D94
00000000
00000000
00000000
00003D96
00000000
00000000
00000000
00003D97
00003D98
00000000
00000000
00000000
00003D99
00003D9B
00000000
00000000
00003D9C
00003D9E
00000000
00000000
00003DA1
00000000
00003DA3
00000000
00000000
00000000
00000000
00003DA7
00000000
00003DA8
00003DA9
00004975
00003DAA
00000000
00003DAD
00000000
00000000
00003DAE
00003DAF
00000000
00000000
00000000
00000000
00003DB0
00003DB1
00003DB3
00003DB5
00000000
00000000
00003DB6
0000578C
00000000
00000000
00000000
00003DB7
00003DB8
00003DB9
00000000
00003DBB
00003DBE
00000000
00000000
00003DBF
00000000
00000000
00000000
00000000
00003DC1
00003DC3
00000000
00000000
00000000
00000000
00003DC4
00000000
00003DC5
00003DC6
00000000
00003DC7
00000000
00000000
00003DC9
00000000
00000000
00000000
00003DCA
00003DCB
00000000
00003DCC
00000000
00000000
00003DCE
00000000
00000000
00003DCF
00000000
00003DD0
00000000
00000000
00000000
00003DD1
00003DD2
00000000
00000000
00003DD3
00000000
00003DD4
00000000
00000000
00003DD5
00000000
00000000
00003DD7
00000000
00000000
00000000
00000000
00003DD8
00000000
00000000
00000000
00003DDB
00000000
00000000
00003DDC
00000000
00003DDD
00000000
00000000
00003DDE
00000000
00000000
00003DDF
00000000
00003DE0
00003DE1
00000000
00000000
00000000
00003DE2
00000000
00000000
00003DE3
00003DE4
00000000
00000000
00003DE5
00000000
00000000
00000000
00003DE6
00000000
00003DE7
00000000
00000000
00003DE8
00003DEA
00003DEC
00000000
00003DEF
00003DF0
00005D5B
00000000
00003DF2
00000000
00000000
00003DF4
00000000
00003DF5
00000000
00000000
00003DF6
00003DF7
00000000
00003DF9
00000000
00000000
00003DFA
00003DFB
00003DFC
00000000
00000000
00003DFE
00003DFF
00000000
00000000
00003E01
00000000
00003E02
00003E03
00000000
00000000
00000000
00000000
00000000
00000000
00000000
00003E05
00000000
00000000
00000000
00000000
00000000
00003E08
00003E09
00000000
00003E0A
00005673
00003E0B
00000000
00000000
00000000
00000000
00000000
00000000
00000000
00000000
00000000
00003E0C
00003E0D
00000000
00000000
00003E0F
00000000
00000000
00000000
00003E10
00000000
00000000
0000449D
00003E11
00000000
00000000
00003E12
00003E13
00003E14
00000000
00000000
00003E16
00000000
00000000
00003E17
00000000
00000000
00000000
00003E18
00000000
00003E19
00003E1A
00000000
00000000
00000000
00003E1B
00000000
00003E1D
00000000
00000000
00003E1E
00000000
00000000
00000000
00000000
00003E21
00000000
00000000
00003E22
00003E26
00000000
00000000
00000000
00000000
00000000
00000000
00003E27
00000000
00003E28
00003E2A
00000000
00000000
00000000
00003E2D
00000000
00003E2E
00000000
00000000
00000000
00003E2F
00003E30
00000000
00003E31
00003E34
00003E35
00003E36
00000000
00000000
00003E37
00003E39
00000000
00004459
00000000
00000000
00000000
00003E3A
00003E3B
00003E3C
00000000
00000000
00003E3D
00003E3E
00000000
00003E3F
00000000
00003E40
00000000
00000000
00003E42
00003E43
00000000
00000000
00000000
00003E44
00000000
00003E45
00003E47
00000000
00000000
00000000
00000000
00000000
00003E48
00000000
00003E49
00000000
00000000
00003E4A
00000000
00000000
00003E4B
00000000
00000000
00000000
00000000
00000000
00003E4C
00000000
00000000
00003E4D
00000000
00000000
00003E51
00003E52
00003E53
00003E54
00003E55
00000000
00003E56
00000000
00003E57
00003E58
00000000
00000000
00003E59
00000000
00000000
00003E5A
00000000
00000000
00005591
00003E5C
00000000
00000000
00000000
00000000
00000000
00003E5D
00000000
00003E5F
00000000
00000000
00000000
00000000
00003E60
00000000
00000000
00000000
00003E61
00003E62
00000000
00000000
00003E63
000051F3
00003E64
00000000
00000000
00000000
00003E65
00000000
00000000
00000000
00000000
00000000
00003E66
00000000
00000000
00000000
00003E68
00000000
00000000
00003E69
00003E6A
00003E6C
00000000
00003E6D
00000000
00000000
00000000
00000000
00000000
00000000
00003E6E
00000000
00000000
00000000
00003E6F
00000000
00000000
00003E72
00000000
00000000
00003E74
00000000
00000000
00003E75
00003E76
00003E77
00000000
00000000
00003E79
00003E7B
00003E7C
00000000
00000000
00003E7D
00000000
00000000
00000000
00000000
00003E7E
000045F5
00000000
00003E7F
00000000
00000000
00003E80
00003E82
00000000
00000000
00003E83
00000000
00000000
00003E84
00000000
00000000
00003E85
00000000
00000000
00003E86
0000627A
00000000
00003E88
00003E89
00000000
00000000
00000000
00000000
00000000
00000000
00003E8A
00004984
00000000
00000000
00000000
00000000
00000000
00003E8B
00000000
00003E8D
00000000
00000000
00000000
00003E8F
00003E90
00000000
00003E91
00000000
00000000
00003E92
00000000
00000000
00003E93
00000000
00000000
00003E97
00003E98
00003E99
000061C9
00000000
00000000
00003E9B
00000000
00000000
00000000
00003E9C
00003E9D
00003E9F
00000000
00000000
00000000
00000000
00003EA0
00004193
00000000
00000000
00003EA2
00000000
00000000
00003EA3
00000000
00003EA4
00000000
00000000
00003EA6
00000000
00000000
00003EA7
00003EA8
00000000
00003EA9
00000000
00000000
00000000
00000000
00003EAD
00000000
00000000
00000000
00000000
00000000
00003EAE
00000000
00000000
00004994
00000000
00003EAF
00003EB3
00000000
00000000
00000000
00003EB5
00003EB7
00000000
00000000
00000000
00003EB8
00003EB9
00000000
00003EBA
00000000
00000000
00003EBD
00000000
00003EBF
00003EC1
00003EC3
00000000
00003EC7
00003EC8
00003EC9
00000000
00000000
00003ECA
00000000
00003ECB
00000000
00000000
00003ECD
00000000
00003ECF
00000000
00000000
00000000
00000000
00003ED0
00003ED2
0000684B
00000000
00003ED5
00003ED7
00000000
00000000
00000000
00000000
00000000
00000000
00000000
00000000
00003ED8
00000000
00000000
00000000
00003EDA
00003EDB
00000000
00003EDC
00000000
00000000
00000000
00003EDE
00003EDF
00000000
00000000
00000000
00003EE1
00000000
00000000
00000000
00003EE3
00000000
00000000
00003EE4
00003EE8
00000000
00000000
00003EEA
00000000
00000000
00003EEC
00000000
00003EED
00000000
00000000
00000000
00003EEE
00003EEF
00000000
00000000
00003EF0
00003EF1
00003EF2
00000000
00000000
00003EF5
00000000
00000000
00003EF8
00003EF9
00000000
00003EFB
00000000
00000000
00003EFC
00000000
00000000
00000000
00003EFD
00000000
00003EFE
00000000
00000000
00000000
00000000
00003EFF
00000000
00000000
00000000
00003F00
00000000
00003F01
00003F03
00000000
00000000
00000000
00000000
00003F04
00000000
00003F05
00000000
00000000
00000000
00000000
00003F06
00003F07
00000000
00000000
00003F0A
00000000
00000000
00003F0B
00000000
00000000
00003F0C
00000000
00003F0D
00003F0E
00003F0F
00003F10
00000000
00000000
00003F11
00000000
00000000
00003F12
00000000
00000000
00003F14
00000000
00000000
00003F15
00000000
00003F17
00005A30
00000000
00000000
00003F19
00000000
00000000
00000000
00000000
00003F1A
00000000
00003F1B
00003F1C
00003F1D
00003F1E
00003F1F
00003F20
00003F22
00003F23
00003F24
00000000
00000000
00000000
00000000
00003F25
00000000
00000000
00000000
00003F26
00000000
00003F27
00000000
00000000
00003F29
00000000
00003F2A
00003F2B
00003F2C
00000000
00000000
00000000
00000000
00003F2E
00000000
00003F30
00000000
00000000
00003F32
00003F34
00003F35
00005CA1
00000000
00000000
00000000
00000000
00000000
00000000
00003F36
00003F38
00003F39
00000000
00000000
00003F3B
00000000
00000000
00000000
00000000
00000000
00003F3C
00003F3D
00000000
00000000
00003F3F
00000000
00000000
00000000
00003F40
00000000
00003F41
00003F43
00000000
00003F44
00003F45
00000000
00000000
00003F47
00000000
00003F49
00003F4A
00000000
00000000
00000000
00000000
00003F4C
00000000
00000000
00000000
00000000
00000000
00000000
00000000
00000000
00003F4D
00003F50
00003F51
00000000
00000000
00000000
00003F52
00000000
00000000
00003F54
00003F56
00000000
00005D0D
00003F59
00000000
00000000
00003F5A
00003F5B
00003F60
00000000
00000000
00003F61
00003F62
00000000
00000000
00003F63
00000000
00000000
00003F64
00003F67
00003F68
00003F69
00003F6A
00000000
00000000
00000000
00000000
00003F6C
00000000
00000000
00000000
000058D9
00000000
00003F6D
00000000
00000000
00003F6F
00000000
00000000
00003F70
00003F71
00000000
00000000
00003F72
00003F74
00000000
00000000
00003F75
00000000
00000000
00003F76
00000000
00003F77
00000000
00000000
00000000
00003F78
00000000
00003F79
00000000
00000000
00000000
00000000
00000000
00003F7A
00000000
00000000
00000000
00003F7B
00003F7D
00003F7F
00003F84
00000000
00000000
00000000
00000000
00000000
00003F85
00003F86
00003F87
00000000
00000000
00003F88
00000000
00003F89
00000000
00003F8B
00000000
00000000
00004338
00003F8C
00000000
00003F8D
00000000
00000000
00003F8F
00003F90
00000000
00000000
00000000
00000000
00003F91
00000000
00000000
00000000
00000000
00000000
00003F92
00003F94
00003F96
00000000
00000000
00003F9A
00003F9D
00003F9E
00003F9F
00003FA2
00000000
00003FA3
00000000
00003FA4
000058EA
00000000
00003FA5
00000000
00000000
00000000
00003FA7
00000000
00000000
00000000
00000000
00000000
00003FA8
00000000
00003FA9
00003FAA
00003FAB
00003FAC
00000000
00000000
00003FAD
00003FB0
00000000
00000000
00000000
00003FB1
00000000
00000000
00000000
00000000
00003FB5
00003FB6
00000000
00000000
00000000
00000000
00003FB7
00000000
00000000
00003FB8
00000000
00000000
00003FBA
00003FBB
00003FBC
00000000
00000000
00000000
00003FBD
00000000
00003FBE
00000000
00000000
00000000
00003FBF
00003FC0
00000000
00000000
00003FC1
00000000
00000000
00003FC2
00000000
00000000
00003FC3
000043EB
00003FC4
00003FC5
00000000
00000000
00000000
00000000
00003FC6
00003FC7
00000000
00000000
00000000
00000000
00003FC8
00003FCA
00003FCB
00003FCD
00000000
00000000
00003FCE
00000000
00000000
00000000
00003FCF
00000000
00000000
00003FD5
00000000
00000000
00000000
00003FD6
00000000
00003FD7
00000000
00000000
00000000
00000000
00000000
00000000
00000000
00000000
00003FDA
00003FDC
00000000
0000627F
00000000
00000000
00000000
00003FDD
00000000
00000000
00000000
00000000
00000000
00000000
00003FDE
00003FDF
00000000
00000000
00003FE0
00000000
00000000
00000000
00000000
00003FE1
00000000
00000000
00000000
00003FE2
00003FE3
00003FE5
00000000
00003FE6
00000000
00000000
00000000
00003FE7
00000000
00000000
00003FE9
00003FEA
00000000
00000000
00003FEC
00000000
00000000
00000000
00003FEF
00006453
00003FF2
00003FF4
00003FF5
00003FF6
00000000
00000000
00000000
00003FF7
00000000
00003FF8
00000000
00003FFA
00000000
00000000
00000000
00000000
00003FFB
00003FFC
00000000
00000000
00000000
00000000
00003FFE
00000000
00000000
00004000
00004002
00004003
00000000
00000000
00004004
00004005
00000000
00000000
00004007
00004008
00000000
00000000
00004009
00000000
0000400A
00000000
000067AB
0000400B
00000000
0000400C
0000400D
00005BBC
0000400F
00000000
00000000
00004011
00000000
00000000
00004013
00000000
00000000
00000000
00000000
00000000
00004014
00000000
00000000
00004016
00000000
00000000
00004017
00000000
00004018
00000000
00000000
0000401A
0000401B
0000401C
00000000
00000000
00000000
00000000
00000000
0000401D
00000000
00000000
00004022
00004024
00000000
00004025
00004026
00000000
00000000
00004027
00004028
00000000
00000000
00000000
00000000
0000402A
00000000
00000000
00000000
00000000
0000402B
0000402C
0000402E
0000402F
00000000
00000000
00000000
00004030
00000000
00000000
00004031
00000000
00000000
00000000
00000000
00000000
00000000
00000000
00004032
00000000
00004033
00000000
00000000
00004034
00000000
00004035
00004036
00000000
00000000
00000000
00004037
00000000
00000000
00000000
00000000
00000000
00000000
00004038
00004039
0000403A
00000000
0000403B
0000403C
00000000
00000000
00000000
0000403F
00000000
00000000
00004040
00000000
00004041
00000000
00004042
00000000
00004044
00004047
00004049
0000404B
00000000
00000000
00000000
0000404C
0000404D
0000404F
00000000
00000000
00000000
00000000
00000000
00000000
00004050
00000000
00000000
00004051
00004052
00000000
00000000
00004054
00000000
00004055
00000000
00004056
00004057
00004058
00004059
00000000
00000000
0000405A
00000000
00000000
00000000
00000000
0000405C
00000000
00000000
0000405D
00000000
0000405E
00006DF0
00000000
00000000
0000405F
00004061
00000000
00004064
00004065
00000000
00004066
00000000
00000000
00004067
00004068
00004069
00000000
00000000
00000000
0000406A
00000000
00000000
00000000
00000000
0000406B
00000000
0000406C
00000000
00000000
0000406D
0000406E
0000406F
00004070
00000000
00004071
00000000
00000000
00004072
00000000
00007015
00000000
00000000
00004073
00000000
00000000
00004075
00000000
00000000
00004078
00000000
00000000
00000000
00004CE0
00000000
00000000
0000407B
0000407C
00000000
00000000
00000000
0000407D
0000407F
00000000
00000000
00000000
00004080
00000000
00000000
00000000
00000000
00000000
00004081
00000000
00004082
00000000
00000000
00004084
00000000
00000000
00000000
00004085
00000000
00004088
00004089
00000000
0000408C
00000000
00004BFC
0000408F
00004090
00000000
00000000
00004094
00000000
00000000
00004095
00000000
00004096
00000000
00000000
00004098
00000000
00000000
00000000
00000000
0000409A
00000000
00000000
0000409B
00000000
00000000
0000409C
00000000
0000409D
00000000
00000000
00000000
0000409E
00000000
00000000
00000000
0000409F
00000000
00000000
00000000
000040A0
000040A1
000040A3
00000000
00000000
000040A4
00000000
00000000
00000000
00000000
00000000
00000000
00000000
000040A7
00000000
000040A8
00000000
00000000
000040A9
000040AA
000040AC
00000000
00000000
000040AD
00000000
00000000
000040AF
00000000
000040B0
00000000
00000000
000040B1
000040B2
000040B5
000040B8
000040B9
000040BB
00000000
000040BC
00000000
00000000
00000000
000040BD
000040BE
000040BF
00000000
00000000
00000000
000040C1
00000000
000045F4
000040C2
00000000
00000000
00000000
000040C3
00000000
00000000
00000000
000040C4
00000000
000040C5
000040C6
000040C7
000041F9
00000000
000040CA
000040CB
00000000
000040CC
00000000
00000000
00000000
00000000
000040CD
000040CE
00000000
000040CF
00000000
00000000
000040D0
00000000
00000000
00000000
00000000
000040D1
00000000
00000000
00000000
000040D5
00000000
00000000
00000000
000040D6
000040D9
00000000
000040DA
00000000
00000000
000040DB
00000000
00000000
000040DC
000040DD
000040DE
00000000
00000000
00000000
00000000
000040DF
00000000
000040E0
00000000
00000000
000040E1
00000000
00000000
00000000
00000000
000040E3
000040E6
00000000
00000000
000040E7
00000000
00000000
00004AAB
00000000
000040EA
00000000
00000000
00000000
000040EB
00000000
000040EC
000040ED
00000000
000040EE
000040EF
000040F0
00000000
00000000
000040F1
000040F2
00000000
00000000
00000000
00000000
00000000
00000000
000040F3
00000000
00000000
00000000
00000000
000040F4
00000000
00004EE4
000040F5
00000000
00000000
00000000
000056C9
000040F6
00000000
00000000
000040F7
00000000
000040F8
00007290
00000000
00000000
000040F9
000040FA
00000000
00000000
00000000
00000000
000040FB
000040FC
000040FD
000040FF
00004100
00004101
00004102
00000000
00000000
00004104
00004105
00000000
00000000
00000000
00004106
00000000
00000000
00000000
00000000
00004107
00004108
0000410B
0000410D
00000000
00000000
0000410E
00004111
00000000
00004113
00000000
00000000
00004115
00004116
00000000
00000000
00004117
00000000
00004118
0000411A
0000411C
00000000
00000000
0000411D
00004120
00000000
00000000
00000000
00000000
00004121
00000000
00004122
00000000
00000000
00000000
00004123
00000000
00004124
00000000
00004127
00004128
00000000
00000000
0000412A
00000000
00000000
0000412B
00000000
00000000
00000000
00000000
0000412C
00000000
00000000
00000000
0000412D
00000000
00000000
00006538
0000412F
00000000
00004130
00000000
00000000
00000000
00004132
00004133
00000000
00000000
00004134
00000000
00004136
00000000
00000000
00000000
00000000
00000000
00004138
00004139
00000000
0000413A
00000000
00000000
0000413B
00000000
00000000
00000000
0000413D
0000413E
00000000
00000000
00000000
00000000
0000659E
00004141
00000000
00000000
00000000
00000000
00000000
00004142
00004143
00000000
00004144
00004146
00000000
00000000
00004147
00006165
00004148
0000414A
00000000
0000414C
0000414D
0000414E
00000000
0000414F
00000000
00004150
00004151
00004152
00000000
00000000
00004153
00000000
00000000
00000000
00000000
00000000
00000000
00000000
00000000
00004154
00004155
00000000
00004156
00000000
00000000
00004157
00004158
00004159
00000000
00000000
00000000
0000415A
0000415B
00000000
00000000
00000000
00006977
0000415C
0000415D
0000415E
0000415F
00000000
00000000
00004160
00004162
00000000
00000000
00004164
00004166
00004167
00004168
00004169
0000416A
00000000
00000000
00000000
0000416B
00000000
0000416D
00000000
00000000
0000416F
00004170
000046AE
00004171
00000000
00000000
00000000
00000000
00004174
00004175
00004176
00000000
00000000
00000000
00000000
00004177
00000000
00000000
00000000
00000000
00004178
00000000
00000000
0000417A
00005BA9
00000000
0000417B
00000000
0000417C
00000000
00000000
00000000
00000000
0000417E
00000000
00004BEB
00000000
0000417F
00004180
00004182
00000000
00000000
00004183
0000476A
00000000
00000000
00004184
00004185
00000000
00000000
00000000
00004187
0000418B
00000000
0000418C
0000418F
00004190
00004191
00004194
00005596
00000000
00000000
00004195
00000000
00000000
00004197
00004198
00000000
00000000
00000000
00000000
00000000
00000000
00004199
00000000
0000419A
00000000
0000419B
0000419C
00000000
00000000
00000000
00000000
0000419F
00000000
00000000
000041A0
00000000
000041A1
00000000
00000000
00000000
00000000
00000000
00000000
00000000
000041A2
000041A3
000041A4
000041A5
000041A6
000041A7
000041A9
00000000
00000000
00000000
00000000
00000000
000041AA
00000000
000041AC
00000000
00000000
00000000
000041AD
00000000
00000000
00000000
00000000
000041AF
00000000
000041B1
000041B2
00000000
00000000
000041B3
000041B4
00000000
00000000
00000000
00000000
000041B5
00000000
000041B6
00000000
00000000
00000000
00000000
00000000
000041B8
000041B9
000041BA
00000000
00000000
000041BB
000041BC
00000000
000041BD
00000000
000041BE
000041C0
000041C1
00000000
000050FB
000041C4
000041C6
000041C9
00000000
000041CD
00000000
00000000
00000000
000041CF
000041D2
00000000
000041D3
000041D4
00000000
00000000
00000000
000041D6
000041D7
00000000
00000000
00000000
000041D9
00000000
00000000
000041DA
000041DB
00000000
00000000
000041DC
00000000
00000000
000041DD
00000000
00000000
000041DF
00000000
00000000
00000000
000041E0
00000000
00000000
00000000
000041E2
000041E4
00000000
00000000
00000000
00000000
000041E6
00000000
00000000
00000000
00000000
00000000
00000000
000041E7
00000000
00000000
000041E9
00000000
00000000
00000000
00000000
00000000
000041EB
00000000
00000000
00000000
00000000
000041EC
00000000
00000000
00000000
000041ED
00000000
000041EE
000041EF
00000000
00000000
000041F0
00000000
00000000
00000000
000041F1
000041F3
000041F4
000041F7
000041FA
000041FB
00000000
00000000
000041FD
00000000
000041FE
00000000
000041FF
00004200
00004201
00000000
00000000
00000000
00000000
00004203
00000000
00004204
00000000
00000000
00000000
00000000
00000000
00004206
00000000
00000000
00000000
00000000
00000000
00000000
00000000
00004207
00000000
00000000
00004208
00000000
00000000
00000000
00000000
00000000
00004209
000066F0
0000420A
00000000
00000000
0000420B
0000420D
0000420E
00000000
00000000
0000420F
00000000
00000000
00000000
00004213
00000000
00000000
00000000
00004214
00000000
00004217
00004218
00000000
00000000
0000421A
0000421B
00000000
00000000
00000000
00000000
00000000
00000000
00000000
0000421C
00000000
00000000
0000421D
0000421E
00000000
00000000
00000000
00000000
00000000
0000421F
00000000
00004220
00005298
00004221
00004223
00000000
00004225
00000000
00004226
00000000
00004227
00000000
00000000
00000000
00004228
00004229
00006025
00000000
0000422A
0000422B
00000000
00000000
0000422D
0000422E
00000000
00000000
00000000
00000000
00000000
00000000
0000422F
00000000
00004231
00000000
00000000
00004232
00004233
00000000
00000000
00000000
00000000
00000000
00000000
00004234
00004235
00004237
00004239
00000000
0000423A
00000000
0000423B
0000423C
0000423E
00000000
00000000
00000000
00000000
00004240
00004242
00004244
00000000
00000000
00004245
00000000
00004246
00000000
00000000
00000000
00000000
00000000
00000000
00000000
00004247
00000000
00000000
00004248
0000424A
0000424B
0000424C
00000000
00000000
00000000
0000424E
00000000
00000000
00000000
00000000
00000000
00000000
00004250
00000000
00000000
00000000
00004252
00000000
00000000
00004253
00000000
00004254
00004255
00000000
00004256
00004258
00000000
00000000
0000425A
00000000
0000425B
00000000
0000425C
00000000
00000000
00000000
00000000
0000425E
00000000
00000000
00000000
00000000
0000425F
00000000
00004261
00004262
00000000
00000000
00000000
00004263
00004264
00004265
00004267
00000000
00004268
000056C6
00004269
00000000
00000000
0000426B
00000000
00000000
00000000
0000426D
00000000
00000000
00000000
0000426E
00004270
00000000
00004271
00000000
00000000
00000000
00000000
00004273
00004274
00000000
00000000
00004275
00004276
00004277
00004278
00000000
00000000
00000000
00004279
0000427A
00000000
0000427B
0000427C
0000427E
0000427F
00004280
00000000
00000000
00000000
00000000
00000000
00000000
00004281
00000000
00000000
00000000
00000000
00004282
00000000
00000000
00004283
00000000
00000000
00000000
00000000
00004286
00000000
00004287
00004288
00000000
00000000
00004289
0000428A
0000428B
00000000
00000000
00000000
0000428E
00000000
00000000
0000428F
00000000
00000000
00004291
00004294
00000000
00000000
00000000
00000000
00000000
00004295
00000000
00000000
00004296
00000000
00004297
00000000
00000000
00004299
00000000
00000000
0000429A
00000000
0000429B
00000000
00000000
00000000
00000000
0000429C
00000000
00000000
0000429D
00000000
00000000
0000429E
00000000
00000000
00000000
0000429F
000042A0
00000000
000042A1
000042A3
00000000
00000000
00000000
000042A4
00000000
00000000
00000000
00000000
000042A5
000042A8
00000000
00000000
00000000
00000000
00000000
00000000
00000000
00000000
000042A9
00000000
00000000
00000000
00000000
00000000
00000000
000042AA
00000000
00000000
000042AB
00000000
00000000
00000000
00000000
000042AC
000042AD
000042AE
00000000
00000000
00000000
00000000
00000000
000042B0
00000000
00000000
00000000
000042B1
000042B2
00000000
00000000
000042B3
00000000
000042B5
00000000
000042B6
000042B9
00000000
00000000
00000000
000042BA
000042BD
00000000
00000000
000042BF
00000000
00000000
000053B7
000042C0
00000000
000042C1
00000000
000042C2
00000000
00000000
000042C3
00000000
000042C4
00000000
00000000
000042C5
00000000
00000000
000042C6
00000000
000042C7
000042C8
00000000
00000000
00000000
000042C9
00000000
000042CA
000042CB
00000000
00000000
000042CC
000045B9
000042CE
00004B5C
000042CF
00000000
00000000
000042D0
000042D1
00000000
000042D2
00000000
000042D3
000042D4
00004D67
000042D5
00000000
00000000
00000000
000042D9
00000000
00000000
00000000
000042DA
00000000
00000000
000042DB
00000000
00000000
00000000
000042DC
000042DD
00000000
00000000
00000000
00000000
000042DE
00000000
000042E1
00000000
00000000
00000000
00000000
00000000
000042E3
00000000
00000000
00000000
00004CDC
000042E4
000042E7
00000000
00000000
000042E9
00000000
00000000
00000000
00000000
000042EB
00000000
00000000
000042EC
00000000
000042ED
00000000
00000000
00000000
00000000
000042EF
000042F0
000042F2
00000000
00000000
000042F6
00000000
00000000
00000000
00000000
00000000
00000000
00000000
000042F7
000042F8
000042FA
000042FB
00000000
000042FC
00000000
00000000
00000000
00000000
000042FE
00004300
00000000
00004302
00004303
00004304
00000000
00000000
00004306
00000000
00000000
00004307
00000000
00000000
00004308
00004309
00000000
00000000
0000430A
0000430B
00000000
00000000
00000000
0000430C
00000000
00000000
00000000
00000000
00000000
00000000
0000430D
00000000
00004311
00000000
00004313
00004314
00004318
00004319
00000000
00000000
00000000
00000000
00000000
0000431A
00000000
0000431B
00000000
00000000
0000431D
00000000
00000000
00000000
00000000
00000000
0000431E
00000000
00000000
00004320
00004321
00000000
00000000
00004322
00004323
00004324
00004325
00000000
00000000
00004328
00004329
00000000
00000000
00000000
00000000
00000000
00000000
00000000
00000000
0000432A
0000432C
00000000
00000000
0000432D
00000000
0000432F
00000000
00004330
00004331
00000000
00000000
00000000
00004333
00000000
00000000
00000000
00000000
00000000
00000000
00004334
00004335
00000000
00000000
00000000
00000000
00004339
0000433A
00000000
0000433B
0000433C
00005ED8
00000000
00000000
0000433D
00000000
0000433F
00004340
00000000
00000000
00004341
00004342
00000000
00004343
00000000
00004344
00000000
00000000
00004345
00004346
00004347
00000000
00000000
00004348
00000000
00000000
00000000
00000000
00000000
00000000
00000000
00004349
0000434B
0000434C
00000000
00000000
0000434D
00000000
00000000
0000434E
00000000
00000000
00000000
00000000
00004350
00004351
00004352
00004355
00004357
00004359
0000435A
0000435B
00000000
0000435D
00000000
0000435E
00000000
0000435F
00004360
00000000
00000000
00000000
00000000
00004363
00000000
00004365
00004367
00000000
00004368
00004369
00000000
00000000
0000436B
0000436C
00000000
00000000
00000000
00000000
0000436D
0000436E
0000436F
00000000
00000000
00000000
00004370
00000000
00004371
00004373
00004376
00004378
00004379
00000000
00000000
0000437A
00000000
00000000
00000000
0000437C
0000437D
0000437E
00000000
00000000
00004380
00004382
00000000
00000000
00004383
00000000
00004384
00000000
00000000
00000000
00004386
00000000
00000000
00000000
00000000
00000000
00000000
00000000
00000000
00000000
00000000
00000000
00004389
00000000
0000438A
00000000
0000438B
0000438C
00000000
00000000
00000000
00000000
00000000
0000438D
00000000
00000000
0000438E
0000438F
00000000
00000000
00000000
00000000
00004391
00000000
00004394
00000000
00000000
00000000
00000000
00004397
00000000
000056D0
00004398
0000439A
0000610A
00000000
00000000
0000439B
00000000
00000000
00000000
0000439D
00000000
00000000
000043A1
000043A2
00000000
000043A3
000043A4
00000000
00000000
00000000
000043A6
00006448
00000000
00000000
00000000
00000000
00000000
00000000
000043A7
000043A8
00000000
00000000
00000000
000043A9
00000000
00000000
00000000
000043AB
00000000
00000000
000043AE
00000000
000043B0
000043B1
000043B2
00000000
00000000
000043B3
000043B4
00000000
00000000
00000000
000043B5
00000000
000043B6
0000554C
00000000
000043B7
000043B8
00000000
00000000
000043B9
000043BD
000043BF
00000000
00000000
00000000
00000000
00000000
000043C0
000043C2
00000000
000043C3
00000000
000043C4
000043C5
000043C6
00000000
000043C7
00000000
000043C8
00000000
000043C9
00000000
00000000
000043CA
000043CB
00000000
000043CC
00004484
00000000
000043CE
000043D0
00000000
000043D1
00000000
00005CD1
000043D2
00000000
000043D3
000043D5
000043D6
000043D7
000046D5
000043D8
000043DA
000043DB
00000000
000043DC
00000000
00000000
000043DD
00000000
00000000
000043DE
00000000
00000000
000043E0
000043E1
00000000
00000000
00000000
00000000
00000000
000043E3
00000000
00000000
00000000
00000000
000043E4
00000000
000043E5
000043E6
00000000
000043E7
00000000
00000000
00000000
00000000
00000000
00000000
00000000
000048FB
000043E8
00000000
00000000
000043E9
00000000
000043EE
00000000
00000000
000043EF
000043F0
00000000
000043F1
00000000
000044E2
000043F2
000043F3
000043F4
00000000
00000000
00000000
000043F5
00000000
00000000
00000000
000043F6
00000000
00000000
000043F7
000043F8
000043F9
000043FA
000043FB
00000000
00000000
00000000
000043FC
000043FD
000043FF
00000000
00000000
00000000
00000000
00004400
00000000
00000000
00000000
00004403
00004404
00004406
00004407
00000000
00000000
00000000
00004408
00000000
00000000
0000440A
0000440E
00000000
00000000
00000000
00000000
0000440F
00000000
00000000
00000000
00000000
00004411
00004413
00004414
00000000
00000000
00004415
00000000
00004416
00004417
00004419
00000000
00000000
00000000
00000000
0000441A
00007235
0000441B
0000441C
0000441D
0000441E
00000000
00000000
0000441F
00004422
00000000
00000000
00004423
00000000
00000000
00000000
00004424
00000000
00000000
00000000
00004425
00000000
00000000
00000000
00000000
00004426
00004427
00004428
00000000
00000000
00000000
00004429
00000000
0000442B
00000000
0000442D
0000442E
00000000
0000442F
00000000
00004432
00000000
00004433
00000000
00000000
00000000
00004435
00000000
00000000
00004436
00000000
00000000
00004438
00000000
00000000
00000000
0000443A
0000443B
0000443D
00004440
00000000
00004441
00000000
00004E0D
00000000
00004442
00004443
00000000
00000000
00004444
00000000
00004445
00000000
00000000
00004446
00000000
00004448
00000000
00004449
0000444B
00000000
00000000
00000000
00000000
0000444C
00000000
00000000
0000444D
00000000
00000000
00000000
00000000
0000444E
00005317
00000000
00000000
00004454
00004455
00000000
00004456
00000000
00000000
00000000
00004457
00000000
00000000
00004458
0000445A
00000000
0000445C
00000000
00000000
0000445D
0000445E
00000000
0000445F
00004460
00000000
00000000
00000000
00000000
00000000
00004461
00004462
00004463
00004464
00004465
00004467
00000000
00000000
00004468
00004469
00000000
00000000
0000446A
00000000
00000000
00000000
0000446B
0000446D
00000000
0000446E
00005A0F
00000000
00000000
00000000
0000446F
00000000
00000000
00004471
00000000
00000000
00004474
00000000
00000000
00000000
00000000
00004475
00000000
00000000
00004476
00004477
00004478
00000000
00004479
00000000
0000447A
0000447B
00000000
0000447C
00000000
00000000
0000447D
00000000
00000000
00000000
0000447E
00000000
0000447F
00000000
00004480
00000000
00000000
00000000
00004481
00000000
00004482
00000000
00000000
00004483
00000000
00004485
00004487
00000000
00004488
0000448A
00000000
00000000
0000448B
00000000
0000448C
0000448D
00000000
0000448E
00000000
00000000
00000000
0000448F
00004491
00004492
00000000
00000000
00004493
00000000
00000000
00004494
00004495
00000000
00004A50
00004496
00000000
00000000
00004497
00004499
0000449A
0000449C
00000000
00000000
00000000
0000449E
0000449F
000044A0
000044A1
00000000
00000000
00000000
0000608E
000044A3
00000000
00000000
000044A5
000044A6
00000000
00000000
00000000
00000000
000044A7
00000000
000044A8
00000000
000044AA
00000000
00000000
000044AD
000044AE
000044B0
000044B2
00000000
00000000
00000000
00000000
00000000
00000000
000044B3
000044B4
000044B5
00000000
00000000
00000000
00000000
000044B6
00000000
00000000
00000000
00000000
000044B7
000044B9
000044BA
000044BC
00000000
000044BE
00000000
00000000
00000000
00000000
000044C0
00000000
00000000
00000000
00000000
000044C1
00000000
00000000
00000000
000044C2
00000000
000044C4
000044C5
000044C6
00005FD1
00000000
000044C8
000044C9
00000000
000044CA
00000000
000044CB
000044CF
000044D0
00000000
00000000
00000000
00000000
000044D1
00000000
00000000
00000000
00000000
000044D2
000044D4
00005263
00000000
00000000
000044D5
000044D7
00000000
00000000
000044D8
000063A6
000044DB
000044DC
00000000
00000000
00000000
00000000
00000000
00000000
000044DE
00000000
00000000
000044DF
00000000
000044E0
000044E1
00000000
00000000
00000000
00000000
00000000
000044E4
00000000
00000000
000044E6
000044E7
00000000
000044E8
0000634F
000044E9
00000000
000044EA
00000000
000044ED
00000000
00000000
00000000
000044EE
00000000
00000000
000044EF
00000000
00000000
00000000
00000000
00000000
000044F0
00000000
000044F1
000044F3
00000000
00000000
00000000
000044F5
000044F6
000044F7
00000000
00000000
000044F8
00000000
00000000
000044F9
000044FB
00000000
00000000
00000000
00000000
00000000
00005084
000044FC
00000000
00000000
000044FE
00000000
00000000
000044FF
00000000
00000000
00004500
00000000
00004501
00000000
00000000
00000000
00000000
00000000
00004505
00004507
00000000
00004508
00000000
00000000
00000000
00004509
00000000
00000000
00000000
00000000
00000000
0000450B
00000000
00000000
00000000
0000450C
00000000
00000000
00004510
00000000
00000000
00004514
00000000
00004515
00000000
00000000
00000000
00004517
00000000
00004518
00000000
00000000
00004519
00000000
00000000
0000451A
0000451C
00000000
00000000
00000000
0000451D
0000451E
00004520
00000000
00000000
00000000
00004521
00000000
00004522
00000000
00000000
00004524
00000000
00004526
00004527
00004528
00000000
00000000
00004529
00000000
00000000
0000452B
0000452C
0000452D
0000452F
00000000
00000000
00000000
00000000
00004532
00000000
00004533
00000000
00004534
00000000
00000000
00000000
00000000
00000000
00000000
000048C7
00004535
00004536
00000000
00000000
00000000
00000000
00004537
00000000
00000000
00004538
00000000
00000000
00000000
00004539
0000453A
00000000
00000000
00000000
0000453B
00000000
00000000
00000000
0000453D
00000000
00000000
00000000
00000000
00004542
00000000
00000000
00004543
00004544
00000000
00004545
00000000
00000000
00004546
00000000
00000000
00004547
00004548
00004549
00000000
0000454B
00000000
00000000
00000000
00000000
00000000
00000000
0000454C
00000000
00000000
00000000
00000000
0000454D
00000000
0000454E
00000000
00000000
00000000
00000000
0000454F
00004550
00000000
00000000
00004551
0000548B
00004552
00004553
00004555
00000000
00000000
00000000
00004556
00004558
00000000
0000455A
00000000
0000455B
00000000
00000000
0000455C
00000000
00000000
00000000
0000455D
00000000
00000000
00000000
00000000
00000000
0000455E
00000000
00000000
00004560
00000000
00004561
00000000
00000000
00000000
00004562
00000000
00000000
00000000
00000000
00004563
00004564
00000000
00000000
00004565
00000000
00004566
00000000
00000000
00000000
00000000
00004567
00000000
00000000
00004569
0000456A
0000456B
00000000
00000000
0000456D
0000456E
00000000
00000000
00000000
00000000
00000000
00000000
0000456F
00004570
00004571
00000000
00000000
00000000
00000000
00004572
00000000
00000000
00004573
00004EEE
00004574
00000000
00000000
00004576
00000000
00004577
00004578
00000000
00004579
0000457A
00000000
00000000
00000000
00000000
0000457B
00000000
00000000
0000457E
00000000
00004580
00000000
00004581
00004583
00000000
00000000
00000000
00000000
00004584
00000000
00000000
00004585
00004586
00000000
00004588
00000000
00000000
0000458B
00000000
00000000
0000458C
00000000
00000000
0000458D
0000458E
00000000
0000458F
00004590
00004592
00004594
00000000
00004595
00000000
00000000
00004596
00004598
00004599
00000000
0000459A
00000000
00000000
0000459D
00000000
000045A0
000045A1
00000000
00000000
00005BE1
00000000
000045A2
00000000
00000000
00000000
000045A4
000045A5
000045A8
00000000
00000000
000045A9
00000000
00000000
000045AA
000045AB
00000000
00000000
00000000
00000000
00000000
000045AC
00000000
00000000
000045AD
00000000
00000000
000045AE
00000000
00000000
00000000
000045AF
00000000
00000000
00000000
000045B0
00000000
00000000
00000000
00000000
00000000
00000000
000045B2
000045B3
00000000
000045B4
000045B5
000045B6
000045BA
000045BB
000045BC
000045BD
000045BF
000045C1
00000000
000045C2
00000000
00000000
00000000
000045C3
000045C4
000045C5
00000000
00000000
00000000
000045C6
00000000
00000000
000045C7
00000000
00000000
000045C8
000045C9
000045CA
000045CB
000045CD
000045CE
00000000
00000000
00000000
00000000
00000000
000045CF
00000000
00000000
00000000
00000000
000045D1
00000000
00000000
00000000
00000000
00000000
000045D2
00000000
00000000
00000000
00000000
00000000
00000000
000045D4
00000000
00000000
000045D5
00000000
00000000
000045D6
000045D7
00000000
00000000
00000000
000045D8
000045D9
00000000
00000000
000045DA
00000000
00000000
000045DD
00000000
00000000
000045DE
00000000
00000000
00000000
00000000
00000000
000045DF
00000000
00000000
000045E0
00000000
000045E1
00000000
000045E2
00000000
000050F6
000045E3
00000000
00000000
00000000
000045E4
00000000
00000000
00005EEB
00000000
000045E5
000045E7
00000000
00005945
000045EA
00000000
00000000
00000000
00000000
000045EB
000045EC
000045ED
00000000
00000000
000045EF
00000000
000045F3
00000000
000045F6
00000000
00000000
00000000
000045F7
00000000
00000000
000045F8
000045F9
000045FC
000045FD
00000000
00000000
000045FE
00000000
00000000
00000000
000045FF
00000000
00004601
00000000
00000000
00000000
00004603
00004605
00000000
00000000
00004607
00004608
00000000
00000000
00000000
00004609
00000000
00000000
00000000
0000460A
00000000
00000000
00000000
0000460B
0000460C
0000460E
00000000
00000000
00000000
00004611
00004613
00006B8A
00004614
00000000
00000000
00004615
00000000
00000000
00004616
00004617
00000000
00000000
00000000
00000000
00004619
0000461A
000054DA
00000000
0000461B
00000000
00000000
0000461D
00000000
0000461E
0000461F
00000000
00004620
00004621
000048B2
00004622
00000000
00000000
00000000
00000000
00000000
00000000
00004624
00004625
00004626
00004627
0000462A
00000000
0000462B
00000000
00000000
00000000
00000000
0000462C
00000000
0000462E
0000462F
00000000
00000000
00004631
00000000
00004632
00000000
0000521B
00004633
00000000
00000000
00004634
00000000
00000000
00004635
00004636
00000000
00000000
00004637
00004638
00004639
00000000
00000000
00000000
0000463A
00000000
00000000
0000463B
00000000
00000000
0000463D
00000000
0000463E
0000463F
00000000
00000000
00000000
00004640
00000000
00000000
00000000
00004641
00000000
00000000
00004642
00004643
00005690
00000000
00000000
00000000
00004646
00004647
00004648
00004649
00000000
00000000
0000464C
00006CD3
0000464D
00000000
0000464F
00004650
00000000
00000000
00004651
00000000
00000000
00000000
00000000
00000000
00000000
00000000
00004652
00000000
00000000
00000000
00004654
00004655
00000000
00004656
00004657
00004658
00000000
00000000
00000000
0000465A
00000000
00000000
00000000
00000000
0000465B
00000000
00006D03
00000000
0000465D
0000465F
00000000
00000000
00004660
00004661
00000000
00000000
00004662
00000000
00000000
00004663
00000000
00004664
00000000
00000000
00000000
00004665
00000000
00000000
00004666
00004667
00000000
00000000
00000000
00000000
00000000
00004668
00000000
00000000
00000000
00004669
00000000
00000000
00000000
00000000
00000000
0000466A
00000000
0000466B
00000000
0000466E
00000000
0000466F
00004671
00004672
00000000
00000000
00000000
00000000
00000000
00004673
00004674
00000000
00004676
00000000
00004677
00000000
00000000
00000000
00004678
00000000
00000000
00000000
0000467A
00000000
0000552A
00000000
0000467B
00000000
00000000
00000000
00000000
0000467C
00000000
0000467D
0000467E
00000000
0000467F
00000000
00004680
00000000
00004681
00004682
00000000
00000000
00004683
00000000
00000000
00000000
00000000
00000000
00000000
00000000
00000000
00004684
00000000
00000000
00004686
00000000
00004687
00000000
00000000
00000000
00004688
0000468A
00000000
00000000
00000000
0000468B
0000468F
00000000
00000000
00000000
00004690
00000000
00000000
00004692
00000000
00004693
00000000
00000000
00004694
00004696
00000000
00000000
00000000
00004697
0000469A
0000469C
00000000
00000000
00000000
00000000
00000000
000046A0
000046A1
000046A2
000046A4
00000000
00000000
00000000
00000000
000046A5
00000000
00000000
00000000
00000000
000046A6
000046A7
00000000
000046A8
00000000
00000000
00000000
00000000
00000000
000046A9
00000000
000046AA
00000000
000046AB
00000000
00000000
000046AC
00000000
00000000
00000000
000046AD
000046B0
00000000
00000000
00000000
00000000
00000000
00000000
00000000
00000000
000046B1
00000000
00000000
00000000
000046B3
00000000
00000000
00000000
000046B5
00000000
00000000
00000000
00000000
00000000
00000000
000046B6
00000000
000046B7
00000000
00000000
00000000
00000000
00000000
000046B8
000046B9
00000000
000046BA
000046BC
00000000
00000000
000046BD
00000000
000046BE
000046BF
000046C0
000046C1
00000000
00000000
00000000
000046C2
00000000
00000000
000046C7
000046C8
00000000
00000000
00000000
000046C9
00000000
00000000
00000000
00000000
00000000
00000000
000046CA
000046CB
000046CD
00000000
00000000
00000000
00000000
00000000
000046CF
00000000
00000000
000046D0
00000000
00000000
00000000
000046D1
00000000
00000000
00000000
00000000
000046D2
00000000
00000000
000046D3
000046D4
000046D6
000046D7
00000000
000046D9
00000000
00000000
000046DC
00000000
00000000
00000000
000046E0
000046E1
00000000
000046E2
000064AE
00000000
00000000
00000000
00000000
000046E3
000046E4
00000000
00000000
000046E5
000046E8
00000000
000046EA
00000000
00000000
000046EC
000046ED
0000490A
00000000
000046EE
00000000
00000000
000046EF
00000000
00000000
00000000
00000000
00000000
00000000
000046F0
00000000
00000000
00000000
00000000
000046F2
000046F4
00000000
00000000
000046F5
000046F6
00000000
00000000
00000000
000046F7
00000000
00000000
000046F9
000046FB
00000000
000046FC
00000000
00000000
00000000
000046FD
00000000
00000000
00000000
00000000
00000000
00000000
000046FE
00004AB8
00000000
00004700
00000000
00000000
00000000
00000000
00004701
00000000
00004703
00000000
00004704
00000000
00000000
00004705
00004707
00004708
00000000
00000000
00000000
00005262
00000000
00000000
00000000
00004709
00000000
0000470A
00000000
00000000
0000470B
00000000
0000470C
0000470D
00000000
0000470E
00000000
0000470F
00004711
00000000
00000000
00000000
00004714
00000000
00000000
00000000
00004715
00000000
00004716
00000000
00000000
00000000
00000000
00000000
00004718
0000471A
00000000
0000471B
0000471D
00000000
00000000
00000000
00000000
00000000
00000000
00000000
0000471E
00004720
00004722
00000000
00000000
00000000
00004723
00000000
00004724
00000000
00000000
00004725
00004726
00000000
00004727
00004728
00004729
0000472A
0000472C
0000472D
00004731
00004732
00004733
00000000
00004734
00000000
00000000
00004735
00004736
00000000
00000000
00004737
00000000
00000000
00000000
00000000
00000000
00004739
00000000
00000000
00000000
0000473A
0000473C
0000473D
00000000
00000000
00000000
0000473E
00000000
00000000
00000000
00000000
0000473F
00000000
00000000
00004740
00000000
00000000
00004741
00000000
00006075
00000000
00000000
00004742
00000000
00000000
00004744
00000000
00000000
00000000
00004745
00004748
0000474A
00000000
00000000
0000474B
0000474D
0000474E
00000000
00000000
00000000
00004751
00004752
00000000
00000000
00000000
00004756
00000000
00004757
00000000
00004758
00000000
00000000
00000000
00004759
00000000
00000000
0000475A
0000475B
00000000
00000000
00000000
00000000
0000475C
00000000
00000000
0000475D
00000000
0000475E
00000000
00000000
0000475F
00000000
00000000
00000000
00000000
00000000
00004760
00000000
00000000
00004761
00000000
00000000
00004764
00004769
00000000
0000476B
00000000
0000476C
00000000
00000000
0000476D
00000000
0000476E
00000000
00000000
0000476F
00004770
00000000
00004771
00000000
00004772
00000000
00000000
00004775
00000000
00004776
00000000
00000000
00000000
00004777
00000000
00004778
00000000
00000000
00004779
00000000
0000477A
00000000
00000000
0000477B
00000000
0000477D
00000000
00000000
00000000
0000477E
00000000
00000000
00006EE4
0000477F
00000000
00004780
00004781
00000000
00000000
00004782
00004783
00000000
00004784
00004785
00006FCA
00000000
00000000
00004786
00000000
000071BF
00000000
00004787
00004788
00000000
00000000
00004789
0000478A
0000478B
00000000
00000000
0000478C
00000000
00000000
00000000
00004790
00000000
00000000
00000000
00000000
00000000
00000000
00000000
00004792
00000000
00000000
00000000
00000000
00004793
00004795
00004796
00004797
00000000
00000000
00000000
00004798
00000000
00000000
00004799
0000479A
00000000
00000000
00000000
00000000
0000479C
00000000
00000000
00000000
00000000
0000479D
0000479F
000047A0
00000000
00000000
00000000
000047A2
00000000
000047A4
000047A5
000047A6
00000000
00000000
000047A8
00000000
00000000
000047A9
000048A9
00000000
00000000
00000000
00000000
000047AA
000047AB
00000000
000047C2
00000000
00000000
000047AC
00000000
00000000
000047AE
00000000
00000000
00000000
000047B2
00006AD1
00000000
000047B4
000047B6
00000000
00000000
00000000
000047B7
00000000
00000000
00005C56
00000000
000047B8
00000000
00000000
00000000
00000000
000047B9
00000000
000047BA
00000000
00000000
00000000
00000000
00000000
00000000
00000000
000047BB
000047BC
00000000
000047BE
000047C0
00000000
00000000
00000000
00000000
000047C1
000047C3
00000000
000047C5
00000000
000047C6
00000000
00000000
000047C7
00000000
00000000
000047CA
00000000
0000642D
00000000
000047CB
00000000
00000000
00000000
000047CF
00000000
00000000
000047D1
00000000
00000000
00000000
00000000
00000000
000047D2
000047D3
000047D4
000047D6
00000000
00000000
000047D7
00000000
000047D8
000047DA
000047DB
00000000
000047DC
00000000
000047DD
00000000
000047DE
00000000
000047E1
00000000
00000000
000047E2
00000000
00000000
000047E3
000047E6
000047E7
00000000
00000000
000047E8
000047EB
000047EF
000047F0
00000000
0000530E
000047F3
000047F4
000047F5
00000000
00000000
00000000
00000000
000047F7
00000000
00000000
00005755
000047FB
00000000
00006890
000047FD
00000000
00000000
00000000
00000000
000047FE
000047FF
00004881
00004800
00000000
00000000
00004801
00000000
00000000
00000000
00000000
00000000
00004802
00004840
00000000
00000000
00004803
00000000
00006113
00004806
00000000
00000000
00000000
00004807
00000000
00000000
00004809
00000000
00000000
0000480B
00000000
00000000
00000000
00000000
0000480C
0000480E
00000000
00000000
00000000
00000000
00000000
00004810
00000000
00000000
00004811
00004813
00004814
00004815
00000000
00000000
00000000
00000000
00004817
00004818
00000000
00000000
00004819
00000000
0000481B
0000481C
00000000
0000481D
00000000
0000481E
00004820
00000000
00004821
00000000
00004822
00004823
00000000
00000000
00004824
00000000
00000000
00004825
00000000
00000000
00000000
00004826
00000000
00000000
00000000
00000000
00000000
00004828
00000000
00004829
00000000
00000000
00000000
0000482A
0000482B
00000000
00000000
0000482E
00000000
00004830
00000000
00000000
00000000
00004831
00000000
00000000
00004832
00004834
00000000
00000000
00000000
00000000
00000000
00004835
00000000
00000000
00004836
00000000
00000000
00004837
00004838
00000000
00000000
00004839
00000000
0000483A
0000483D
0000483F
00000000
00000000
00004841
00000000
00004842
00000000
00000000
00000000
00004844
00006418
00006292
00004845
00004846
00004847
00000000
00000000
00004848
00000000
00000000
00000000
00000000
0000484A
0000484C
0000484D
00004850
00000000
00004854
00004855
00000000
00000000
00004857
00000000
00000000
00004858
00000000
00004859
00000000
00000000
00000000
0000485A
00000000
00000000
0000485B
00000000
00000000
0000485C
0000485E
00000000
00004B71
00000000
00000000
00000000
0000485F
00004860
00004861
00004862
00004863
00000000
00000000
00000000
00004866
00000000
00004867
00004868
00000000
00000000
00000000
0000486A
0000486B
0000486C
00000000
00000000
00000000
00000000
00000000
00000000
00000000
0000486D
0000486E
00000000
00000000
0000486F
00000000
00004870
00004871
00004872
00004874
00000000
00000000
00000000
00000000
00000000
00004875
00004D5F
00004876
00004877
00000000
00004879
0000487A
00000000
00000000
00000000
00000000
0000487B
0000487F
00000000
00000000
00000000
00004882
00000000
00000000
00004883
00004884
00000000
00000000
00000000
00000000
00004885
00004886
00004887
00004888
00000000
00000000
00000000
0000488B
00000000
0000488C
00000000
00000000
0000488D
0000488E
00004890
000070F7
00004891
00000000
00000000
00004892
00004893
00004894
00004896
00000000
00000000
00000000
00000000
00000000
00000000
00000000
00004897
00000000
00000000
00004898
0000489A
00000000
0000489B
0000489C
00000000
00000000
00000000
0000489E
00000000
00000000
0000489F
00000000
00000000
000048A0
00000000
00000000
00000000
00000000
00000000
00000000
00000000
00000000
00000000
00000000
00000000
000048A1
00000000
00000000
00000000
000048A5
000048A8
00000000
00000000
00000000
00000000
00000000
00000000
000048AB
00000000
00000000
00000000
00000000
000048AC
00000000
00000000
00000000
000048AF
00000000
00000000
00006BEE
000048B0
000048B1
00000000
00000000
00000000
000048B6
000048B8
000048BA
000048BB
00000000
00000000
00000000
000048BD
00000000
000048C0
00000000
00000000
000048C1
000048C2
00000000
000048C3
000048C4
000048C9
00000000
00000000
000048CA
000048CB
00000000
00000000
00000000
000048CC
00000000
00000000
00000000
000048CE
00005BC0
00000000
00000000
000048D0
00000000
00000000
00000000
00000000
000048D1
00000000
000048D2
00000000
000048D3
00000000
000048D4
00000000
00000000
000048D5
00000000
00000000
00000000
0000525F
00000000
000048D6
00000000
00000000
000048D8
00000000
000048D9
00000000
000048DA
00000000
000048DB
00004A63
00000000
000048DC
000048DD
000048E0
00000000
00000000
000048E2
00000000
00000000
000048E3
00000000
00000000
00000000
00000000
00000000
00000000
000048E6
00004F35
00000000
00000000
00000000
000048E8
000048E9
00000000
00000000
000048EA
000048EB
000048ED
00000000
000048EE
00004B16
00000000
00000000
00000000
00000000
000048EF
000048F3
00000000
00000000
00000000
000048F4
00000000
000048F6
00000000
000048F8
00000000
000048FD
000048FE
000048FF
00000000
00000000
00004903
00000000
00004904
00000000
00000000
00000000
00000000
00000000
00004905
00000000
00004906
00000000
00000000
00000000
00000000
00000000
00000000
00004907
00000000
0000490C
00000000
00000000
00000000
00000000
00000000
00000000
00000000
0000490D
00005FA9
00000000
00004911
00004912
00000000
00000000
00004913
00004915
00000000
00000000
00004917
00000000
00000000
00004919
00000000
00000000
00000000
0000491A
0000491C
00000000
00000000
00000000
00000000
00000000
00000000
00004923
00000000
00000000
00000000
00000000
00000000
00000000
00000000
00000000
00000000
00004925
00004926
00000000
00004928
00004929
00000000
0000492A
00000000
00000000
00000000
0000492B
00000000
00000000
0000492C
00000000
0000492D
00000000
00000000
00000000
00000000
0000492E
00000000
00000000
00000000
00000000
0000492F
00000000
00004930
00000000
00000000
00000000
00004931
00004933
00004934
00000000
00000000
00000000
00000000
00000000
00004935
00004938
00004939
00000000
0000493A
00000000
0000493B
00000000
0000493C
00000000
00000000
00000000
0000493E
00000000
00000000
0000493F
00000000
00000000
00004941
00004942
00004943
00004944
00000000
00004946
00000000
00000000
00004948
00000000
00000000
00004949
0000494A
00000000
00000000
00000000
00000000
00000000
0000494B
00000000
00000000
00000000
00005A06
0000494C
00000000
00000000
0000494F
00000000
00000000
00000000
00000000
00004950
00000000
00000000
00000000
00004952
00000000
00000000
00000000
00000000
00000000
00000000
00000000
00004953
00004955
00000000
00004957
00000000
00000000
00000000
00004958
00000000
00000000
00004959
00000000
00000000
0000495A
00000000
0000495B
0000495D
00000000
0000495E
00000000
00000000
00000000
00000000
0000495F
00004960
00000000
00000000
00004961
00000000
00000000
00004962
00000000
00004963
00000000
00005268
00004964
00004965
00000000
00000000
00004967
00000000
00004968
00004969
00000000
0000496A
00000000
00000000
00000000
0000496B
00000000
00000000
00000000
00000000
0000496D
00000000
00000000
0000496F
00004970
00004971
00004976
00000000
0000497B
0000497C
00000000
0000497D
0000497E
0000497F
00000000
00000000
00000000
00000000
00000000
00000000
00004981
00004983
00000000
00004985
00000000
00004986
0000627C
00000000
00000000
00004987
00000000
00004989
0000498C
00004A44
0000498D
0000498E
00006295
0000498F
00004990
00004991
00000000
00000000
00000000
00004993
00000000
00000000
00004995
00000000
00000000
00000000
00000000
00004996
00000000
00004998
00004999
00000000
0000499B
00000000
00006C89
0000499C
00000000
00000000
00000000
00000000
00000000
0000499E
000049A0
000049A1
00000000
00000000
000049A2
00000000
00000000
000049A3
000049A4
000049A5
00000000
00000000
00000000
000049A6
00000000
00000000
00000000
00000000
000049A9
000049AB
000049AC
00000000
00000000
00000000
00000000
000049AE
00000000
00000000
00000000
00000000
000049B0
00000000
00000000
00000000
000049B1
00000000
000049B3
00005C99
00000000
000049B4
00004CEA
000049B5
00000000
00000000
00000000
00000000
00000000
000049B6
00000000
00000000
00000000
000049B8
00000000
00000000
00000000
00000000
000049B9
000049BA
00000000
000049BB
00000000
00000000
00000000
000049BC
00000000
00000000
000049BD
00000000
00000000
00000000
00000000
000049C0
000049C1
000049C2
000049C3
00000000
000049C7
00000000
00000000
00000000
000049C8
00000000
00000000
00000000
00000000
00000000
00000000
00000000
00000000
00000000
000049C9
00000000
000049CA
00000000
00000000
00000000
00000000
000049CC
00000000
00000000
000049CD
00000000
00000000
00000000
00000000
00000000
000049CF
00000000
00000000
00000000
000049D0
000049D1
00000000
00000000
000049D2
00000000
000049D3
00000000
00000000
00000000
000049D5
000049D8
00000000
000049D9
00000000
000049DE
000049DF
00000000
00000000
00000000
00000000
000049E1
000049E2
000049E4
000050EC
00000000
00000000
000049E5
000049E6
00000000
00000000
000049E7
00000000
00000000
00000000
000049E8
00000000
00000000
00000000
000049EB
000049ED
00000000
00000000
000049F0
00000000
000049F1
000049F2
00000000
00000000
000049F3
00000000
00000000
00000000
000049F4
000049F6
000049F8
00000000
000049F9
00000000
000049FE
000049FF
00000000
00000000
00000000
000052F5
00000000
00000000
00000000
00004A00
00004A01
00004A02
00004A04
00000000
00004A05
00004A06
00000000
00000000
00000000
00000000
00004A07
00004A09
00000000
00004A0B
00004A0C
00000000
00004A0D
00000000
00000000
00000000
00000000
00004A0E
00000000
00000000
00000000
00004A0F
00000000
00000000
00000000
00004A10
00000000
00000000
00004A11
00000000
00000000
00000000
00000000
00000000
00004A12
00004A16
00000000
00000000
00000000
00004A17
00000000
00000000
00004A18
00000000
00000000
00000000
00004A1A
00000000
00000000
00000000
00000000
00000000
00004A1B
00000000
00000000
00004A1C
00000000
00004A1D
00000000
00000000
00004A1E
00004A1F
00000000
00000000
00004A20
00000000
00000000
00000000
00000000
00000000
00004A21
0000735D
00000000
00004A22
00004A26
00000000
00000000
00000000
00004A27
00000000
00004A28
00000000
00000000
00000000
00000000
00004A29
00000000
00000000
00000000
00004A2A
00000000
00004A2B
00000000
00000000
00004A2C
00004A2D
00000000
00000000
00000000
00000000
00000000
00004A2E
00000000
00000000
00004A2F
00000000
00004A31
00004A33
00000000
00000000
00004A35
00004A36
00000000
00004A37
00000000
00000000
00000000
00004A3A
00004A3B
00004A3C
00000000
00004A3D
00000000
00000000
00004A3E
00000000
00000000
00004A3F
00004A40
00000000
00004A42
00004A43
00004A45
00000000
00000000
0000652A
00004A46
00004A47
00004A48
00000000
00000000
00000000
00004A49
00000000
00000000
00004A4A
00004A4B
00004A52
00000000
00000000
00004A54
00000000
00000000
00004A55
00000000
00004A56
00000000
00000000
00000000
00004A58
00000000
00000000
00000000
00006C0D
00004A59
00000000
00004A5A
00004A5B
00000000
00000000
00000000
00004A5D
00000000
00004A5E
00004A5F
00004A61
00004A64
00000000
00004A65
00004A67
00000000
00004A68
00000000
00000000
00000000
00000000
00000000
00004A69
00000000
00000000
00000000
00004A6A
00000000
00004A6B
00000000
00000000
00004A6C
00004A6E
00000000
00004B8C
00000000
00004A6F
00000000
00004A70
00000000
00000000
00000000
00004A71
00000000
00004A73
00000000
00004A74
00000000
00000000
00000000
00000000
00000000
00004A75
00000000
00000000
00004A77
00006129
00000000
00000000
00000000
00000000
00000000
00000000
00000000
00004A78
00004A79
00000000
00000000
00000000
00004A7A
00004A7B
00000000
00000000
00000000
00000000
00004A7D
00000000
00004A7E
00000000
00000000
00000000
00004A7F
00000000
00000000
00000000
00000000
00000000
00004A80
00000000
00004A81
00004A85
00000000
00000000
00004A86
00004A87
00000000
00004A88
00000000
00004A89
00004A8B
00000000
00004A8C
00004A8D
00004A8F
00000000
000062F6
00004A90
00004A91
00000000
00000000
00004A93
00000000
00000000
00004A96
00000000
00004A97
00004A98
00004A99
00000000
00000000
00000000
00000000
00000000
00000000
00000000
00000000
00000000
00000000
00004A9C
00000000
00004A9D
00000000
00000000
00004A9E
00000000
00000000
00004A9F
00000000
00004AA0
00000000
00000000
00000000
00000000
00000000
00000000
00000000
00004AA2
00004AA3
00000000
00004AA4
00004AA7
00000000
00000000
00000000
00000000
00004AA8
00000000
00000000
00004AA9
00004AAC
00004AAF
00000000
00000000
00004AB0
00000000
00000000
00004AB2
00004AB3
00000000
00004AB4
00000000
00000000
00000000
00000000
00004AB5
00000000
00000000
00004AB7
00000000
00000000
00004AB9
00004ABA
00004ABB
00000000
00000000
00004ABC
00000000
00000000
00000000
00004ABD
00004ABE
00000000
00000000
00000000
00000000
00004AC0
00000000
00000000
00004AC2
00000000
00000000
00004AC6
00000000
00006E9A
00000000
00000000
00004AC7
00000000
00000000
00000000
00000000
00000000
00004AC8
00004ACB
00000000
00000000
00000000
00004ACD
00004ACF
00004AD1
00000000
00000000
00004AD2
00004AD4
00000000
00006CF7
00004AD5
00000000
00000000
00004AD6
00000000
00004AD8
00000000
00000000
00004AD9
00000000
00000000
00004ADA
00004ADC
00004ADD
00000000
00004ADE
00000000
00000000
00004ADF
00000000
00000000
00004AE1
00000000
00004AE3
00004AE5
00000000
00004AE6
000056B3
00004AE7
00000000
00000000
00004AE8
00000000
00004AE9
00000000
00004E99
00004AEA
00000000
00000000
00004AEB
00000000
00004AEC
00000000
00000000
00004AEF
00000000
00000000
00000000
00004AF0
00000000
00004AF2
00000000
00000000
00000000
00000000
00004AF3
00004AF4
00000000
00000000
00000000
00004AF5
00000000
00000000
00000000
00000000
00000000
00000000
00004AF7
00000000
00004AF8
00004AF9
00000000
00000000
00000000
00000000
00004AFA
00000000
00000000
00004AFB
00000000
00000000
00004AFD
00000000
00000000
00000000
00004AFF
00000000
00000000
00004B00
00000000
00005AB8
00000000
00004B01
00004B02
00000000
00005416
00000000
00004B03
00000000
00004B04
00004B06
00004B07
00000000
00004B09
00004B0B
00004B0C
00000000
00000000
00000000
00004B0E
00004B0F
00004B10
00004B12
00000000
00000000
00000000
00000000
00004B14
00004B15
00004B17
00004B1A
00000000
00000000
00000000
00004B1B
00000000
00004B1D
00004B20
00004B21
00004B23
00000000
00004B24
00004B25
00004B27
00000000
00000000
00000000
00004B28
00000000
00000000
00000000
00000000
00004B29
00000000
00004B2A
00005AA1
00004B2B
00000000
00000000
00004B2C
00000000
00004B2D
00000000
00000000
00000000
00000000
00000000
00000000
00004B2E
00004B2F
00000000
00004B30
00000000
00000000
00000000
00004B31
00004B33
00000000
00000000
00005A4A
00004B34
00004B36
00000000
00004B37
00000000
00000000
00004B38
00000000
00004B39
00000000
00000000
00004B3A
00000000
00004B3C
00000000
00004B3D
00000000
00000000
00004B3E
00004B40
00000000
00000000
00004B42
00000000
00000000
00000000
00000000
00004B43
00004B44
00000000
00000000
00004B47
00000000
00000000
00004B48
00000000
00000000
00004B49
00000000
00004B4B
00000000
00004B4C
00004B4E
00004B50
00000000
00000000
00000000
00000000
00004B53
0000559C
00004B54
00000000
00000000
00004B55
00004B56
00004B57
00004B5A
00000000
00000000
00004B5D
00000000
00000000
00004B5E
00004B5F
00004B60
00000000
00000000
00000000
00000000
00004B61
00000000
00000000
00004B62
00004B63
00000000
00000000
00000000
00000000
00004B69
00000000
00000000
00004B6A
00004B6C
00000000
00004B6D
00000000
00004B6F
00000000
00000000
00000000
00000000
00004B72
00000000
00000000
00000000
00004B74
00004B76
00000000
00000000
00000000
00000000
00004B77
00000000
00000000
00004B78
00000000
00000000
00000000
00000000
00000000
00000000
00004B7A
00004B7B
00000000
00000000
00000000
00004B7C
00000000
00000000
00000000
00000000
00004DE7
00000000
00004B7D
00000000
00000000
00004B7E
00004B7F
00004B80
00004B81
00000000
00000000
00000000
00000000
00000000
00004B83
00000000
00000000
00000000
00000000
00000000
00000000
00004B86
00000000
00000000
00000000
00000000
00000000
00004B87
00000000
00000000
00000000
00004B88
00000000
00004B8A
00004B8E
00004B8F
00000000
00000000
00004B90
00000000
00000000
00000000
00004B91
00000000
00000000
00000000
00000000
00000000
00004B92
00000000
00004B93
00004B94
00004B96
00004B97
00000000
00004B99
00000000
00000000
00006F33
00004B9B
00000000
00000000
00004B9C
00000000
00004B9F
00000000
00000000
00000000
00000000
00004BA0
00000000
00004BA1
00004BA3
00000000
00004BA4
00004BA5
00000000
00004BA6
00004BA7
00000000
00000000
00000000
00004BA8
00000000
00000000
00004BA9
00000000
00004BAA
00000000
00004BAB
00000000
00000000
00004BAC
00004BAE
00000000
00004BAF
00000000
00000000
00004BB0
00004BB1
0000581B
00000000
00000000
00000000
00000000
00000000
00000000
00004BB2
00000000
00000000
00000000
00000000
00000000
00004BB4
00000000
00000000
00004BB5
00000000
00000000
00004BB7
00000000
00000000
00000000
00004BB8
00000000
00004BB9
00004BBB
00004BBC
00000000
00000000
00000000
00004BBD
00004BBE
00004BBF
00000000
00000000
00000000
00004BC2
00000000
00006E82
00000000
00000000
00004BC4
00004BC5
00004BC6
00004BC7
00000000
00004BC8
00000000
00000000
00000000
00000000
00000000
00000000
00004BC9
00004BCC
00004BCE
00004BCF
00000000
00004BD0
00004BD2
00004BD3
00004BD4
00000000
00000000
00000000
00000000
00004BD6
00000000
00000000
00004BD7
00000000
00000000
00000000
00004BD8
00000000
00004BDC
00004BDD
00004BDF
00000000
00000000
00004BE0
00000000
00000000
00000000
00004BE3
00004BE4
00000000
00004BE7
00004BE8
00000000
00004BED
00000000
00004BEF
00000000
00004BF1
00004BF3
00000000
00000000
00000000
00000000
00000000
00004BF7
00000000
00000000
00000000
00004BF8
00000000
00004BF9
00000000
00004BFA
00000000
00000000
00000000
00000000
00004BFB
00000000
00000000
00000000
00004BFD
00004BFF
00004C00
00004C01
00000000
00000000
00004C02
00000000
00004C03
00000000
00004C04
00004C05
00000000
00004FF2
00004C06
00004C07
00000000
00000000
00004C09
00000000
00000000
00004C0B
00000000
00004C0D
00000000
00000000
00000000
00000000
00000000
00004C0E
00000000
00000000
00004C0F
00000000
00000000
00004C10
00000000
00000000
00004C12
00000000
00000000
00004C13
00000000
00000000
00000000
00000000
00000000
00000000
00004C14
00000000
00000000
00004C15
00000000
00000000
00004C17
00004C18
00000000
00000000
00000000
00004C1A
00004C1B
00000000
00000000
00000000
00000000
00000000
00004C1C
00004C1D
00006825
00000000
00004C1E
00000000
00004C1F
00000000
00000000
00000000
00004C20
00000000
00000000
00004C21
00000000
00004C22
00004C24
00000000
00004C25
00004C26
00000000
00000000
00000000
00004C27
00000000
00004C29
00000000
00004C2B
00000000
00000000
00004C2E
00004C2F
00000000
000069BC
00004C30
00004C31
00000000
00004C33
00000000
00000000
00004C34
00004C35
00000000
00000000
00000000
00004C37
00000000
00004C38
00004C3A
00004C3B
00000000
00004C3D
00000000
00000000
00000000
00004C3E
00000000
00004C3F
00000000
00000000
00000000
00000000
00004C41
00000000
00004C43
00000000
00000000
00004C45
00000000
00000000
00000000
00000000
00004C46
00004C47
00000000
00000000
00004C48
00004C49
00004C4A
00000000
00000000
00000000
00000000
00000000
00000000
00004C4C
00000000
00004C4D
00004C4E
00000000
000050C1
00000000
00000000
00000000
00000000
00004C4F
00000000
00000000
00000000
00000000
00000000
00000000
00004C50
00004C51
00004C52
00004C54
00004C55
00004C56
00004C57
00000000
00000000
00004C59
00000000
00000000
00000000
00004C5A
00004C5B
00000000
00000000
00000000
00000000
00004C5C
00000000
00000000
00004C5E
00000000
00000000
00000000
00004C5F
00004C60
00000000
00004C61
00004C63
00000000
00000000
00000000
00004C64
00004C66
00000000
00000000
00004C67
00000000
00004C68
00004C69
00000000
00004C6C
00004C6E
00004C70
00004C71
00000000
00004C73
00000000
00004C74
00000000
00000000
00000000
00004C75
00000000
00004C77
00000000
00000000
00000000
00004C78
00000000
00000000
00000000
00000000
00004C79
00004C7A
00004C7C
00000000
00000000
00000000
00000000
00000000
00000000
00000000
00004C7D
00000000
00006BCA
00000000
00004C7E
00000000
00000000
00004C7F
00004C80
00004C82
00000000
00000000
00000000
00000000
00004C83
00004C85
000061D2
00004C87
00004C88
00006F65
00000000
00004C89
00004C8A
00000000
00000000
00000000
00004C8B
00000000
00004C8C
00004C8D
00000000
00004C8E
00004C8F
00004C90
00004C91
00004C92
00000000
00000000
00000000
00004C94
00000000
00004C95
00004C96
00004C98
00004C9B
00000000
00000000
00004C9D
00000000
00000000
00004C9F
00000000
00004CA0
00000000
00000000
00004CA1
00004CA2
00000000
00000000
00000000
00004CA3
00000000
00000000
00004CA5
00004CA6
00004CA7
00000000
00000000
00000000
00004CA8
00000000
00006C5A
00000000
00000000
00000000
00004CA9
00000000
00000000
00000000
00004CAA
00004CAB
00004CAC
00000000
00000000
00000000
00000000
00004CAE
00000000
00004CAF
00000000
00000000
00004CB0
00000000
00000000
00004CB1
00004CB2
00004CB3
00004CB5
00000000
00004CB6
00000000
00000000
00004CB7
00004CB8
00000000
00000000
00004CB9
00000000
00000000
00004CBA
00000000
00000000
00000000
00004CBB
00000000
00000000
00004CBC
00000000
00000000
00004CBD
00000000
00000000
00000000
00000000
00000000
00000000
00004CBF
00000000
00004CC1
00004CC3
00004CC4
00000000
00000000
00004CC6
00004CC7
00000000
00000000
00000000
00000000
00000000
00004CC9
00000000
00000000
00004CCB
00004CCC
00004CCE
00000000
00000000
00004CD0
00000000
00000000
00004CD3
00000000
00004CD4
00004CD5
00000000
00000000
00004CD6
00000000
00000000
00000000
00000000
00004CD7
00004CD8
00000000
00000000
00000000
00004CDA
00000000
00000000
00004CDB
00004CDD
00000000
00004CDE
00000000
00004CDF
00000000
00000000
00000000
00000000
00000000
00000000
00004CE2
00000000
00004CE3
00004CE4
00000000
00000000
00000000
00004CE5
00000000
00000000
00004CE6
00000000
00000000
00004CE7
00000000
00000000
00004CE8
00000000
00000000
00004CE9
00004CEB
00004CEC
00005DE8
00000000
00000000
00004CED
00004CEE
00000000
00000000
00000000
00000000
00000000
00000000
00004CEF
00000000
00004CF1
00000000
00000000
00000000
00000000
00000000
00000000
00004CF2
00004CF4
00000000
00004CF5
00004CF6
00000000
00000000
00000000
00004CF7
00000000
00004CF9
00004CFA
00000000
00000000
00004CFD
00004CFF
00000000
00000000
00000000
00000000
00000000
00004D00
00004D01
00004D02
00000000
00000000
00000000
00000000
00000000
00000000
00000000
00000000
00004D03
00000000
00000000
00005465
00004D07
00000000
000070F6
00004D08
00000000
00004D09
00000000
00000000
00004D0C
00000000
00000000
00004D0D
00000000
00000000
00004D0E
00000000
00004D0F
00004D10
00000000
00000000
00004D12
00000000
00000000
00000000
00004D14
00004D15
00004D16
00004D17
00000000
00004D19
00000000
00004D1C
00000000
00000000
00000000
00004D1D
00004D1F
00000000
00004D20
00004D21
00004D22
00000000
00000000
00000000
00000000
00004D23
00000000
00000000
00004D24
00000000
00000000
00004D25
00006CE2
00000000
00000000
00004D26
00000000
00000000
00000000
00000000
00004D27
00000000
00000000
00004D28
00004D29
00000000
00000000
00000000
00004D2A
00004D2C
00000000
00004D2D
00000000
00004D2E
00004D2F
00000000
00000000
00000000
00000000
00004D30
00000000
00004D32
00004D34
00000000
00000000
00004D35
00000000
00000000
00000000
00004D38
00004D39
00000000
00000000
00004D3A
00000000
00000000
00005A6C
00004D3C
00000000
00000000
00004D3D
00000000
00000000
00000000
00000000
00000000
00004D3E
00000000
00000000
00004D3F
00000000
00000000
00000000
00000000
00000000
00004D41
00000000
00000000
00004D42
00000000
00000000
00004D44
00000000
00004D46
00004D47
00000000
00004D49
00000000
00004D4A
00004D4B
00000000
00000000
00004D4C
00000000
00004D4D
00000000
00000000
00000000
00000000
00000000
00000000
00004D4E
00004D51
00000000
00004D52
00000000
00004D53
00004D54
00004D57
00000000
00004D5B
00000000
00000000
00000000
00004D5D
00000000
00000000
00004D5E
00004D60
00000000
00004D61
00000000
00000000
00000000
00004D62
00000000
00000000
00000000
00004D64
00004D65
00000000
00000000
00000000
00000000
00004D66
00000000
00000000
00004D68
00004D6D
00000000
00000000
00004D6E
00004D6F
00004D73
00000000
00000000
00004D74
00004D76
00004D77
00004D78
00004D7B
00000000
00000000
00004D7C
00000000
00004D80
00004D83
00004D84
00000000
00000000
00000000
00005A87
00004D86
00000000
00000000
00000000
00000000
00004D8A
00000000
00000000
00000000
00004D8B
00000000
00004D8D
00000000
00000000
00004D8E
00000000
00004D92
00000000
00000000
00004D94
00000000
00004D95
00000000
00000000
00000000
00000000
00000000
00000000
00004D9A
00004D9B
00000000
00004D9C
00000000
00000000
00000000
00000000
00004D9E
00000000
00000000
00004DA0
00000000
00000000
00000000
00004DA1
00000000
00004DA2
00004DA4
00004DA6
00004DA9
00000000
00000000
00004DAA
00004DAB
00004DAC
00004DAD
00000000
00000000
00000000
00004DAE
00000000
00004DAF
00000000
00004DB0
00004DB1
00000000
00000000
00004DB2
00000000
00000000
00004DB5
00004DB8
00000000
00004DB9
00000000
00000000
00004DBA
00000000
00000000
00000000
00000000
00004DBB
00004DBC
00000000
00004DBE
00004DC0
00004DC2
00000000
00000000
00000000
00000000
00004DC3
00000000
00004DC6
00000000
00004DC7
00004DC9
00000000
00004DCA
00004DCC
00000000
00000000
00000000
00004DCD
00000000
00004DCE
00004DCF
00000000
00004DD0
00000000
00004DD1
00004DD2
00000000
00004DD3
00000000
00004DD4
00000000
00000000
00004DD5
00000000
00000000
00000000
00004DD6
00000000
00000000
00004DD8
00004DDA
00004DDB
00004DDD
00000000
00000000
00000000
00000000
00000000
00004DDE
00004DE0
00004DE1
00000000
00004DE2
00000000
00000000
00000000
00004DE3
00000000
00000000
00004DE4
00004DE5
00004DE6
00004DE9
00004DEB
00004DEC
00000000
00004DED
00000000
00000000
00000000
00000000
00004DEE
00000000
00004DEF
00000000
00000000
00000000
00004DF0
00004DF1
00000000
00000000
00004DF2
00000000
00004DF4
00000000
00004DF5
00004DF6
00004DF7
00004DFB
00000000
00000000
00000000
00004DFC
00000000
00000000
00000000
00004DFD
00000000
00000000
00004DFF
00004E02
00000000
00004E03
00000000
00000000
00004E04
00000000
00004E05
00000000
00004E06
00000000
00000000
00004E09
00000000
00000000
00004E0A
00000000
00004E11
00000000
00000000
00004E12
00004E14
00004E15
00004E18
00006C65
00004E1B
00000000
00000000
00000000
00000000
00004E1C
00000000
00004E1D
00004E1E
00000000
00004E1F
00004E20
00000000
00000000
00000000
00000000
00004E21
00000000
00004E22
00000000
00000000
00000000
00004E24
00000000
00000000
00004E25
00004E26
00004E27
00004E28
00004E2C
00000000
00000000
00004E2D
00000000
00000000
00004E2F
00000000
00000000
00000000
00000000
00004E30
00000000
00000000
00000000
00000000
00000000
00000000
00004E31
00000000
00004E32
00000000
00004E33
00000000
00000000
00004E34
00000000
00000000
00000000
00000000
00004E35
00004E36
00004E38
00000000
00004E39
00000000
00000000
00004E3D
00000000
00004E40
00004E41
00000000
00000000
00000000
00000000
00004E42
00004E44
00000000
00000000
00004E45
00000000
00000000
00000000
00004E46
00004E47
00000000
00000000
00000000
00004E48
00000000
00000000
00000000
00000000
00004E4C
00000000
00000000
00000000
00000000
00000000
00000000
00004E4D
00000000
00000000
00004E4E
00000000
00004E4F
00004E52
00000000
00000000
00000000
00004E54
00004E55
00004E56
00000000
00000000
00000000
00000000
00004E57
00000000
00004E58
00004E59
00000000
00000000
00004E5B
00000000
00000000
00000000
00000000
00004E5D
00004E5E
00004E5F
00000000
00000000
00004E60
00004E62
00000000
00000000
00004E63
00004E65
00000000
00000000
00004E66
00000000
00004E67
00004E68
000068F0
00004E69
00000000
00000000
00004E6A
00000000
00004E6C
00000000
00000000
00004E6D
00000000
00004E6E
00000000
00000000
00000000
00000000
00000000
00004E6F
00000000
00000000
00000000
00000000
00004E70
00000000
00000000
00000000
00004E71
00000000
00004E73
00000000
00004E74
00000000
00000000
00000000
00000000
00000000
00000000
00000000
00004E75
00004E77
00000000
00000000
00004E78
00000000
00004E7A
00004E7B
00000000
00004E7C
00000000
00000000
00004E7D
00000000
00004E7E
00000000
00000000
00004E7F
00004E80
00004E85
00004E87
00000000
00000000
00000000
00000000
00004E88
00000000
00000000
00004E89
00000000
00000000
00004E8B
00006E7E
00004E8C
00004E8D
00000000
00000000
00000000
00000000
00000000
00000000
00004E8F
00000000
00000000
00000000
00000000
00004E90
00004E92
00000000
00000000
00000000
00000000
00000000
00000000
00004E93
00004E94
00000000
00004E95
00004E96
00000000
00000000
00000000
00000000
00004E97
00000000
00000000
00004E98
00000000
00004E9A
00000000
00000000
00000000
00004E9B
00000000
00000000
00000000
00000000
00004E9C
00000000
00000000
00000000
00000000
00000000
00004E9D
00000000
00000000
00000000
00000000
00004E9E
00006B59
00000000
00004E9F
00004EA0
00000000
00004EA1
00000000
00004EA2
00004EA3
00004EA5
00000000
00000000
00000000
00000000
00000000
00000000
00004EA6
00000000
00004EA7
00000000
00000000
00004EA9
00004EAA
00000000
00000000
00000000
00004EAB
00000000
00000000
00004EAC
00004EAD
00004EAF
00000000
00000000
00004EB0
00004EB1
00004EB2
00000000
00000000
00000000
00004EB4
00004EB5
00000000
00004EB6
00000000
00000000
00004EB7
00000000
00000000
00000000
00000000
00004F2E
00004EB8
00000000
00000000
00000000
00000000
00004EB9
00000000
00000000
00000000
00000000
00004EBA
00000000
00000000
00000000
00000000
00004EBB
00000000
00000000
00004EBD
00004EBE
00000000
00000000
00004EC1
00004EC3
00000000
00004EC4
00000000
00000000
00000000
00000000
00000000
00000000
00000000
00004EC5
00000000
00000000
00004EC7
00000000
00000000
00000000
00006902
00000000
00004EC8
00000000
00000000
00000000
00000000
00004ECA
00000000
00004ECC
00000000
00000000
00004ECD
00000000
00000000
00000000
00000000
00000000
00004ED0
00000000
00004ED1
00000000
00000000
00004ED2
00000000
00000000
00000000
00000000
00000000
00004ED5
00000000
00000000
00004ED6
00000000
00000000
00004ED7
00004ED8
00004ED9
00000000
00000000
00000000
00000000
00000000
00000000
00004EDB
00004EDC
00004EDE
00004EDF
00000000
00000000
00000000
00000000
00004EE1
00000000
00004EE2
00000000
00000000
00000000
00004EE3
00004EE5
00000000
00004EE6
00004EE7
00004EE9
00004EEA
00000000
00000000
00000000
00000000
00000000
00000000
00004EEC
00000000
00000000
00000000
00004EF0
00004EF1
00000000
00000000
00004EF2
00000000
00000000
00000000
00004EF4
00000000
00000000
00004EF5
00004EF7
00004EF8
00000000
00000000
00000000
00000000
00004EFA
00000000
00000000
00004EFB
00000000
00000000
00000000
00004EFC
00000000
00004EFD
00004EFE
00000000
00000000
00000000
00000000
00004EFF
00004F01
00000000
00000000
00004F02
00000000
00004F05
00000000
00000000
00004F06
00000000
00004F07
00004F08
00004F09
00000000
00000000
00000000
00000000
00000000
00004F0A
00000000
00000000
00000000
00000000
00004F0B
00004F0D
00004F0E
00004F0F
00000000
00000000
00004F11
00000000
00000000
00004F12
00000000
00000000
00004F13
00000000
00004F14
00000000
00000000
00000000
00004F15
00000000
00000000
00000000
00000000
00000000
00004F16
00004F17
00000000
00004F19
00000000
00000000
00000000
00000000
00000000
00000000
00004F1A
00004F1B
00000000
00000000
00004F1D
00000000
00004F1E
00000000
00004F20
00000000
00000000
00004F22
00000000
00004F23
00004F25
00000000
00004F26
00004F27
00004F28
00004F2A
00004F2C
00000000
00004F2F
00000000
00004F30
00004F31
00000000
00000000
00000000
00000000
00000000
00004F32
00000000
00000000
00000000
00005AB1
00000000
00004F33
00000000
00000000
00004F34
00004F36
00004F38
00004F3B
00000000
00004F3C
00000000
00000000
00004F3E
00000000
00004F40
00004F42
00000000
00000000
00004F43
00000000
00000000
00004F44
00000000
00000000
00000000
00000000
00000000
00000000
00000000
00000000
00004F45
00004F46
00000000
00004F47
00004F48
00004F49
00004F4A
00000000
00000000
00004F4B
00000000
00000000
00004F4C
00004F4D
00004F50
00004F51
00000000
00000000
00000000
00004F52
00005B2D
00000000
00004F54
00006147
00000000
00004F55
00000000
00000000
00004F56
00000000
00000000
00004F58
00000000
00007284
00000000
00000000
00000000
00004F59
00000000
00000000
00004F5A
00004F5B
00000000
00000000
00000000
00000000
00000000
00000000
00000000
00004F5C
00004F5D
00000000
00000000
00000000
00004F5F
00004F61
00000000
00004F62
00004F63
00000000
00000000
00004F64
00000000
00000000
00004F65
00000000
00000000
00004F66
00000000
00004F67
00000000
00000000
00000000
00004F68
00000000
00000000
00004F69
00000000
00000000
00000000
00004F6B
00000000
00000000
00000000
00006BAE
00000000
00000000
00004F6C
00000000
00000000
00004F6D
00000000
00000000
00000000
00000000
00004F6E
00004F6F
00000000
00000000
00000000
00004F70
00004F71
00000000
00000000
00004F73
00000000
00004F74
00004F75
00004F76
00000000
00000000
00004F79
00004F7A
00004F7B
00004F7F
00004F80
00000000
00000000
00000000
00000000
00000000
00000000
00000000
00000000
00000000
00004F81
00000000
00006A6C
00000000
00004F82
00000000
00000000
00000000
00004F83
00000000
00000000
00004F84
00000000
00000000
00000000
00000000
00000000
00004F86
00004F87
00000000
00000000
00000000
00004F89
00004F8A
00000000
00000000
00000000
00004F8C
00000000
00000000
00000000
00004F8D
00004F90
00000000
00000000
00000000
00000000
00004F91
00000000
00004F93
00004F94
0000600F
00004F95
00004F97
00000000
00004F98
0000696C
00004F9A
00000000
00000000
00000000
00004F9C
00004F9D
00004F9F
00000000
00000000
00004FA0
00004FA1
00000000
00000000
00004FA2
00000000
00000000
00004FA3
00004FA4
00004FA6
00000000
00000000
00004FA8
00000000
00004FA9
00000000
00000000
00004FAA
00000000
00004FAC
00004FAD
00004FAE
00000000
00004FAF
00004FB0
00000000
00000000
00000000
000057D8
00004FB1
00000000
00000000
00000000
00000000
00000000
00000000
00000000
00004FB2
00004FB3
00000000
00000000
00000000
00004FB4
00004FB5
00004FB7
00000000
00000000
00004FB8
00004FBA
00004FBC
00004FBD
00000000
00004FBF
00004FC0
00004FC1
00000000
00000000
00004FC2
00004FC3
00000000
00000000
00004FC5
00000000
00000000
00000000
00000000
00004FC6
00000000
00000000
00000000
00004FC7
00000000
00000000
00000000
00000000
00004FC9
00000000
00004FCA
00000000
00000000
00004FCB
00004FCC
00004FCD
00004FCE
00000000
00000000
00000000
00000000
00004FD1
00000000
00000000
0000689C
00004FD3
00004FD4
00004FD5
00000000
00000000
00000000
00000000
00004FD6
00000000
00000000
00004FD7
00004FD8
00000000
00004FD9
00000000
00000000
00004FDA
00000000
00004FDB
00000000
00004FDD
00000000
00000000
00000000
00004FE0
00000000
00000000
00000000
00004FE1
00004FE3
00000000
00000000
00005570
00004FE5
00000000
00000000
00000000
00000000
00000000
00000000
00000000
00000000
00000000
00004FE6
00004FE7
00000000
00004FE8
00000000
00000000
00000000
00004FE9
00000000
00000000
00000000
00000000
00000000
00004FEA
00000000
00004FEC
00000000
00000000
00004FED
00006D51
00000000
00004FEF
00000000
00004FF3
00000000
00000000
00004FF4
00000000
00006839
00004FF7
00000000
00000000
00004FF8
00004FFA
00000000
00000000
00004FFB
00004FFC
00000000
00004FFD
00000000
00004FFE
00000000
00000000
00000000
00005000
00005002
00000000
00000000
00005004
00000000
00000000
00000000
00005005
00005007
00005008
00000000
00000000
00000000
00000000
00000000
00000000
00005009
00000000
00000000
0000500A
00000000
00000000
0000500B
00000000
00000000
0000500D
00000000
00000000
0000500E
00000000
00000000
00000000
0000500F
00005011
00000000
00000000
00000000
00005012
00000000
00000000
00000000
00000000
00000000
00000000
00000000
00005016
00000000
00000000
00000000
00005018
00005618
00005019
00000000
0000501A
00000000
00007056
00000000
00000000
00000000
0000501B
00000000
00000000
00000000
0000501C
0000501D
0000501E
00000000
00000000
00005020
00000000
00000000
00000000
00005021
00000000
00005022
0000540C
00005024
00005025
00000000
00005027
00000000
00000000
00005028
00000000
00005029
00000000
00000000
00000000
00000000
00000000
00000000
00000000
00000000
00000000
0000502A
00000000
0000502C
00000000
00000000
00000000
0000502D
0000502E
00000000
00000000
00005032
00000000
00005033
00000000
00005034
00005035
00005039
0000503A
00000000
00000000
00000000
0000503B
00000000
0000503C
00000000
00000000
00000000
00000000
0000503D
0000503E
0000503F
00000000
00005041
00000000
00000000
00000000
00005042
00000000
00005043
00000000
00005044
00005045
00000000
00000000
00000000
00000000
00005047
00000000
00000000
00000000
00000000
0000504B
00000000
00000000
0000504C
00000000
00005D47
00000000
00000000
00000000
00000000
00000000
00000000
00000000
0000504D
00000000
00000000
00000000
00000000
0000504E
00000000
00000000
00000000
00000000
00005050
00000000
00000000
00000000
00005051
00005053
00000000
00005055
00000000
00000000
00005056
00000000
00000000
00000000
00005057
00005058
0000505B
00000000
00000000
00000000
00000000
0000505C
00000000
00000000
0000505F
00000000
00000000
00000000
00000000
00005060
00000000
00005062
00000000
00000000
00000000
00005063
00005065
00000000
00000000
00000000
00005066
00005067
00000000
00000000
00000000
00000000
00000000
00000000
00000000
00005068
00000000
00005069
00000000
00000000
00000000
0000506A
0000506B
00000000
00000000
00000000
00005071
00000000
00000000
00000000
00005072
00000000
00000000
00000000
00005074
00005075
00000000
00005077
00000000
00000000
00000000
00000000
00000000
00000000
00005078
00000000
00005079
0000507A
0000507B
00000000
00000000
0000507C
0000507D
00000000
00000000
00000000
00000000
0000507E
00000000
00000000
0000507F
00000000
00000000
00005080
00000000
00000000
00000000
00005082
00005083
0000650F
0000721E
00005085
00005087
00000000
00000000
00005088
0000508A
00000000
00000000
0000508B
00000000
00000000
0000508D
00000000
0000508E
00000000
00000000
00000000
00005091
00005092
00000000
00005094
00005095
00005097
00000000
00005098
00000000
00005099
00000000
0000509B
0000509C
0000509D
0000509E
0000509F
00000000
000050A0
00000000
000050A1
000050A2
00000000
00000000
000050A3
00000000
00000000
000050A5
00000000
000050A6
000050A8
000050A9
00000000
00000000
000050AB
000050AC
00000000
00000000
000050AD
00000000
00000000
000050AF
000050B1
00000000
00000000
000050B2
00000000
000050B3
00000000
00006D4A
00000000
00000000
000050B5
00000000
00000000
00000000
000050B6
000050B7
00000000
00000000
000050B8
00000000
00006B99
000050B9
000050BA
000050BB
00000000
00000000
000050BD
00000000
00005303
000050BE
000050C0
00000000
000050C2
000050C3
00000000
00000000
000050C4
000050C5
00000000
00000000
000050C6
00000000
000050C8
00000000
00000000
00000000
00000000
00000000
00000000
00000000
00000000
000050C9
000050CA
000050CE
00000000
00000000
00000000
000050D2
000050D3
00000000
00000000
00000000
00000000
00000000
00000000
00000000
000050D6
00000000
00000000
000050D7
00000000
00000000
000050DA
00000000
00000000
00000000
000050DB
00000000
00000000
00000000
00000000
00000000
000050DC
00000000
00000000
00000000
00000000
00000000
00000000
00000000
000050DD
000050DE
00000000
00000000
000050DF
00000000
000050E1
00000000
000050E2
00000000
00000000
00000000
00000000
00000000
000050E3
000050E4
000050E6
00000000
00000000
00000000
00005234
000050E7
000050E8
00000000
00000000
000050EA
00000000
00000000
000050EF
000050F0
000050F3
00000000
000050F4
00000000
00000000
00000000
000050F5
00000000
00000000
000050F7
00000000
00000000
000050F8
000050F9
00000000
00000000
000050FA
000050FC
00000000
00000000
00000000
00000000
00000000
00006411
00000000
000050FD
000050FF
00005100
00000000
00000000
00000000
00005101
00000000
00005103
00005105
00000000
00000000
00000000
00000000
00000000
00005106
00000000
00005107
00000000
00000000
00000000
0000510B
00000000
00000000
0000510C
0000510D
00000000
00000000
00000000
00000000
0000510E
00000000
00000000
0000510F
00005110
00000000
00005111
00000000
00005112
00000000
00005114
000058F2
00000000
00000000
00000000
00000000
00005115
00005116
00000000
00000000
00000000
00005117
00000000
00000000
00005119
0000511A
0000511C
00000000
00000000
0000511F
00000000
00000000
00005120
00005121
00000000
00000000
00000000
00000000
00000000
00005124
00000000
00005125
00000000
00000000
00005126
00000000
00000000
00000000
00005127
00005128
00005129
0000512B
00000000
00000000
00000000
0000512C
00000000
00000000
00000000
0000512F
00000000
00000000
00000000
00005132
00000000
00000000
00005133
00005134
00005135
00000000
00005136
0000513A
0000513B
00000000
00000000
0000513C
0000513D
0000513E
00005141
00005142
00000000
00005143
00000000
00005B34
00000000
00005144
00000000
00000000
00005145
00000000
00005149
0000514A
00000000
0000717D
0000514B
00000000
00000000
00000000
0000514D
00000000
00000000
00000000
00000000
0000514E
00000000
00000000
00000000
00000000
00000000
0000514F
00000000
00000000
00000000
00000000
00000000
00000000
00005150
00005151
00005152
00005153
00000000
00005154
00000000
00000000
00005157
00000000
00005159
00000000
00000000
00000000
00000000
00000000
0000515A
0000515B
0000515C
0000515D
00000000
00000000
00000000
00000000
00000000
0000515E
00000000
00000000
00000000
0000515F
00005160
00005161
00000000
00005162
00000000
00000000
00000000
00005163
00000000
00000000
00000000
00000000
00000000
00005164
00005165
00005167
00000000
00005168
00000000
00000000
00005169
0000516B
00000000
0000516F
00005170
00000000
00005173
00000000
00000000
00005174
00000000
00000000
00005176
00005177
00005179
00000000
00000000
00000000
00000000
0000517A
0000517B
0000517D
0000517E
00000000
00000000
00000000
00000000
00005180
00000000
00005182
00000000
00000000
00000000
00000000
00000000
00005183
00000000
00005185
00000000
00000000
00005186
00000000
00000000
00000000
00000000
00005187
00000000
00005189
00000000
00000000
0000518A
00000000
00000000
0000518E
0000518F
00000000
00000000
00000000
00000000
00000000
00000000
00000000
00000000
00005192
00000000
00005193
00005194
00000000
00000000
00005195
00000000
00005196
00000000
00000000
00000000
00005197
00000000
00005198
00000000
00000000
00000000
00005199
00000000
0000519A
00000000
0000519C
00000000
0000519D
000051A0
00000000
000051A5
00000000
000051A7
000051A8
00000000
000051A9
00000000
00000000
00000000
00000000
00000000
00000000
000051AA
00000000
00000000
00000000
000051AB
000064CD
000051AE
000051AF
000051B0
000051B2
000051B4
000051B5
00000000
000051B6
00000000
00000000
000051B7
00000000
00000000
00000000
00000000
000051B8
00000000
000051BB
000051BE
00000000
000051C0
000051C1
00000000
00000000
00000000
000051C2
00005F25
000051C3
000051C4
00000000
000051C5
00000000
00000000
00000000
000051C9
000051CC
00000000
000051CF
000051D0
00000000
000051D1
00000000
000051D2
00000000
000051D3
000051D4
00000000
00000000
000051D5
00000000
000051D6
00000000
00000000
000051D7
000051D9
00000000
00000000
00000000
000051DA
00000000
00000000
000051DB
00000000
000051DC
00000000
00000000
00000000
00000000
00000000
00000000
000051DD
00000000
000051E2
000051E3
00000000
000051E6
00000000
00000000
00000000
00000000
000051E7
00000000
000051E9
000051EA
000051EB
00000000
00000000
000051ED
000051EF
000051F0
00000000
000051F1
00000000
00000000
00000000
00000000
000051F2
00000000
00000000
00000000
000051F4
000051F5
000051F6
000051F7
00000000
00000000
000051F9
000051FA
00000000
00000000
00000000
000051FB
00000000
000051FC
000051FD
00000000
00000000
000051FE
00000000
00000000
000051FF
00005200
00005201
00005202
00000000
00005205
00000000
00000000
00005206
00000000
00000000
00000000
00005207
00000000
00005208
0000520A
00000000
00000000
00000000
00000000
00000000
0000520B
00000000
00000000
0000520C
0000520D
00000000
00000000
0000520E
00005210
00005211
00000000
00000000
00005214
00000000
00005216
00000000
00000000
00000000
00005217
00000000
00000000
00005218
00000000
00000000
0000521A
0000521D
00000000
00005220
00005222
00000000
00000000
00000000
00005224
00000000
00000000
00005225
00005228
00000000
00000000
00000000
00000000
00005229
00000000
0000522A
0000522B
0000522C
00000000
00000000
00000000
0000522D
00000000
0000522E
0000522F
00000000
00000000
00000000
00005D94
00000000
00000000
00000000
00005230
00000000
00000000
00000000
00005232
00005235
00005238
00005239
00000000
0000523B
00000000
0000523C
00000000
00000000
0000523D
00000000
00000000
0000523E
00000000
00000000
00005240
00005242
00000000
00000000
00000000
00000000
00000000
00000000
00005243
00005244
00000000
00000000
00000000
00000000
00005245
00005246
00005247
00005248
00005249
0000524A
00000000
000054D5
00000000
00000000
0000524B
00000000
00000000
00000000
0000524C
000054C5
00000000
00000000
00000000
0000524D
00000000
00000000
00000000
0000524E
0000524F
00000000
00000000
00005250
00000000
00000000
00005251
00000000
00005252
00000000
00005253
00005254
00005256
00000000
00005257
00000000
00000000
00005258
00000000
00000000
0000525A
00000000
00000000
0000525B
00000000
0000525D
00000000
00000000
0000525E
00005260
00000000
00000000
00000000
00000000
00000000
00000000
00000000
00000000
00005261
00000000
00000000
00005264
00000000
00000000
00000000
00000000
00005265
00005266
00005269
0000526A
00000000
0000526B
0000526F
00000000
00000000
00005271
00000000
00000000
00000000
00005272
00000000
00005273
00000000
00005274
00005275
00005279
00000000
00000000
00000000
00000000
00000000
0000527B
0000527C
0000527D
00000000
0000527E
00000000
00005280
00000000
00005281
00005283
000057FD
00000000
00000000
00005284
00005285
00000000
00000000
00000000
00005287
00000000
00000000
00005289
00000000
00000000
0000528A
00000000
0000528D
0000528E
00000000
00000000
00000000
0000528F
00000000
00000000
00000000
00005290
00000000
00000000
00005293
00000000
00000000
00005294
00000000
00000000
00005296
00000000
00000000
00000000
00005297
00005299
00000000
00000000
0000529E
0000529F
00000000
000052A0
00000000
00000000
00000000
000052A1
00000000
000052A2
00000000
00000000
000052A3
00000000
00000000
000052A5
00000000
000052A6
00000000
000052A8
00000000
00000000
000052A9
00000000
000052AC
00000000
00000000
00000000
000052AF
00000000
00000000
000052B0
00000000
00000000
000052B1
00000000
00000000
00000000
00000000
00000000
00000000
000052B3
00000000
00000000
00000000
00000000
00000000
000052B5
00000000
00000000
000052B6
000052B7
000052B8
00000000
000052B9
00000000
00000000
000052BA
000052BB
00000000
00000000
00000000
00000000
000052BC
00000000
000052BE
000052C1
00000000
000052C2
000052C5
000052C7
00000000
00000000
00000000
000052C8
000052C9
00000000
00000000
000052CB
00000000
000052CC
00000000
00000000
00000000
000052CE
00000000
000052CF
000052D0
00000000
00000000
000052D3
00000000
00000000
00000000
00000000
000052D6
000052D7
000052D9
000052DA
000052DB
00000000
00000000
00000000
000052DC
00000000
000052DD
00000000
000052DF
00000000
00000000
000052E0
00000000
000052E3
00000000
00000000
00000000
00000000
000052E4
00000000
00000000
00000000
000052E5
00000000
000052E8
00000000
00000000
000052EA
00000000
00000000
00000000
00000000
000052ED
00000000
00000000
000052F0
00000000
00000000
000052F1
00000000
00000000
00000000
00000000
000052F2
000052F3
00000000
000052F4
00000000
000052F6
00005674
00000000
00000000
000052F8
00000000
00000000
000052F9
00000000
00000000
00000000
00000000
000052FA
00000000
00000000
00000000
00000000
000052FB
00000000
00000000
000052FC
00000000
00000000
000052FF
00000000
00000000
00005300
00005302
00000000
00000000
00000000
00000000
00005308
00005309
0000530A
00000000
0000530B
00000000
00000000
0000530C
0000530F
00000000
00005310
00005311
00005313
00005314
00005315
00000000
00000000
00000000
0000531A
00000000
0000531C
0000531D
00000000
0000531E
0000531F
00000000
00005323
00000000
00005324
00000000
00000000
00000000
00000000
00005326
00000000
00000000
00000000
00005327
00005A8F
00000000
00005328
00000000
00000000
00005329
0000532A
0000532B
0000532E
0000532F
00005332
00005333
00005334
00000000
00005335
00000000
00005337
00000000
00005338
00000000
00000000
00005339
0000533A
00000000
00000000
0000533C
0000533E
00000000
00000000
0000533F
00005340
00000000
00005341
00005343
00000000
00000000
00000000
00005344
00000000
00000000
00005345
00005346
00000000
00000000
00000000
00000000
00005347
00000000
00000000
00005348
00000000
00000000
00000000
00000000
00005349
00000000
0000534A
00000000
0000534B
0000534C
0000534F
00005350
00000000
00000000
00000000
00000000
00000000
00005351
00000000
00005352
00005353
00000000
00006810
00000000
00000000
00005355
00000000
00005356
00000000
00000000
00005358
0000535B
00000000
0000535C
000060FD
0000535E
00000000
00000000
00000000
0000535F
00005360
00000000
00000000
00000000
00000000
00000000
00005361
00000000
00005362
00000000
00000000
00000000
00000000
00000000
00005363
00005364
00005365
00000000
000066FF
00005366
00000000
00000000
00000000
00005368
00000000
00000000
00000000
00000000
00005369
00000000
00000000
00000000
00000000
00000000
00000000
0000536C
000065C8
00005372
00000000
00000000
00000000
00000000
00005373
00005374
00000000
00000000
00005376
00000000
00000000
00000000
00000000
00005377
00000000
00000000
0000537A
00000000
00000000
00000000
00000000
0000537B
0000537C
00000000
0000537D
0000537E
00000000
00000000
00000000
0000537F
00005380
00000000
00005381
00005382
00000000
00000000
00005383
00000000
00000000
00000000
00005384
00000000
00000000
00000000
00005385
00005387
00000000
00000000
00005388
00000000
00005389
00000000
00000000
00000000
00000000
0000538A
00000000
00000000
0000538B
0000538D
00000000
00000000
00000000
00000000
0000538E
0000538F
00000000
00000000
00005391
00005392
00005393
00000000
00005397
00000000
00005398
00000000
00000000
00005399
0000539A
0000539B
00000000
0000539C
00000000
00000000
00000000
00000000
0000539E
00006F22
0000539F
000053A2
00006D21
000053A3
000053A5
00000000
00000000
000053A6
000053A7
000053A9
00000000
00000000
00000000
000053AB
00000000
00000000
000053AC
00000000
00000000
00000000
00000000
00000000
00000000
000053AF
00000000
00000000
000053B0
00000000
00000000
00000000
000053B1
00000000
00000000
000053B3
00000000
000053B5
000053B6
00000000
00000000
00000000
000053B8
00000000
000053B9
000053BA
00000000
000053BB
00000000
00000000
00000000
00000000
00000000
000053BD
000053BE
00000000
00000000
000053BF
00000000
000053C0
00000000
00000000
00000000
000053C1
00000000
00000000
000053C3
000053C4
00000000
000053C5
00000000
00000000
00000000
00000000
00000000
00000000
00000000
000053C6
00000000
00000000
00000000
000053C7
00000000
00000000
00000000
00000000
000053C9
00000000
00000000
000053CC
000053CD
00000000
00000000
000053CE
00000000
00000000
00000000
000053CF
00000000
00000000
00000000
00000000
00000000
000053D1
00000000
00000000
00000000
00000000
000053D3
00000000
000053D4
000053D5
00000000
000053D6
00000000
000053D8
000053D9
00000000
00000000
000053DB
00000000
00000000
000053DC
000053DD
00000000
00000000
00000000
000053DE
000054F9
00000000
000053E1
00000000
000053E2
000053E3
00000000
000053E5
000053E6
00000000
000053E7
00000000
00000000
00000000
00000000
000053E8
00000000
00000000
00000000
00000000
00000000
000053E9
00000000
000053EB
000053EC
00000000
00000000
000053ED
000053EF
000053F0
000053F1
000053F3
00005541
00000000
000053F4
00000000
00000000
000053F6
00000000
00000000
000053F7
000053F8
000053FA
000053FC
00000000
000053FD
000053FE
000053FF
00000000
00000000
00000000
00005401
00000000
00000000
00000000
00005402
00005403
00000000
00005409
00000000
00000000
0000540A
00000000
0000540D
0000540E
0000540F
00000000
00000000
00005410
00005411
00000000
00000000
00005412
00000000
00005413
00005414
00000000
00005417
00005418
00000000
00000000
00005419
0000541D
00000000
00000000
0000541E
00000000
00000000
00000000
00000000
00000000
0000541F
00005420
00005421
00000000
00000000
00000000
00000000
00005422
00005426
00000000
00000000
00000000
00005428
00000000
00000000
00000000
00005429
00000000
00000000
0000542A
0000542D
0000542E
00000000
00000000
00000000
0000542F
00000000
00000000
00005430
00000000
00000000
00000000
00000000
00000000
00005431
00000000
00000000
00005433
00005438
00000000
00000000
00000000
00000000
0000543A
0000543B
0000543E
00000000
00000000
0000543F
00000000
00000000
00000000
00000000
00005440
00000000
00005441
00000000
00000000
00005442
00000000
00000000
00005443
00005446
00000000
00005447
00000000
00006FC4
00005449
00000000
00000000
0000544C
00000000
00000000
00000000
0000544D
0000544E
00000000
0000544F
00000000
00005450
00000000
00000000
00000000
00000000
00000000
00005451
00005452
00000000
00000000
00000000
00000000
00000000
00000000
00000000
00005453
00000000
00000000
00000000
00000000
00000000
00000000
00000000
00005454
00000000
00005455
00005457
00000000
00005458
00000000
00000000
00000000
00000000
0000545A
00000000
00000000
0000545D
0000545E
00000000
00000000
00000000
00000000
0000545F
00000000
00005461
00000000
00005462
00000000
00000000
00005463
00000000
00000000
00000000
00005466
00005946
00000000
00000000
00005467
00000000
00005469
00000000
00000000
00000000
00000000
0000546A
0000546B
00000000
00000000
0000546C
0000546D
00000000
0000546E
00000000
00005470
00005471
00000000
00005474
00006666
00000000
00005476
00005477
00005478
00000000
00000000
00000000
00000000
00005479
0000625C
00000000
0000547A
00000000
00000000
00000000
0000547B
00000000
00000000
00000000
00000000
00000000
00000000
0000547D
00000000
00000000
00000000
00000000
0000547E
0000547F
00005480
00005481
00000000
00000000
00005483
00000000
00005484
00000000
00000000
00000000
00005485
00000000
00000000
00000000
00005488
00000000
00000000
00000000
00000000
00005489
0000548A
0000548C
0000548D
00000000
00000000
00000000
0000548F
00005490
00000000
00005493
00000000
00000000
00000000
00005494
00005495
00000000
00000000
00000000
00000000
00000000
00005497
00005498
00000000
00005499
0000549B
00000000
00000000
00000000
00000000
00000000
0000549C
00000000
0000549E
000054A0
00000000
000054A1
000054A2
000054A3
00000000
00000000
00000000
000054A4
000054A5
000054A6
00000000
00000000
00000000
00000000
000054A7
00000000
00000000
000054A8
000054AA
00000000
00000000
000054AB
000054AD
000054AF
000054B0
00000000
00000000
000054B1
000054B3
00000000
00000000
00000000
000054B4
00000000
000072D7
00000000
00000000
00000000
000054B6
00000000
000054B7
000054B8
00000000
00000000
00000000
00000000
000054B9
00000000
00000000
000054BA
00000000
00000000
000054BB
000054BC
000054BF
000054C0
000054C1
00000000
00000000
000054C2
000054C3
00000000
00000000
00000000
000054C6
00000000
00000000
000054C7
000054C8
000054C9
00000000
00000000
000054CA
00000000
00000000
00000000
00000000
000054CB
00000000
000054CC
00000000
00000000
00000000
00000000
000054D0
000054D2
00000000
00000000
000054D3
000054D6
00000000
000054D7
00000000
000054D8
00000000
00000000
000054D9
00000000
00000000
000054DD
000054DE
00000000
000058AD
00000000
000054DF
000054E0
000054E1
00000000
00000000
000054E2
00000000
000054E3
000054E4
00000000
00000000
000054E5
000054E6
000054EA
00000000
000054EB
00000000
00000000
00000000
000054EC
00000000
00000000
00000000
000054ED
00000000
00000000
00000000
00000000
000054EE
000054EF
00000000
000054F0
00000000
00000000
00000000
00000000
000054F1
00000000
000054F2
00000000
000054F5
000054F6
000054F7
00000000
000054FB
000054FD
00000000
00005500
00000000
00005502
00000000
00000000
00005504
00000000
00000000
00000000
00000000
00005505
00000000
00000000
00000000
00000000
00000000
00000000
00000000
00005507
00000000
00000000
00000000
00005508
0000550A
00000000
00000000
00000000
00000000
00000000
0000550B
00000000
00000000
0000550C
0000550D
00000000
0000550F
00000000
00000000
00000000
00000000
00000000
00000000
00005510
00005511
00000000
00000000
00000000
00000000
00005512
00000000
00000000
00005513
00000000
00005514
00000000
00000000
00005516
00000000
00000000
00005517
00000000
00000000
00000000
00005519
00000000
00000000
00000000
0000551B
00000000
00000000
0000551C
00000000
00000000
00000000
00005521
00000000
00000000
00005522
00000000
00005523
00005524
00000000
00000000
00005525
00000000
00000000
00005526
00000000
00005528
00000000
00000000
00005529
00000000
00000000
00000000
0000552B
00000000
00000000
0000552D
00005531
00000000
00005532
00000000
00005534
00000000
00000000
00005F9A
00000000
00000000
00005535
00000000
00000000
00005539
0000553E
00005540
00000000
00000000
00005542
00000000
00000000
00005544
00000000
00000000
00005545
00000000
00000000
00000000
00005546
00000000
00000000
00005547
00000000
00005548
00005549
00000000
0000554A
00000000
00000000
00000000
0000554E
00000000
0000554F
00000000
00000000
00005550
00000000
00000000
00005551
00000000
00000000
00000000
00000000
00000000
00005553
00005555
00005556
00000000
00005558
00000000
00005559
00000000
0000555B
0000555C
0000555D
0000555F
00005560
00005561
00000000
00005562
00005564
00005569
00006C74
0000556A
00000000
0000556B
0000556C
00000000
00000000
0000556E
00000000
00000000
00000000
00000000
00000000
00000000
00000000
00000000
00005571
00000000
00000000
00005572
00005573
00000000
00000000
00000000
00005574
00000000
00000000
00005576
00005577
00005578
00000000
00005579
0000557A
00000000
00000000
00000000
0000557B
00000000
00000000
00005580
00000000
00005581
00000000
00000000
00005586
00000000
00005587
00000000
00005588
00000000
00000000
00000000
00005589
00000000
0000558B
00000000
0000558C
00000000
00000000
00000000
00000000
00000000
00000000
0000558D
0000558E
00000000
00000000
0000558F
00005590
00000000
00000000
00000000
00005593
00000000
00000000
00000000
00000000
00000000
00005594
00000000
00005595
00006CB5
00000000
00005597
00005598
00005599
0000559A
00000000
0000559B
0000559D
00000000
00000000
0000559E
00000000
00000000
00000000
0000559F
00000000
00000000
000055A0
00000000
00000000
000055A1
000055A2
00000000
000055A3
00000000
000055A5
00000000
00000000
00000000
000055AB
00000000
000055AF
00000000
000055B0
00000000
00000000
000055B1
00000000
00000000
00005C74
000055B2
000055B5
00000000
00000000
00000000
000055B6
00000000
00000000
00000000
00000000
00000000
00000000
00000000
000055B7
000055B8
000055BB
000055BC
00000000
000055BD
000055BE
000055BF
00000000
00000000
000055C0
00000000
00000000
000055C1
000055C2
00000000
00000000
000055C3
00000000
000055C4
00000000
000055C5
00000000
00000000
00000000
000055C7
000055C8
00000000
000055C9
000055CA
00000000
000055CB
000055CC
00000000
00000000
00000000
00000000
000055CD
00000000
00000000
000055D0
00000000
00000000
00000000
00000000
000055D2
00000000
000055D3
000055D4
000055D5
000055D6
000055D7
000055D8
00000000
00000000
00000000
000055D9
00000000
00000000
000055DA
00000000
00000000
000055DB
00000000
000055DC
00000000
000055DE
000055E0
00000000
00000000
000055E1
00000000
00000000
00000000
00000000
000055E4
000055E5
00000000
00000000
000055E6
00000000
000055E7
000055E8
000055E9
000055EA
000055EB
00000000
00000000
00000000
00000000
00000000
00000000
000055EF
000055F0
000055F1
000055F2
00000000
00000000
00000000
00000000
00000000
000055F3
00000000
00000000
00000000
00000000
000055F4
00000000
00000000
000055F5
00000000
00000000
000055F6
00000000
00000000
00000000
00000000
00000000
00000000
00000000
000055F7
000058BB
00000000
00000000
000055F9
000055FA
00000000
00000000
00000000
00000000
000055FB
00000000
000055FC
000055FD
00000000
00000000
00000000
000055FF
00005602
00000000
00000000
00000000
00000000
00005603
00000000
00000000
00005604
00000000
00000000
00005605
00000000
00000000
00000000
00000000
00000000
00000000
00005607
00005608
0000560B
0000560C
00000000
00000000
00000000
00000000
0000560D
0000560E
00000000
00000000
0000560F
00000000
00000000
00005610
00005611
00000000
00005612
00000000
00000000
00000000
00005615
00005616
00000000
00000000
00000000
00000000
00005617
00000000
00000000
00005619
00000000
00000000
0000561A
00000000
00005622
00000000
00005623
00000000
00000000
00000000
00005624
00000000
00000000
00000000
00000000
00000000
00005625
00005626
00000000
00005627
00000000
00005628
00000000
00005629
0000562A
0000562C
0000562D
0000562E
00000000
0000562F
00000000
00000000
00000000
00000000
00005631
00000000
00005632
00000000
00000000
00000000
00000000
00005633
00005635
00005636
00000000
00005638
00005639
00000000
0000563B
00000000
00000000
0000563C
00000000
00000000
0000563D
0000563E
00005B8E
00000000
00005640
00000000
00000000
00005642
00000000
00005645
00005648
00000000
00000000
00005649
00000000
0000564C
00000000
0000564D
00000000
0000564E
0000564F
00005650
00005651
00000000
00000000
00005652
00000000
00005653
00005654
00000000
00000000
00005655
00005656
00005BD2
00000000
00000000
00005657
00000000
00005659
0000565A
00000000
00000000
00000000
0000565C
00000000
00000000
0000565D
00000000
00006968
00000000
0000565F
00000000
00000000
00005660
00000000
00005661
00005662
00005663
00000000
00000000
00000000
00000000
00000000
00005664
00000000
00005666
00000000
00000000
00000000
00005668
00000000
00000000
00000000
00000000
00005669
0000566C
00000000
0000566E
00000000
00000000
0000566F
00000000
00000000
00005670
00000000
00005671
00000000
00000000
00000000
00005672
00000000
00000000
00005675
00005678
00000000
00000000
00000000
00000000
00005679
00000000
00000000
0000567A
00000000
0000567C
00000000
00000000
00000000
00000000
0000567D
00000000
00000000
00000000
0000567E
0000567F
00005682
00005683
00000000
00005684
00005685
00000000
00005686
00000000
00000000
00000000
00005687
00000000
00000000
00005688
00000000
00000000
00000000
00000000
0000568A
00000000
0000568C
00000000
00000000
0000568D
00000000
00000000
0000568F
00000000
00000000
00005691
00000000
00000000
00005692
00005693
00005694
00005695
00005696
00000000
00005698
00000000
00000000
00000000
00005699
00000000
00000000
0000569A
0000569B
00000000
00000000
0000569D
0000569E
0000569F
000056A0
000056A1
00000000
000056A2
00000000
00000000
000056A5
000056A6
00000000
00000000
000056A7
00000000
00000000
00000000
00000000
00000000
00000000
00000000
000056A8
00000000
00000000
000056A9
000056AC
00000000
00000000
000056AD
000056AF
00000000
00000000
000056B1
00000000
00000000
000056B2
00000000
00000000
000056B6
00000000
000056B8
000056B9
000056BA
00000000
00000000
00000000
000056BD
00000000
00000000
000056BE
00000000
000056BF
00000000
00000000
000056C1
00000000
00000000
000056C2
000056C3
00000000
000056C4
00000000
00000000
000056C5
000056C7
00000000
00000000
00000000
00000000
000056C8
00000000
000056CB
00000000
00000000
00000000
00000000
00000000
000056CC
000056CD
00000000
00000000
000056CE
000056CF
00000000
00000000
000056D2
00000000
00000000
000056D3
00000000
00000000
00000000
00000000
00000000
000056D4
000056D5
00000000
000056D6
00000000
00000000
000056D8
00000000
00000000
00000000
000056D9
000056DA
000056DB
00000000
00000000
000056DC
00000000
00000000
000056DD
000056DE
000056DF
00000000
000056E0
00000000
00000000
000056E1
000056E2
00000000
000056E3
000056E5
00000000
00000000
00000000
000056E6
00000000
00000000
00000000
00000000
000056E7
00000000
00000000
00000000
000056E9
00000000
00000000
000056EA
00000000
00000000
00000000
000056EC
00000000
00000000
00000000
00000000
00000000
00000000
000056ED
00000000
00000000
000056EF
00000000
00000000
00000000
00000000
000056F0
000056F1
00000000
00000000
00000000
00000000
00000000
00000000
000056F2
000056F3
00000000
00000000
00000000
00000000
000056F5
00000000
00000000
000056F6
000056F9
00000000
00000000
000056FA
00000000
000056FB
00000000
000056FC
00000000
00000000
00000000
000056FF
00000000
00000000
00000000
00005701
00000000
00005702
00000000
00000000
00005704
00005705
00000000
00005706
00000000
00005707
00005709
0000570B
00000000
00000000
0000570C
00000000
0000570D
00000000
00000000
0000570E
00005710
00005711
00000000
00000000
00000000
00005712
00000000
00000000
00000000
00005713
00000000
00005714
00000000
00000000
00005715
00000000
00005717
00005718
00005719
00005980
00000000
00000000
0000571A
00000000
00000000
00000000
00000000
0000571C
00000000
00000000
00000000
0000571D
0000571E
00000000
0000571F
00000000
00000000
00000000
00005720
00006622
00000000
00005722
00000000
00005724
00005725
00000000
00000000
00005726
00000000
00005728
00005729
00000000
00000000
0000572C
00000000
00000000
0000572D
00000000
0000572F
00000000
00000000
00000000
00005731
00000000
00000000
00000000
00005732
00000000
00005734
00000000
00000000
00005736
00000000
00000000
00000000
00006F5A
00005739
00000000
00000000
00000000
0000573B
00000000
0000573D
0000573F
00000000
00005740
00000000
00005741
00000000
00005742
00005743
00000000
00000000
00000000
00000000
00005744
00005747
00000000
00000000
00000000
00000000
00005748
0000574A
0000574B
00000000
00000000
0000574C
00000000
00000000
00000000
00000000
00000000
00000000
0000574D
00000000
00000000
0000574E
00000000
0000574F
00000000
00005751
00005752
00000000
00000000
00000000
00005753
00000000
00000000
00005754
00000000
00000000
00005756
00000000
00000000
00000000
00005757
00005759
00000000
00000000
00000000
00000000
00000000
0000575A
00000000
00000000
0000575B
00000000
00000000
00000000
0000575C
00000000
0000575D
00000000
0000575E
00000000
00000000
00000000
00000000
00000000
00000000
00005761
00005762
00000000
00000000
00005763
00000000
00000000
00005764
00000000
00005766
00005768
00000000
00005769
00000000
00000000
0000576A
00000000
0000576C
0000576E
00000000
000060DB
00000000
0000576F
00005771
00000000
00005772
00000000
00000000
00005773
00005774
00000000
00000000
00000000
00000000
00005775
00000000
00005776
00000000
00005777
00000000
0000577B
00007323
0000577C
00000000
00005780
00005782
00005783
00005784
00000000
00000000
00000000
00005785
00006733
00000000
00000000
00000000
00000000
00005786
00000000
00000000
00000000
00000000
00000000
00005789
0000578A
00000000
00000000
00000000
0000578B
00000000
00000000
0000578D
00000000
00000000
00000000
0000578F
00000000
00000000
00000000
00000000
00005790
00000000
00000000
00005791
00000000
00005792
00000000
00000000
00000000
00000000
00000000
00000000
00000000
00000000
00005793
00000000
00000000
00000000
00005795
00000000
00000000
00000000
00005796
00000000
00000000
00005797
00000000
00005798
0000579C
00000000
00000000
0000579D
00000000
00000000
00000000
00000000
0000579E
0000579F
000057A0
00000000
00000000
00000000
00000000
000057A1
000057A2
00000000
00000000
000057A3
00000000
00000000
00000000
00000000
000057A5
00000000
00006598
000057A6
00000000
00000000
00000000
000057A7
00000000
000057A8
000057A9
00000000
000057AA
000057AB
00000000
00000000
00000000
000057AD
00000000
00000000
000057AE
000057B0
00000000
00000000
00000000
00000000
000057B1
00000000
000057B2
00000000
000057B3
00000000
000057B4
00000000
00000000
00000000
00000000
00000000
00000000
00000000
000057B5
00000000
00000000
00000000
00000000
00000000
000057B6
00007324
00000000
000057B8
00000000
00000000
00000000
000057B9
00000000
000057BA
00000000
00000000
00000000
00000000
000057BC
00000000
00000000
000057BF
00000000
00000000
000057C0
000057C3
00000000
00000000
00000000
000057C4
00000000
00000000
00000000
000057C5
000057C8
00000000
00000000
000057C9
00000000
000057CA
000057CB
000057CD
00000000
00000000
00000000
00000000
00000000
00000000
000057CE
000057CF
000057D1
00000000
000057D2
000057D4
000057D5
000057D7
00000000
00000000
00000000
000057D9
00000000
000057DB
00000000
00000000
00000000
000057DD
000057DF
00000000
00000000
00000000
00000000
00000000
00000000
000057E0
000057E1
00000000
00000000
000057E2
00000000
00000000
000057E5
000057E6
000057E7
00006F54
000057E9
000057EA
00000000
000057EC
00000000
00000000
00000000
00000000
00000000
00000000
00000000
000057EF
00000000
000057F2
00000000
000057F3
00000000
00000000
00000000
000057F6
000057F7
00000000
00000000
00000000
000057F8
00000000
00000000
000057F9
00000000
000057FB
00000000
00000000
00000000
000057FC
00000000
000057FE
00000000
000057FF
00000000
00000000
00000000
00005800
00000000
00000000
00005801
00000000
00005802
00005803
00000000
00000000
00000000
00005804
00005805
00005806
00005807
00000000
00000000
00000000
00000000
00000000
00005809
0000580A
00000000
00000000
00000000
0000580B
00000000
00000000
00000000
0000580D
00000000
00005810
00000000
00005811
00005812
00000000
00005813
00000000
00005814
00005815
00000000
00000000
00005816
00000000
00000000
00000000
00005817
00000000
00000000
00005818
00000000
00005819
00000000
00000000
00000000
00000000
00000000
0000581A
00000000
0000581D
0000581E
0000581F
00000000
00000000
00005820
00000000
00005821
00005822
00005823
00005824
00005825
00000000
00005826
00000000
00000000
00000000
00005827
00000000
00005828
00005829
00000000
0000582A
00000000
00000000
00000000
00000000
00000000
0000582C
00000000
00000000
0000582E
00000000
0000582F
00000000
00000000
00000000
00000000
00000000
00005831
00005834
00000000
00000000
00005835
00005836
00000000
00000000
00000000
00000000
00000000
00005837
00000000
00000000
00005838
00000000
00000000
00006DB5
00005839
00000000
0000583B
00006661
00000000
00000000
0000583C
00000000
00000000
00000000
0000583D
00005841
00000000
00000000
00005842
00000000
00000000
00000000
00005843
00005844
00000000
00005845
00005846
00005848
00000000
00000000
0000584A
00000000
00000000
00000000
00000000
00000000
0000584B
00000000
00000000
0000584C
0000584E
00000000
00000000
00000000
00000000
00000000
0000584F
00000000
00005850
00000000
00000000
00000000
00000000
00005851
00000000
00000000
00000000
00000000
00005853
00000000
00000000
00000000
00005855
00000000
00005856
00000000
00005857
00000000
00000000
00000000
00000000
00000000
00005858
00005859
0000585B
0000585D
00000000
00000000
00000000
0000585E
0000585F
00000000
00000000
00005860
00006590
00000000
00000000
00000000
00005861
00000000
00000000
00000000
00005863
00005864
00000000
00005865
00000000
00000000
00000000
00005866
00000000
00000000
00005868
00000000
00005869
00000000
0000586A
00000000
0000586B
0000586C
00000000
00000000
00000000
0000586F
00005870
00000000
00000000
00005871
00000000
00005873
00005874
00000000
00000000
00000000
00000000
00000000
00005875
00000000
00000000
00000000
00000000
00000000
00005877
00005879
00000000
00000000
0000587A
00000000
00000000
0000587B
0000587C
00000000
00000000
0000587D
00000000
0000587E
00000000
00000000
00000000
00000000
00000000
00000000
00000000
00005880
00000000
00000000
00000000
00000000
00000000
00000000
00000000
00000000
00005881
00005883
00000000
00000000
00000000
00005884
00000000
00000000
00005885
00000000
00000000
00005887
00005888
00000000
00005889
00000000
00000000
00000000
00000000
0000588A
00000000
00000000
00000000
0000588B
00000000
0000588C
00000000
00000000
0000588F
00000000
00000000
00005890
00000000
00005891
00005892
00000000
00000000
00000000
00005894
00000000
00000000
00005895
00005896
00005897
00000000
000059B4
00005898
00000000
00000000
00005899
0000589A
00006FE2
00000000
0000589B
0000589D
00000000
00000000
00000000
0000589E
00000000
00000000
00000000
00000000
0000589F
000058A0
00000000
00000000
000058A1
00000000
00000000
000058A2
00000000
00000000
00000000
000058A4
000058A7
00000000
00000000
00000000
00000000
000058A8
000058A9
00000000
00000000
00000000
00000000
000058AB
00000000
000058AC
00000000
000058AE
000058AF
00000000
00000000
000058B0
000058B1
00000000
000058B2
00000000
000058B3
00000000
00000000
00000000
000058B4
00000000
000058B5
00000000
000058B6
00000000
000058B7
000058B8
00000000
00000000
00000000
000058B9
00000000
00000000
00000000
00000000
000058BA
00000000
000058BC
00000000
00000000
00000000
00000000
00000000
000058BF
000058C0
00000000
00000000
000058C1
000058C2
00000000
00000000
000058C4
00000000
00000000
00000000
000058C5
00000000
000058C6
00000000
000058C7
00000000
00000000
000058C8
00000000
000058CA
000058CC
00000000
000058CD
00000000
00000000
000058CF
00000000
000058D0
00000000
000058D1
000058D3
00000000
00000000
00000000
00000000
000058D5
000058D6
00000000
00000000
000058D8
00000000
00000000
000058DA
00000000
00000000
000058DC
00000000
000058DF
00000000
000058E0
000058E2
000058E3
00000000
00000000
00000000
00000000
00000000
000058E4
000058E5
000058E7
00000000
00000000
000058E8
00000000
00000000
00000000
00000000
000058E9
000058EB
00000000
000058EC
00000000
000058ED
00000000
00000000
000058EE
00005CEB
00000000
000058EF
00000000
000058F0
00000000
000058F3
000058F5
00000000
00000000
00000000
000058F6
00000000
000058F7
000058F9
00000000
00000000
000058FA
00000000
000058FE
00000000
000058FF
00000000
00000000
00000000
00000000
00005900
00000000
00000000
00000000
00005901
00000000
00005904
00000000
00000000
00000000
00005905
00000000
00000000
00000000
00005906
00000000
00005907
00000000
00000000
00000000
00000000
00000000
00000000
00005909
0000590B
00000000
0000590C
0000590D
00005910
00005911
00005912
00000000
00000000
00005914
00006296
00005915
00000000
00000000
00000000
00000000
00005917
00000000
00005918
0000591A
0000591C
00000000
0000591D
00000000
0000591E
0000591F
00000000
00005921
00000000
00005922
00000000
00000000
00005923
00000000
00000000
00000000
00000000
00000000
00005924
00000000
00005925
00005928
0000592A
00000000
00000000
00000000
00000000
00000000
00000000
0000592E
00000000
00000000
00000000
00000000
0000592F
00005930
00005931
00000000
00000000
00000000
00000000
00000000
00005934
00000000
00000000
00005935
00005936
00000000
00000000
00000000
00005937
00000000
00000000
00005938
00000000
00000000
00000000
00005939
00000000
0000593B
0000593D
00000000
00000000
00000000
00000000
0000593E
00000000
00000000
00000000
00005940
00000000
00000000
00005941
00000000
00000000
00000000
00000000
00005947
00005948
00005949
0000594A
00000000
00000000
00000000
00000000
00000000
00000000
0000594B
00000000
00000000
00000000
0000594C
00000000
00000000
00000000
00005951
00000000
00000000
00005952
00000000
00000000
00005953
00000000
00005954
00000000
00000000
00000000
00000000
00005956
00000000
00000000
00000000
00005957
00000000
00005958
00000000
00000000
00000000
00005959
00000000
0000595A
00000000
0000595B
00000000
00000000
0000595C
00000000
00000000
00000000
00000000
00000000
0000595D
00000000
0000595E
00005960
00000000
00000000
00000000
00000000
00005962
00005964
00005965
00000000
00005966
00000000
00000000
00000000
00000000
00000000
00000000
00000000
00005967
00005968
00000000
0000596B
00000000
0000596C
0000596E
00000000
00005970
00000000
00000000
00000000
00000000
00005971
00005972
00005973
00000000
00005974
00005975
00000000
00000000
00005976
00005978
00000000
00000000
00005979
00000000
00000000
00000000
00000000
0000597A
00000000
00000000
0000597E
00005981
00005982
00000000
00005983
00000000
00000000
00000000
00005985
00005989
00000000
0000598A
0000598E
00000000
00000000
00000000
00000000
00000000
00005990
00000000
00000000
00000000
00000000
00000000
00005993
00000000
00000000
00000000
00000000
00000000
00000000
00000000
00000000
00005997
00000000
00000000
00000000
00005998
00000000
00000000
00000000
00005999
0000599C
000059A0
00000000
00000000
00000000
000059A1
000059A2
00000000
00000000
00000000
000059A3
00000000
00000000
00000000
000059A6
000059A7
00000000
00000000
00000000
00000000
00000000
000059A8
00000000
00000000
000059AA
000059AB
000059AC
00000000
00000000
000059AE
000059AF
00000000
000059B1
000059B2
000059B3
00000000
00000000
00000000
00000000
00000000
000059B5
00000000
000059B9
000059BA
00000000
00000000
000059BD
000059BF
000059C0
00000000
00000000
000059C1
00000000
00000000
00000000
000059C3
00000000
00000000
000059C4
00000000
000059C5
00000000
00000000
00000000
000059C6
000059C7
00000000
00000000
00000000
000059C9
000059CA
00000000
00000000
00000000
000059CC
000059CD
00000000
00000000
000059CE
00006F8D
00000000
00000000
00000000
00000000
00000000
000059D0
000059D1
00000000
000059D4
000059D5
000059D6
00000000
00000000
00000000
000059D7
00000000
000059D8
00000000
00000000
00000000
000059D9
000059DA
00000000
000059DB
00000000
00000000
00000000
00000000
00000000
00000000
00000000
000059DD
00000000
00000000
000059DE
000059DF
00000000
000059E0
00000000
00000000
00000000
000059E1
000059E2
00000000
00000000
00000000
00000000
00000000
00000000
00000000
000059E3
000059E4
00000000
00000000
000059E5
00000000
00000000
000059E6
00000000
00000000
00000000
00000000
000059E7
00000000
00000000
000059E8
00000000
00000000
000059EA
000059EB
000059EC
000059EE
00000000
00000000
00000000
00000000
000059EF
00000000
00000000
00000000
00000000
000059F2
00000000
000059F3
00000000
00000000
000059F4
00000000
000059F5
00000000
000059F6
000059F7
00000000
000059F8
00000000
00000000
000059FA
00000000
000059FC
00000000
00000000
000059FD
00000000
00000000
000059FE
00000000
00000000
00000000
00000000
000059FF
00000000
00000000
00000000
00000000
00000000
00005A00
00000000
00005A02
00000000
00005A03
00000000
00005A04
00000000
00000000
00005A05
00000000
00006F5D
00000000
00000000
00005A0B
00000000
00005A0D
00000000
00005A0E
00000000
00000000
00005A13
00000000
00005A17
00000000
00000000
00005A1A
00005A1C
00000000
00005A1D
00000000
00000000
00005A21
00005A22
00000000
00005A23
00000000
00000000
00005A25
00000000
00000000
00000000
00000000
00000000
00000000
00000000
00000000
00000000
00005A27
00000000
00000000
00000000
00005A28
00005A29
00000000
00000000
00005A2A
00005A2B
00000000
00000000
00000000
00005A2F
00000000
00000000
00005A31
00005A32
00005A34
00000000
00000000
00000000
00000000
00000000
00005A36
00000000
00000000
00006F88
00000000
00005A39
00005A3A
00000000
00000000
00000000
00005A3C
00000000
00000000
00005A3F
00000000
00005A40
00000000
00000000
00000000
00000000
00000000
00005A41
00000000
0000727B
00000000
00005A42
00005A43
00005A45
00000000
00005A46
00000000
00000000
00005A48
00000000
00000000
00005A49
00000000
00000000
00005A4C
00005A4D
00005A4E
00000000
00000000
00000000
00005E28
00000000
00005A4F
00000000
00000000
00000000
00000000
00005A51
00000000
00000000
00000000
00005A52
00000000
00005A53
00000000
00000000
00005A54
00005A56
00000000
00000000
00000000
00005A57
00000000
00005A59
00000000
00000000
00000000
00000000
00000000
00000000
00005A5A
00000000
00005A5B
00000000
00000000
00000000
00000000
00005A5D
00000000
00005A5E
00000000
00000000
00000000
00005A5F
00000000
00000000
00000000
00005A60
00000000
00000000
00005A62
00000000
00000000
00005A63
00000000
00005A64
00005A66
00000000
00005A67
00005A69
00005A6A
00000000
00000000
00000000
00005A6D
00005A6E
00000000
00000000
00005A70
00000000
00005A71
00005A72
00000000
00000000
00000000
00000000
00000000
00000000
00000000
00000000
00000000
00005A74
00000000
00005A76
00000000
00000000
00000000
00000000
00005A77
00005A78
00005A79
00000000
00000000
00000000
00000000
00000000
00000000
00000000
00005A7A
00000000
00005A7B
00000000
00000000
00005A7C
00000000
00000000
00005A7D
00000000
00005A7E
00000000
00000000
00000000
00005A7F
00000000
00000000
00005A80
00000000
00005A82
00000000
00000000
00005A83
00005A84
00000000
00000000
00005A85
00005DA1
00005A86
00000000
00000000
00000000
00000000
00000000
00000000
00005A8B
00000000
00000000
00000000
00005A8D
00000000
00000000
00000000
00000000
00000000
00005A8E
00005A90
00000000
00005A93
00000000
00005A94
00000000
00005A96
00000000
00000000
00000000
00000000
00005A97
00000000
00000000
00000000
00000000
00000000
00000000
00000000
00005A98
00005A99
00000000
00005A9D
00000000
00000000
00000000
00005A9E
00005A9F
00005AA2
00000000
00000000
00005AA3
00005AA4
00000000
00000000
00000000
00005AA6
00000000
00005AA8
00000000
00000000
00000000
00000000
00000000
00000000
00000000
00005AA9
00000000
00000000
00000000
00005AAA
00000000
00000000
00000000
00000000
00005AAD
00000000
00005AAE
00000000
00000000
00005AAF
00005AB0
00000000
00000000
00005AB2
00000000
00005AB3
00000000
00000000
00005AB4
00000000
00000000
00000000
00000000
00000000
00000000
00000000
00005AB6
00000000
00000000
00000000
00000000
00000000
00005AB9
00007366
00000000
00000000
00000000
00005ABA
00005ABB
00005ABC
00000000
00005ABD
00000000
00005ABF
00005AC0
00000000
00000000
00005AC2
00005AC4
00000000
00000000
00000000
00000000
00005AC8
00000000
00000000
00000000
00005AC9
00000000
00005ACC
00005ACD
00000000
00005ACE
00005AD1
00000000
00005AD2
00000000
00000000
00005AD3
00005AD4
00005AD5
00005AD6
00005AD7
00000000
00005AD8
00000000
00000000
00000000
00005AD9
00000000
00000000
00005ADA
00005ADB
00000000
00000000
00000000
00000000
00000000
00000000
00005ADC
00000000
00000000
00000000
00005ADD
00005ADE
00000000
00005ADF
00000000
00000000
00005AE1
00005AE5
00005AE7
00005AE8
00000000
00000000
00005AE9
00005AEB
00005AEC
00005AEF
00000000
00000000
00005AF0
00005AF1
00005AF3
00000000
00005AF4
00005AF5
00000000
00000000
00005AF6
0000635C
00005AF7
00000000
00005AF8
00005AFA
00000000
00005AFB
00005AFC
00000000
00000000
00005AFD
00000000
00005AFE
00000000
00005AFF
00005B01
00000000
00000000
00000000
00000000
00005B03
00000000
00000000
00005B04
00005B07
00000000
00005B08
00000000
00005B0B
00000000
00000000
00005B0C
00005B0F
00000000
00005B10
00000000
00000000
00005B13
00005B15
00000000
00000000
00000000
00000000
00000000
00005B16
00005B17
00000000
00000000
00000000
00005B19
00000000
00000000
00000000
00000000
00005B1A
00005B1B
00000000
00000000
00000000
00000000
00005B1C
00005B1D
00005B1E
00000000
00005B1F
00005B20
00000000
00005B23
00005B24
00005B25
00000000
00000000
00005B28
00000000
00000000
00000000
00000000
00000000
00000000
00005B29
00005B2A
00000000
00000000
00005B2B
000062E8
00005B2C
00005B2F
00000000
00000000
00005B32
00005B33
00005B35
00000000
00000000
00000000
00000000
00000000
00005B37
00000000
00005B39
00000000
00000000
00000000
00005B3A
00000000
00000000
00000000
00005B3E
00000000
00005B3F
00000000
0000696F
00000000
00005B40
00000000
00005B42
00000000
00005B44
00005B46
00000000
00000000
00005B48
00005B49
00000000
00000000
00000000
00000000
00005B4A
00005B4B
00000000
00000000
00005B4C
00005B4E
00000000
00005B4F
00005B50
00005B51
00005B52
00005B54
00005B55
00000000
00005B56
00000000
00000000
00000000
00005B57
00005B58
00000000
00000000
00000000
00000000
00000000
00000000
00005B5A
00000000
00000000
00005B5B
00000000
00005B5D
00000000
00005B5E
00005B5F
00005B60
00005B62
00005B64
00000000
00000000
00000000
00005B65
00000000
00000000
00000000
00000000
00005B67
00000000
00000000
00005B68
00006ACB
00005B69
00000000
00005B6B
00005B6C
00005B6D
00000000
00000000
00000000
00000000
00000000
00005B6E
00005B71
00000000
00005B73
00005B74
00005B75
00000000
00000000
00005B76
00000000
00000000
00005B77
00005B7A
00000000
00000000
00005B7C
00000000
00000000
00005B7D
00000000
00005B80
00000000
00000000
00000000
00005B82
00000000
00000000
00005B83
00000000
00000000
00005B84
00000000
00000000
00000000
00000000
00005B85
00000000
00000000
00000000
00005B86
00000000
00005B87
00005B89
00000000
00005B8B
00005B8D
00005B8F
00005B90
00000000
00000000
00000000
00000000
00005B91
00005B92
00000000
00000000
00000000
00000000
00000000
00000000
00005B93
00000000
00000000
00005B94
00000000
00000000
00005B95
00000000
00005B97
00000000
00005B98
00000000
00000000
00005B99
00000000
00000000
00000000
00005B9A
00005B9C
00000000
00000000
00000000
00000000
00005B9D
00000000
00000000
00005B9E
00005B9F
00000000
00005BA0
00000000
00000000
00000000
00005BA2
00005BA3
00005BA6
00000000
00000000
00000000
00005BA7
00000000
00005BA8
00000000
00000000
00005BAA
00000000
00005BAC
00000000
00005BAE
00005BAF
00000000
00000000
00000000
00005BB0
00005BB1
00006E06
00000000
00000000
00000000
00000000
00005BB2
00005BB3
00000000
00005BB4
00005BB5
00005BB6
00005BB8
00005BB9
00000000
00000000
00000000
00000000
00000000
00000000
00000000
00005BBA
00005BBD
00005BBE
00000000
00000000
00000000
00005BC1
00000000
00005BC4
00005BC5
00005BC6
00000000
00000000
00005BC7
00005BC9
00005BCA
00000000
00000000
00005BCD
00005BCE
00000000
00000000
00005BCF
00000000
00000000
00000000
00005BD0
00000000
00005BD3
00005BD4
00000000
00005BD5
00005BD8
00000000
00005BD9
00005BDA
00000000
00000000
00000000
00005BDB
00005BDC
00000000
00000000
00000000
00000000
00005BDD
00000000
00000000
00005BDF
00000000
00000000
00000000
00000000
00005BE0
00005BE3
00005BE4
00005BE5
00000000
00000000
00000000
00005BE6
00000000
00000000
00005BE7
00005BE8
00000000
00000000
00005BE9
00000000
00000000
00005BEA
00000000
00000000
00005BEB
00005BEC
00005BED
00000000
00005BEE
00005BEF
00005BF0
00000000
00000000
00000000
00000000
00005BF1
00000000
00000000
00000000
00000000
00000000
00000000
00000000
00005BF2
00000000
00000000
00000000
00005BF3
00000000
00000000
00000000
00000000
00000000
00000000
00005BF4
00005BF5
00000000
00000000
00000000
00005BF6
00000000
00000000
00000000
00000000
00000000
00000000
00000000
00005BFA
00005BFB
00000000
00000000
00005BFC
00005BFE
00005BFF
00000000
00005C00
00000000
00005C02
00000000
00000000
00005C04
00005C05
00005C06
00005C08
00000000
00000000
00005C09
00005C0A
00000000
00005C0B
00000000
00000000
00000000
00005C0E
00000000
00000000
00005C10
00000000
00000000
00000000
00000000
00005C12
00000000
00000000
00005C13
00005C14
00000000
00000000
00005C17
00000000
00000000
00000000
00000000
00005C19
00000000
00005C1A
00000000
00000000
00000000
00000000
00005C1B
00000000
00000000
00005C1D
00005C1E
00005C1F
00000000
00000000
00000000
00006722
00000000
00000000
00005C22
00000000
00005C23
00005C24
00000000
00005C25
00000000
00000000
00000000
00000000
00000000
00000000
00005C26
00000000
00000000
00005C27
00005C28
00005C29
00005C2A
00000000
00005C2B
00000000
00005C2C
00005C2E
00006809
00005C2F
00005C30
00005C31
00000000
00000000
00000000
00005C32
00005C33
00000000
00000000
00000000
00005C34
00000000
00000000
00005C35
00000000
00000000
00000000
00000000
00005C37
00000000
00000000
00000000
00005C38
00005C39
00000000
00005C3A
00000000
00000000
00000000
00000000
00000000
00005C3B
00005C3C
00000000
00005C3D
00000000
00000000
00000000
00000000
00000000
00005C3E
00005C40
00000000
00000000
00005C41
00005C42
00000000
00000000
00005C43
00000000
00005C44
00000000
00000000
00000000
00005C45
00000000
00000000
00000000
00005C46
00000000
00000000
00000000
00005C47
00000000
00000000
00005C49
00000000
00000000
00005C4B
00005C4C
00000000
00000000
00005C4D
00005C4F
00005C52
00000000
00000000
00000000
00005C53
00000000
00005C54
00000000
00005C55
00000000
00000000
00005C57
00005C59
00000000
00000000
00005C5A
00000000
00005C5B
00005C60
00005C61
00005C63
00000000
00000000
00000000
00000000
00005C64
00000000
00000000
00000000
00000000
00000000
00000000
00000000
00005C65
00000000
00000000
00000000
00005C67
00000000
00000000
00000000
00000000
00000000
00005C69
00000000
00000000
00005C6A
00000000
00000000
00005C6B
00000000
00005C6C
00000000
00000000
00000000
00000000
00005C6D
00005C72
00005C73
00000000
00000000
00000000
00005C75
00000000
00000000
00005C78
00000000
00000000
00005C7A
00000000
00000000
00005C7C
00000000
00000000
00000000
00005C7D
00000000
00005C7E
00000000
00000000
00000000
00000000
00000000
00005C7F
00000000
00005C82
00000000
00000000
00000000
00000000
00000000
00000000
00000000
00000000
00000000
00005C83
00000000
00005C85
00005C86
00000000
00000000
00005C87
00005C88
00000000
00000000
00000000
00005C8A
00005C8B
00000000
00000000
00000000
00000000
00000000
00000000
00000000
00000000
00005C8D
00000000
00005C8E
00000000
00000000
00005C90
00000000
00000000
00005C92
00000000
00000000
00000000
00000000
00005C93
00000000
00000000
00000000
00000000
00000000
00000000
00005C94
00000000
00000000
00000000
00000000
00005C96
00000000
00000000
00000000
00005C97
00000000
00000000
00005C98
00000000
00000000
00005C9B
00005C9C
00000000
00005C9E
00005C9F
00005CA0
00000000
00000000
00005CA2
00000000
00005CA3
00000000
00000000
00000000
00005CA4
00006C15
00000000
00005CA5
00000000
00000000
00000000
00000000
00000000
00000000
00000000
00000000
00005CA6
00005CA7
00000000
00000000
00000000
00000000
00000000
00005CA8
00000000
00000000
00005CA9
00000000
00000000
00000000
00005CAB
00000000
00000000
00005CAC
00005CAD
00005CAF
00005CB0
00000000
00000000
00000000
00000000
00005CB1
00005CB2
00000000
00005CB3
00000000
00000000
00005CB5
00000000
00000000
00000000
00000000
00000000
00000000
00000000
00005CB6
00000000
00005CB7
00000000
00005CBB
00000000
00000000
00000000
00000000
00000000
00005CBC
00000000
00000000
00000000
00005CBD
00000000
00005CC1
00005CC2
00000000
00000000
00005CC3
00005CC4
00005CC6
00000000
00005CC7
00000000
00000000
00000000
00005CC8
00000000
00000000
00005CC9
00005CCA
00005CCC
00000000
00000000
00005CCE
00000000
00005CCF
00000000
00005CD0
00000000
00000000
00000000
00005CD2
00000000
00005CD3
00000000
00000000
00000000
00000000
00000000
00005CD4
00005CD5
00000000
00000000
00000000
00000000
00000000
00000000
00000000
00005CD6
00005CD7
00005CD8
00005CD9
00005CDA
00000000
00005CDB
00005CDC
00005CDE
00000000
00000000
00005CDF
00005CE3
00000000
00000000
00005CE5
00005CE9
00000000
00000000
00000000
00005CEA
00000000
00000000
00000000
00000000
00000000
00000000
00005CED
00000000
00000000
00000000
00000000
00005CEF
00000000
00000000
00005CF0
00005CF2
00000000
00000000
00000000
00000000
00005CF6
00000000
00000000
00000000
00005CF7
00000000
00000000
00000000
00005CF8
00005CFA
00000000
00000000
00000000
00005CFF
00005D02
00000000
00000000
00000000
00005D03
00005D04
00005D05
00000000
00000000
00005D06
00000000
00005D07
00005D09
00000000
00005D0A
00000000
00000000
00000000
00005D0B
00000000
00000000
00005D0C
00005D0E
00000000
00000000
00005D10
00005D11
00000000
00005D12
00005D13
00005D14
00000000
00000000
00005D17
00000000
00005D18
00000000
00000000
00000000
00000000
00005D1A
00005D1D
00000000
00000000
00000000
00000000
00006BF7
00005D1E
00000000
00000000
00000000
00000000
00005D1F
00005D20
00005D21
00005D22
00000000
00000000
00000000
00000000
00005D23
00005D24
00000000
00000000
00000000
00000000
00005D25
00000000
00005D27
00000000
00000000
00000000
00000000
00005D29
00000000
00000000
00005D2A
00000000
00000000
00005D2B
00000000
00000000
00000000
00000000
00000000
00005D2C
00005D2D
00000000
00000000
00000000
00005D2F
00000000
00005D30
00000000
00000000
00005D31
00005D33
00005D34
00000000
00000000
00000000
00005D35
00005D36
00000000
00000000
00005D37
00005D38
00000000
00000000
00000000
00005D3A
00000000
00000000
00000000
00000000
00005D3B
00000000
00000000
00000000
00000000
00000000
00005D3C
00000000
00000000
00000000
00005D3D
00000000
00005D3E
00000000
00000000
00000000
00005D40
00005D41
00000000
00000000
00005D43
00005D44
00000000
00005D46
00000000
00000000
00005D48
00000000
00000000
00005D49
00000000
00005D4A
00005D4B
00000000
00005D4D
00005D4E
00005D50
00000000
00000000
00005D51
00005D54
00000000
00005D55
00005D56
00005D59
00005D5A
00000000
00005D5C
00000000
00005D5E
00000000
00000000
00000000
00000000
00000000
00005D5F
00000000
00005D61
00000000
00005D62
00000000
00005D63
00005D64
00000000
00005D66
00000000
00000000
00000000
00000000
00005D68
00000000
00005D6A
00000000
00000000
00000000
00000000
00005D6B
00000000
00000000
00000000
00000000
00000000
00005D6C
00000000
00005D6D
00005D6F
00000000
00005D70
00005D71
00000000
00000000
00005D72
00005D73
00000000
00000000
00005D76
00005D77
00000000
00000000
00005D78
00000000
00000000
00005D79
00000000
00000000
00000000
00005D7C
00005D7D
00000000
00000000
00000000
00000000
00005D7E
00005D80
00006132
00005D81
00000000
00005D83
00005D86
00005D88
00000000
00005D89
00000000
00005D8A
00000000
00000000
00000000
00000000
00005D8D
00000000
00000000
00005D8E
00000000
00000000
00000000
00005D90
00005D91
00000000
00000000
00005D92
00000000
00005D96
00000000
00000000
00000000
00005D97
00000000
00000000
00000000
00005D98
00005D99
00000000
00000000
00000000
00000000
00000000
00000000
00000000
00005D9A
00000000
00005D9B
00005D9C
00005D9D
00000000
00000000
00000000
00000000
00000000
00000000
00005D9E
00005DA0
00000000
00000000
00005DA2
00005DA3
00000000
00000000
00000000
00005DA4
00000000
00005DA5
00005DA6
00000000
00000000
00000000
00000000
00000000
00000000
00000000
00005DA7
00000000
00005DA9
00000000
00000000
00005DAB
00005DAC
00000000
00000000
00000000
00000000
00005DAD
00000000
00000000
00005DAF
00000000
00000000
00000000
00000000
00000000
00005DB0
00005DB1
00005DB2
00000000
00000000
00005DB3
00005DB4
00000000
00000000
00000000
00000000
00000000
00000000
00005DB5
00000000
00000000
00000000
00005DB6
00000000
00000000
00000000
00000000
00000000
00000000
00000000
00005DB8
00000000
00000000
00000000
00000000
00000000
00005DB9
00000000
00000000
00000000
00000000
00005DBA
00000000
00000000
00000000
00000000
00000000
00000000
00005DBB
00005DBC
00000000
00000000
00005DBD
00005DBF
00005DC0
00000000
00000000
00005DC1
00000000
00000000
00005DC3
00005DC5
00000000
00000000
00000000
00000000
00005DC6
00000000
00005DC8
00000000
00000000
00005DC9
00000000
00000000
00000000
00000000
00005DCA
00005DCB
00000000
00000000
00000000
00005DCC
00000000
00000000
00005DCD
00000000
00000000
00000000
00000000
00005DD0
00005DD1
00005DD2
00000000
00000000
00000000
00000000
00000000
00005DD4
00000000
00005DD5
00005DD6
00000000
00000000
00000000
00005DD7
00000000
00005DD8
00000000
00005DD9
00005DDA
00005DDB
00005DDC
00000000
00005DDD
00005DDE
00000000
00000000
00000000
00005DDF
00000000
00005DE1
00005DE2
00000000
00005DE3
00000000
00005DE4
00000000
000062C7
00005DE5
00000000
00000000
00000000
00000000
00005DE7
00005DEA
00000000
00000000
00005DEB
00005DEC
00005DEE
00000000
00005DEF
00005DF0
000062D2
00000000
00005DF1
00000000
00000000
00005DF2
00000000
00005DF4
00000000
00005DF6
00000000
00000000
00000000
00005DF7
00000000
00000000
00000000
00000000
00005DF8
00000000
00000000
00005DF9
00005DFA
00005DFB
00000000
00000000
00005DFC
00005DFD
00000000
00000000
00005DFE
00005E00
00000000
00005E03
00005E05
00000000
00005E06
00000000
00007304
00005E07
00005E0A
00000000
00000000
00000000
00005E0B
00005E0E
00005E11
00005E12
00000000
00000000
00005E13
00005E14
00000000
00005E19
00005E1B
00005E1E
00005E1F
00005E22
00000000
00005E23
00000000
00005E24
00000000
00000000
00000000
00005E29
000067E7
00005E2A
00005E2B
00005E2D
00000000
00005E2F
00005E30
00000000
00005E31
00000000
00000000
00005E32
00000000
00000000
00005E33
00000000
00005E34
00000000
00000000
00005E37
00005E38
00005E39
00000000
00000000
00000000
00005E3A
00005E3B
00005E3D
00000000
00005E3E
00000000
00005E3F
00005E42
00005E43
00005E44
00000000
00000000
00005E47
00005E48
00005E4B
00000000
00000000
00005E4E
00005E4F
00005E54
00000000
00000000
00000000
00000000
00000000
00000000
00005E55
00000000
00000000
00000000
00000000
00000000
00005E56
00005E57
00000000
00005E58
00000000
00005E5A
00000000
00000000
00005E5B
00000000
00000000
00005E5C
00005E5D
00005E5F
00005E60
00005E61
00005E62
00000000
00000000
00000000
00005E65
00005E66
00000000
00000000
00000000
00000000
00005E69
00000000
00005E6B
00000000
00000000
00000000
00000000
00005E6C
00000000
00000000
00005E6D
00000000
00000000
00005E70
00000000
00005E71
00005E73
00000000
00000000
00000000
00005E75
00005E76
00000000
00000000
00005E77
00000000
00000000
00005E78
00005E7A
00000000
00000000
00000000
00000000
00005E7D
00000000
00000000
00000000
00005E7E
00000000
00005E7F
00005E81
00005E82
00000000
00005E83
00005E84
00000000
00000000
00000000
00000000
00005E85
00000000
00000000
00005E87
00000000
00000000
00005E89
00000000
00005E8A
00005E8D
00000000
00005E8F
00000000
00000000
00005E90
00005E92
00000000
00000000
00000000
00000000
00000000
00005E93
00000000
00000000
00000000
00005E94
00005E95
00000000
00000000
00005E96
00005E97
00000000
00000000
00000000
00000000
00000000
00000000
00000000
00000000
00000000
00000000
00000000
00000000
00005E98
00005E99
00000000
00000000
00000000
00000000
00000000
00000000
00000000
00000000
00005E9B
00005E9E
00000000
00000000
00005E9F
00005EA0
00000000
00005EA3
00005EA7
00005EA8
00000000
00005EA9
00005EAA
00000000
00005EAB
00005EAC
00000000
00000000
00000000
00000000
00000000
00005EAF
00000000
00005EB0
00000000
00005EB1
00000000
00000000
00000000
00000000
00000000
00000000
00005EB3
00000000
00005EB4
00005EB5
00000000
00000000
00005EB6
00000000
00000000
00005EB7
00000000
00000000
00000000
00005EB8
00000000
00000000
00005EB9
00000000
00005EBA
00000000
00000000
00000000
00000000
00005EBB
00000000
00000000
00005EBC
00000000
00000000
00000000
00005EBD
00000000
00005EBE
00005EBF
00000000
00005EC0
00000000
00000000
00000000
00000000
00005EC1
00000000
00000000
00000000
00000000
00005EC2
00005EC3
00000000
00000000
00000000
00005EC5
00000000
00000000
00005EC6
00000000
00000000
00005EC7
00000000
00000000
00000000
00005EC9
00000000
00005ECA
00005ECB
00005ECD
00005ED0
00005ED1
00005ED2
00000000
00005ED3
00000000
00005ED4
00000000
00000000
00005EDA
00005EDB
00000000
00000000
00000000
00000000
00000000
00005EDE
00005EDF
00000000
00005EE0
00000000
00000000
00005EE1
00005EE5
00005EE6
00000000
00005EE7
00000000
00000000
00005EE8
00000000
00000000
00000000
00000000
00005EE9
00000000
00000000
00000000
00000000
00000000
00005EF0
00000000
00005EF1
00000000
00005EF2
00000000
00000000
00000000
00005EF3
00000000
00005EF4
00000000
00000000
00000000
00005EF5
00000000
00005EF7
00000000
00000000
00005EF8
00005EF9
00005EFB
00000000
00000000
00005EFE
00000000
00000000
00000000
00000000
00005EFF
00005F00
00005F01
00000000
00000000
00005F04
00000000
00000000
00005F05
00005F06
00000000
00000000
00005F08
00000000
00000000
00005F09
00006B98
00000000
00000000
00005F0B
00000000
00000000
00000000
00000000
00000000
00000000
00005F0C
00005F0E
00000000
00005F11
00000000
00000000
00000000
00000000
00005F12
00005F13
00000000
00000000
00005F19
00000000
00000000
00005F1A
00000000
00006752
00005F1B
00005F1C
00000000
00000000
00000000
00000000
00005F1D
00000000
00000000
00005F1E
00000000
00000000
00005F1F
00000000
00000000
00000000
00000000
00005F21
00000000
00000000
00005F22
00005F23
00005F24
00000000
00005F26
00005F29
00000000
00000000
00000000
00000000
00005F2A
00000000
00000000
00000000
00000000
00000000
00005F2B
00005F2C
00005F2D
00000000
00005F2F
00005F30
00000000
00005F31
00000000
00000000
00000000
00000000
00000000
00000000
00005F32
00000000
00000000
00005F33
00000000
00005F34
00005F35
00005F36
00000000
00005F39
00005F3A
00000000
00000000
00000000
00000000
00000000
00000000
00000000
00005F3B
00000000
00000000
00005F3C
00005F3D
00000000
00005F3E
00000000
00000000
00005F41
00000000
00005F42
00005F43
00000000
00000000
00005F45
00000000
00000000
00000000
00000000
00005F47
00005F48
00005F4A
00005F4E
00005F4F
00000000
00000000
00005F50
00005F51
00000000
00000000
00000000
00000000
00005F52
00005F53
00005F56
00000000
00005F57
00000000
00005F58
00000000
00005F60
00005F61
00005F62
00000000
00000000
00000000
00005F63
00000000
00000000
00000000
00005F64
00000000
00000000
00005F65
00005F67
00005F68
00000000
00000000
00005F69
00005F6A
00000000
00000000
00005F6B
00005F6D
00006480
00000000
00000000
00005F6E
00000000
00000000
00000000
00000000
00005F71
00000000
00000000
00000000
00000000
00000000
00000000
00005F74
00005F75
00005F76
00000000
00000000
00000000
00000000
00000000
00000000
00005F77
00005F78
00005F79
00000000
00005F7A
00005F7C
00005F7D
00000000
00005F7E
00000000
00005F7F
00000000
00000000
00000000
00000000
00000000
00000000
00005F82
00005F83
00000000
00000000
00005F84
00005F8B
00000000
00005F8C
00000000
00005F8D
00000000
00005F8E
00000000
00005F90
00000000
00000000
00005F91
00000000
00000000
00005F92
00005F94
00000000
00000000
00005F95
00000000
00000000
00005F96
00000000
00000000
00000000
00000000
00000000
00005F99
00000000
00000000
00000000
00005F9C
00000000
00000000
00000000
00000000
00000000
00005F9D
00000000
00000000
00000000
00005F9E
00000000
00000000
00000000
00000000
00000000
00005F9F
00005FA0
00000000
00000000
00005FA1
00005FA2
00005FA3
00005FA4
00000000
00000000
00005FA5
00000000
00005FA6
00005FA7
00000000
00000000
00000000
00000000
00005FAB
00000000
00000000
00005FAC
00005FAE
00000000
00000000
00005FAF
00000000
00005FB0
00005FB3
00000000
00000000
00005FB4
00000000
00000000
00000000
00000000
00005FB6
00000000
00000000
00000000
00005FB7
00000000
00000000
00005FB8
00005FB9
00005FBB
00000000
00005FBC
00005FBD
00000000
00000000
00000000
00005FBE
00005FC0
00000000
00000000
00005FC2
00000000
00005FC3
00000000
00000000
00005FC5
00005FC7
00000000
00005FC8
00005FCA
00000000
00000000
00005FCB
00000000
00000000
00000000
00005FCD
00000000
00000000
00005FCE
00000000
00005FD2
00005FD3
00005FD5
00000000
00000000
00005FD6
00005FD7
00005FD8
00006ADC
00005FD9
00000000
00005FDA
00005FDC
00000000
00000000
00000000
00000000
00005FDD
00005FDF
00000000
00000000
00005FE0
00005FE1
00000000
00000000
00005FE5
00000000
00005FE6
00005FE7
00000000
00000000
00000000
00005FE8
00000000
00000000
00000000
00005FEA
00005FEB
00000000
00005FED
00000000
00000000
00005FEE
00005FEF
00000000
00005FF0
00000000
00005FF3
00000000
00000000
00000000
00000000
00000000
00005FF4
00005FF5
00000000
00000000
00005FF6
00000000
00000000
00005FF7
00005FF8
00000000
00000000
00000000
00005FF9
00000000
00000000
00005FFA
00000000
00000000
00000000
00005FFB
00000000
00000000
00005FFE
00000000
00005FFF
00006000
00006001
00006002
00000000
00000000
00006003
00006004
00000000
00000000
00000000
00000000
00000000
00000000
00006005
00000000
00000000
00000000
00000000
00006007
00000000
00000000
00000000
00000000
00006008
00000000
00000000
00000000
00000000
00006009
00000000
00000000
0000600C
00000000
00000000
00000000
0000600E
00000000
00000000
00000000
00000000
00000000
00006010
00000000
00000000
00000000
00006011
00006014
00000000
00006017
00000000
00000000
00000000
00006018
00000000
00000000
0000601A
00000000
0000601B
0000601C
00000000
00000000
00000000
0000601D
0000601E
00006021
00000000
00000000
00000000
00006023
00000000
00006026
00000000
00000000
00000000
00000000
00000000
00000000
00000000
00006027
00000000
00006028
00000000
00000000
00006029
0000602A
0000602D
0000602E
00000000
0000602F
00000000
00000000
00000000
00000000
00006031
00000000
00006032
00006033
00000000
00000000
00000000
00006034
00006035
00000000
00006036
00000000
00000000
00006037
00006039
00000000
0000603A
00000000
00000000
00000000
0000603B
0000603C
00000000
0000603D
00000000
00000000
00000000
00000000
00000000
0000603E
0000603F
00000000
00000000
00000000
00006040
00000000
00000000
00000000
00000000
00000000
00000000
00000000
00000000
00006041
00000000
00000000
00006042
00006043
00000000
00006044
00000000
00000000
00000000
00006045
00006047
00000000
00000000
00006048
00000000
0000604A
0000604B
00000000
0000604F
00006050
00000000
00000000
00000000
00006053
00000000
00006057
00006058
00000000
00000000
0000605A
00000000
0000605C
00000000
0000605E
00000000
0000605F
00000000
00000000
00006060
00006061
00006062
00006063
00000000
00000000
00000000
00006065
00000000
00006066
00000000
00006068
00000000
00000000
00006069
00000000
00000000
00000000
00000000
00000000
00000000
00000000
0000606B
00000000
00000000
00000000
0000606C
00000000
00000000
00000000
0000606D
00000000
00000000
00000000
00000000
00000000
00000000
0000606E
00000000
00000000
0000606F
00000000
00000000
00000000
00000000
00000000
00006070
00006072
00000000
00006073
00000000
00000000
00000000
00000000
00006074
00000000
00006076
00000000
00006078
00000000
00000000
00000000
00000000
00000000
00000000
00000000
00006079
0000607A
0000607B
00000000
00000000
0000607D
00006080
00000000
00000000
00006081
00006082
00000000
00000000
00006084
00006085
00006086
00000000
00006087
00000000
00006088
00006089
00000000
00000000
00000000
0000608B
00000000
00000000
0000608C
00000000
00000000
00000000
00000000
0000608D
00000000
00000000
00000000
0000608F
00000000
00000000
00000000
00000000
00000000
00000000
00006090
00000000
00000000
00000000
00000000
00006092
00006FA7
00000000
00000000
00006093
00000000
00000000
00006094
00006096
00000000
00006097
00000000
00000000
0000609A
00000000
00000000
0000609B
00000000
00000000
0000609C
00000000
0000609D
0000609E
00000000
00000000
0000609F
000060A0
00000000
000060A1
000060A2
00000000
00000000
00000000
00000000
000060A3
00000000
00000000
000060A4
000060A6
000060A7
00000000
00000000
00000000
000060A8
00000000
000060A9
00000000
00000000
000060AB
000060AC
00000000
00000000
00000000
00000000
00000000
00000000
000060AD
00000000
00000000
00000000
000060AE
00000000
00000000
00000000
00000000
00000000
00000000
000060AF
000060B0
000060B1
00000000
000060B2
000060B4
00000000
000060B5
000060B6
000060B8
00000000
00000000
000060BA
000060BB
000060BD
00000000
00000000
000060BE
000060BF
00000000
00000000
000060C2
00000000
00000000
00000000
00000000
000060C5
00000000
000060C6
000060C7
000060C8
00000000
000060C9
000060CB
00000000
00000000
000060CC
00000000
00000000
000060CD
00000000
000060CF
000060D0
000060D1
00000000
000060D2
00000000
000060D3
000060D5
00000000
00000000
000060D7
000060D8
000060DD
000060DF
00000000
00000000
000060E0
000060E1
00000000
000060E2
00000000
00000000
00000000
000060E3
000060E6
000060E8
000060E9
00000000
00000000
000060EA
000060EB
000060EC
000060ED
000060EE
00000000
00000000
000060EF
00000000
00000000
000060F0
00000000
000060F2
00000000
00000000
00000000
000060F3
00000000
00000000
000060F4
00000000
000060F5
000060F6
00000000
00000000
00000000
00000000
000060FB
00000000
00000000
00000000
000060FC
00000000
00000000
00000000
00000000
000060FF
00000000
00006100
00000000
00006101
00000000
00000000
00006102
00006103
00006105
00006107
00006108
00006109
00000000
00000000
0000610B
00000000
00000000
00000000
0000610E
00000000
00006111
00006114
00000000
00006115
00000000
00000000
00000000
00000000
00000000
00000000
00006116
000068AB
00006117
00000000
00000000
00000000
00000000
00000000
00000000
00006118
00006119
0000611A
00000000
0000611B
000068C7
0000611F
00000000
00006121
00000000
00000000
00006122
00000000
00000000
00006123
00000000
00006124
00006125
00000000
00000000
00000000
00000000
00006126
00000000
00000000
00000000
0000612A
0000612B
0000612D
00000000
0000612E
00000000
00006130
00000000
00000000
00006131
00006133
00006134
00006135
00006138
00000000
00000000
00000000
00000000
00006139
00000000
0000613A
0000613C
00000000
00000000
00000000
0000613D
00000000
00000000
00000000
00006141
00006142
00006143
00006144
00006146
00000000
00000000
00006148
00000000
0000614A
0000614B
00000000
00000000
00000000
0000614C
0000614D
00000000
0000614E
00000000
00006150
00000000
00000000
00000000
00000000
00006157
00006159
00000000
00000000
0000615A
00000000
00000000
00000000
00000000
0000615B
0000615C
00000000
00000000
00000000
00000000
0000615E
00000000
00000000
00000000
0000615F
00000000
00000000
00006160
00000000
00006161
00000000
00000000
00000000
00000000
00000000
00006163
00000000
00000000
00000000
00000000
00000000
00006166
00000000
00000000
00000000
00006167
00006168
00006169
0000616C
00000000
0000616D
00000000
0000616E
0000616F
00000000
00000000
00006170
00006171
00006172
00006173
00006174
00000000
00000000
00000000
00000000
00000000
00006175
00006176
00000000
0000617A
00000000
0000617B
00000000
00000000
00000000
00000000
0000617C
00000000
00000000
00000000
0000617D
00000000
00000000
0000617E
00000000
00000000
0000617F
00000000
00006180
00000000
00006181
00000000
00000000
00006DEE
00006182
00006183
00000000
00006186
0000618C
00000000
00000000
00000000
00000000
0000618D
0000618E
00000000
00000000
0000618F
00000000
00000000
00000000
00006190
00006191
00000000
00000000
00000000
00000000
00006194
00000000
00006196
00000000
00000000
00000000
00006197
00006198
00000000
0000619A
00000000
0000619B
00000000
00000000
0000619E
00000000
000061A1
000061A2
000061A3
00000000
00000000
000061A6
000061A8
00000000
00000000
000061A9
00000000
000061AB
00000000
000061AC
00000000
00000000
00000000
000061AD
000061AE
000061AF
00000000
00000000
00000000
00000000
00000000
00000000
00000000
000061B2
00000000
00000000
00000000
000061B3
00000000
000061B4
00000000
000061B6
00000000
000061B9
00000000
00000000
00000000
00000000
00000000
000061BA
000061BB
00000000
000061BC
00000000
00000000
00000000
00000000
000061BD
000061C1
00000000
00000000
000061C2
00000000
00000000
000061C4
000061C5
000061C6
00000000
00000000
00000000
000061CA
00000000
00000000
000061CB
000061CD
000061CE
00000000
00000000
000061D0
00000000
00000000
00000000
000061D1
00000000
000061D3
00000000
00000000
00000000
000061D4
00000000
00000000
00000000
00000000
000061D5
000061D7
000061D8
00000000
00000000
000061D9
00000000
00000000
00000000
00000000
000061DA
000061DC
000061DD
00000000
00000000
000061DE
00000000
00000000
000061E0
00000000
00000000
00000000
00000000
000061E3
00000000
00000000
000061E5
00000000
00000000
000061E9
00000000
000061EA
000061EB
00000000
00000000
00000000
00000000
000061EC
00000000
00000000
000061ED
00000000
000061EF
00000000
000061F0
000061F1
00000000
00000000
000061F3
00000000
00000000
000061F4
00000000
000061F5
000061F7
00000000
00000000
00000000
00000000
00000000
00000000
00000000
000061F8
00000000
00000000
00000000
000061F9
00000000
00000000
000061FA
00000000
00000000
000061FD
00000000
00000000
000061FE
00000000
00000000
000061FF
00000000
00006200
00000000
00006204
00000000
00000000
00006206
00006207
00000000
00000000
0000706A
00006208
00000000
00006209
0000620A
00000000
0000620E
0000620F
00000000
00000000
00000000
00006210
00000000
00006212
00006214
00000000
00000000
00000000
00006215
00000000
00000000
00006216
00000000
00006217
00006219
00000000
00000000
00000000
0000621B
00000000
00000000
00000000
0000621C
00000000
00000000
00000000
0000621D
0000621E
0000621F
00000000
00000000
00000000
00006220
00006223
00006224
00006225
00006226
00000000
00000000
00006229
00000000
0000622A
00000000
00000000
0000622B
00000000
0000622C
00000000
00000000
0000622D
00000000
00000000
00000000
0000622E
00000000
00000000
0000622F
00000000
00006232
00006454
00000000
00000000
00006233
00000000
00006234
00006235
00006236
00006237
00006238
00000000
00006239
00000000
00000000
00000000
0000623A
00000000
00000000
00000000
0000623B
00000000
00000000
0000623D
00000000
00000000
00000000
00000000
0000623E
00000000
00000000
00000000
00000000
0000623F
00006243
00006244
00006245
00000000
00006246
00006247
00000000
00000000
00000000
00006248
00000000
00006249
0000624A
0000624B
00000000
00000000
00000000
0000624E
00000000
00000000
00006251
00000000
00000000
00000000
00006254
00006255
00000000
00000000
00000000
00006256
00006258
00000000
00000000
00000000
00000000
00006259
00000000
0000625A
00000000
00000000
0000625B
00000000
00000000
00000000
0000625E
00000000
0000625F
00006262
00006263
00006264
00000000
00006265
00006267
00000000
00000000
00000000
00006268
00000000
00000000
00000000
00000000
00006269
0000626A
0000626B
0000626C
00000000
00000000
00000000
0000626D
00000000
0000626E
00000000
0000626F
00000000
00000000
00006270
00000000
00000000
00006272
00000000
00000000
00000000
00000000
00000000
00000000
00006273
00000000
00006276
00000000
00000000
00000000
00000000
00006277
00000000
00000000
00006278
00006279
00000000
00000000
00000000
00000000
0000627B
00000000
00000000
0000627D
0000627E
00000000
00000000
00006280
00000000
00000000
00006282
00006284
00000000
00006285
00006287
00000000
00006288
00006289
0000628B
0000628C
00000000
00000000
0000628F
00000000
00000000
00006291
00000000
00000000
00000000
00006293
00006297
00000000
00000000
00006298
00006299
0000629A
00000000
00000000
0000629C
00000000
00000000
0000629D
0000629E
00000000
00000000
0000629F
000062A1
00000000
00000000
000062A3
00000000
00000000
000062A4
00000000
000062A6
000062A8
00000000
00000000
00000000
00000000
000062A9
00000000
000062AB
00000000
00000000
000062AC
00000000
000062AE
00000000
000062AF
00000000
000062B0
00000000
00000000
00000000
00000000
000062B1
000062B2
000062B3
00000000
000062B4
000062B5
00000000
00000000
00000000
000062B6
00000000
000062B7
00000000
000062B8
000062B9
00000000
00006F69
00000000
00000000
000062BA
000062BB
00000000
00000000
00000000
000062BC
000062BE
000062C0
00000000
00000000
00000000
000062C2
000062C5
00000000
000062C6
000062C8
000062C9
00000000
000062CB
000062CE
00000000
00000000
000062CF
00000000
00000000
000062D0
000062D1
00006D9B
00000000
000062D6
00000000
00000000
000062D7
00000000
000062D8
00000000
00000000
00000000
00000000
00000000
00000000
000062D9
00000000
000062DA
000062DD
00000000
00000000
00006671
000062E2
00000000
00000000
000062E3
000062E4
00000000
000062E7
000062E9
000062ED
000062EE
000062EF
00000000
000062F0
000062F2
00000000
000062F3
00000000
000062F4
00000000
00000000
00000000
000062F5
00000000
00000000
000062F7
00000000
000062F8
00000000
00000000
00000000
00000000
000062F9
00000000
00000000
00000000
00000000
00000000
000062FA
000062FB
00000000
00000000
000062FD
00000000
00000000
00000000
00000000
00000000
000062FE
00000000
00000000
000065B3
00000000
000062FF
00000000
00000000
00000000
00000000
00000000
00006301
00000000
00000000
00000000
00006303
00000000
00000000
00000000
00006304
00000000
00000000
00000000
00006305
00006306
00000000
00006308
00000000
00000000
0000630A
0000630B
00000000
00000000
00000000
0000630C
00000000
0000630D
00000000
00000000
0000630F
00000000
00006311
00006312
00000000
00006313
00000000
00006315
00000000
00000000
00000000
00006316
00000000
00000000
00000000
00006317
00006319
0000631B
0000631E
0000631F
00000000
00000000
00000000
00006320
00000000
00006324
00000000
00000000
00000000
000063C0
00006325
00000000
00006326
00000000
0000632A
00000000
00000000
0000632B
0000632C
00000000
0000632E
0000632F
00006330
00000000
00006333
00000000
00000000
00006334
00000000
00006335
00000000
00000000
00006336
00000000
00000000
00000000
00006338
00000000
00006339
00000000
00000000
0000633A
00000000
00000000
0000633B
00000000
0000633C
00000000
00000000
00000000
00000000
0000633D
0000633E
0000633F
00000000
00000000
00000000
00000000
00000000
00000000
00000000
00000000
00006340
00006341
00006342
000067B2
00000000
00006343
00006344
00000000
00006345
00006346
00000000
00000000
00006347
0000634B
00000000
00000000
00000000
00000000
00000000
0000634C
00000000
00000000
00000000
0000634E
00006350
00000000
00000000
00006353
00006354
00000000
00000000
00000000
00006355
00000000
00000000
00006357
00000000
00000000
00000000
00000000
00000000
00000000
00000000
00006358
00006359
00000000
0000635B
0000635D
00000000
00000000
00000000
00000000
0000635F
00006362
00000000
00006365
00000000
00006366
00000000
00000000
00006367
00000000
00006368
00000000
00000000
00000000
00000000
00006369
00000000
00000000
0000636C
0000636D
00000000
00000000
0000636E
00000000
00000000
0000636F
00006370
00000000
00000000
00000000
00000000
00000000
00006372
00006375
00006376
00000000
0000637A
0000637B
00000000
00000000
00000000
00000000
00000000
0000637C
0000637E
00000000
0000637F
00006380
00000000
00000000
00000000
00006381
00000000
00006382
00000000
00000000
00006385
00000000
00006386
00000000
00006387
00000000
00006388
0000638A
00000000
00000000
0000638B
00000000
00000000
0000638C
00000000
00000000
0000638E
0000638F
00000000
00000000
00000000
00000000
00000000
00000000
00000000
00006390
00000000
00000000
00000000
00000000
00000000
00000000
00006391
00006393
00000000
00006394
00000000
00000000
00006395
00000000
00000000
00006398
00000000
00006399
00000000
0000639A
0000639D
00000000
00000000
00000000
0000639E
00000000
00000000
0000639F
000063A0
00000000
00000000
000063A1
00000000
00000000
000063A2
00000000
00000000
00000000
000063A3
00000000
00000000
00000000
00000000
000063A7
00000000
00000000
00000000
00000000
00000000
00000000
00000000
000063A8
00000000
00000000
000063A9
000063AB
00000000
00000000
000063AC
00000000
00000000
00000000
000063AD
00000000
000063AF
00000000
000063B1
000063B5
00000000
000063B7
000063BA
000063BC
000063BE
000063BF
00000000
00000000
00000000
000063C1
000063C3
00000000
00000000
00000000
00000000
000063C6
00000000
00000000
000063C7
00000000
000063C8
000063CC
000066EF
00000000
00000000
00000000
00000000
00000000
00000000
00000000
000063CD
000063CE
00000000
000063CF
00000000
00000000
00000000
00000000
000063D0
00000000
00000000
000063D1
00000000
00000000
000063D2
00000000
000063D6
00000000
00000000
000063D7
000063DA
00000000
00000000
000063DB
000063DD
00000000
00000000
000063DE
00000000
00000000
00000000
00000000
000063DF
000063E0
00000000
00000000
000063E1
00000000
000063E2
000063E3
00000000
00000000
000063E8
00000000
00000000
000063E9
000063EA
00000000
00000000
00000000
00000000
00000000
000063EC
00000000
00000000
00000000
000063EE
00000000
000063EF
00000000
00000000
00000000
00000000
000063F0
00000000
00000000
00000000
00000000
00000000
000063F1
000063F2
000063F4
000063F5
000063F6
00000000
000063F7
00000000
000063FA
000063FB
00000000
000063FC
000063FE
00000000
00000000
00000000
00000000
00006400
00000000
00000000
00006401
00006402
00000000
00000000
00006403
00006404
00000000
00000000
00006405
00000000
00006406
00006409
0000640A
00000000
00000000
00000000
00000000
0000640D
00000000
00000000
00000000
00000000
00000000
00000000
00000000
0000640E
0000640F
00006410
00000000
00006412
00000000
00000000
00006414
00006415
00000000
00000000
00000000
00000000
00000000
00006416
00006419
00000000
00000000
0000641B
00000000
00000000
00000000
0000641C
0000641E
0000641F
00006421
00000000
00000000
00006422
00000000
00006423
00000000
00006425
00000000
00006428
00000000
00000000
00000000
00006429
00000000
00000000
00000000
00000000
0000642A
0000642C
00000000
00000000
00000000
00006430
00000000
00000000
00006431
00006433
00000000
00006435
00006436
00006439
00000000
00000000
0000643A
0000643B
00000000
0000643E
00000000
0000643F
00000000
00006440
00000000
00006441
00000000
00000000
00000000
00006444
00000000
00006445
00000000
00006446
00006447
0000644A
00000000
00000000
0000644B
0000644C
00000000
00000000
0000644D
00006451
00006452
00000000
00000000
00006455
00000000
00006456
00000000
00000000
0000645C
00000000
00000000
0000645D
0000645E
0000645F
00000000
00000000
00006460
00000000
00000000
00000000
00000000
00000000
00006464
00006466
00000000
00006467
00006468
0000646A
00000000
00000000
00000000
00000000
00000000
00000000
00000000
00000000
00000000
00000000
0000646B
00000000
00000000
00000000
00000000
0000646E
00000000
00000000
00006470
00000000
00000000
00000000
00000000
00000000
00000000
00006471
00000000
00006472
00006473
00000000
00000000
00006474
00006475
00006476
00000000
00000000
00006477
00000000
00000000
00000000
00006478
00000000
00000000
00000000
00000000
00000000
00000000
00006479
0000647A
00000000
00000000
00000000
0000647B
00000000
0000647C
00000000
0000647E
00000000
0000647F
00000000
00000000
00000000
00000000
00000000
00000000
00006481
00000000
00000000
00006482
00000000
00006486
00000000
00000000
00006487
00000000
00000000
00006488
00000000
00006489
00000000
0000648A
00000000
00000000
00000000
00000000
0000648B
00000000
00000000
0000648D
00000000
0000648E
0000648F
00000000
00000000
00000000
00000000
00000000
00006490
00006491
00000000
00006493
00000000
00000000
00000000
00006494
00000000
00000000
00000000
00006495
00006496
00006498
00000000
00000000
00000000
00000000
00000000
00000000
00006499
00000000
00000000
00000000
00000000
00000000
0000649A
00000000
0000649B
00000000
0000649C
00000000
0000649D
00000000
00000000
00000000
00000000
00000000
0000649F
000064A0
00000000
00000000
00000000
00000000
000064A2
00000000
00000000
000064A3
00000000
00000000
000064A4
00000000
00000000
000064A5
00000000
00000000
00000000
000064A8
00000000
000064A9
00000000
00000000
000064AA
00000000
00000000
000064AB
00000000
000064AD
000064AF
00000000
00000000
000064B0
00000000
00000000
00000000
000064B1
00000000
00000000
000064B3
00000000
00000000
00000000
000064B5
00000000
00000000
000064B6
000064B7
00000000
00000000
000064B8
00000000
00000000
00000000
00000000
00000000
000064BA
00000000
00000000
00000000
000064BC
00000000
000064BE
000064BF
000064C0
000064C3
00000000
000064C4
000064C5
000064C8
000064C9
00000000
00000000
00000000
000064CA
00000000
00000000
00000000
00000000
000064CE
00000000
00000000
00000000
00000000
00000000
00000000
000064D1
00000000
00000000
00000000
000064D4
00000000
00000000
000064D5
000064D6
000064D7
00000000
00000000
00000000
00000000
00000000
000064D9
000064DA
00000000
00000000
000064DB
00000000
00000000
00000000
000064DD
000064DE
00000000
000064DF
00000000
00000000
000064E0
00000000
000064E1
00000000
00000000
00000000
00000000
00000000
00000000
000064E2
000064E3
00000000
00000000
00000000
000064E4
000064E5
00000000
00000000
000064E6
000064E9
000064EA
00000000
00000000
00000000
000064EB
000064EC
00000000
000064ED
000064F0
000064F1
000064F2
00000000
000064F3
00000000
000064F4
00000000
000064F5
000064F6
00000000
00000000
000064F7
00000000
00000000
00000000
00000000
00000000
00000000
00000000
000064FB
00000000
000064FD
00000000
00000000
000064FE
00000000
00006501
00000000
00000000
00006503
00000000
00000000
00000000
00006504
00000000
00006505
00000000
00000000
00006508
00000000
00000000
00000000
00000000
00006509
0000650A
00000000
00000000
0000650B
00000000
00000000
0000650E
00006511
00000000
00000000
00000000
00006512
00000000
00000000
00000000
00000000
00006513
00000000
00000000
00000000
00000000
00000000
00006514
00006515
00000000
00006516
00006518
00006519
0000651A
00000000
00000000
0000651B
00000000
00000000
0000651C
00000000
00000000
00000000
0000651D
00000000
00000000
0000651E
00000000
00000000
00000000
00000000
00000000
00000000
00000000
00006521
00006523
00000000
00000000
00006525
00000000
00006526
00000000
00006527
00006529
00000000
00000000
00000000
0000652B
00000000
00000000
00000000
00000000
00000000
00000000
00000000
00000000
0000652C
00000000
00000000
0000652D
00000000
00000000
00000000
00000000
00000000
00006530
00006531
00000000
00000000
00006532
00000000
00000000
00000000
00006534
00006535
00000000
00006539
00000000
00000000
00000000
00000000
0000653A
00000000
00000000
00000000
0000653C
00000000
00000000
0000653F
00000000
00006540
00000000
00006541
00000000
00000000
00000000
00006542
00006544
00000000
00000000
00006545
00006546
00000000
00000000
00000000
00000000
00000000
00006548
0000654A
00000000
00000000
00000000
00000000
0000654E
00000000
00000000
00000000
0000654F
00000000
00006550
00000000
00000000
00000000
00000000
00000000
00000000
00000000
00006551
00006552
00006553
00006555
00000000
00000000
00006556
00006557
00006559
0000655A
0000655B
00000000
00000000
00000000
00000000
0000655C
00000000
0000655F
00000000
00006560
00006561
00000000
00000000
00000000
00000000
00006562
00000000
00000000
00000000
00000000
00000000
00000000
00000000
00006564
00000000
00000000
00006567
00000000
00006568
00006569
00000000
0000656A
00000000
00000000
00000000
0000656B
0000656C
0000656F
00006573
00000000
00006574
00006575
00006577
00006579
00000000
00000000
0000657A
0000657B
0000657C
0000657D
00000000
00000000
00000000
0000657E
00000000
00000000
0000657F
00006580
00000000
00000000
00000000
00006581
00000000
00006582
00006584
00006585
00000000
00000000
00000000
00006587
00006588
00000000
00000000
00006589
0000658B
00000000
00000000
0000658C
0000658E
0000658F
00006591
00000000
00000000
00000000
00006592
00000000
00006593
00000000
00000000
00000000
00006594
00000000
00000000
00000000
00006597
00006599
00000000
0000659B
00000000
00000000
00007179
00000000
00000000
0000659C
00000000
00000000
00000000
00000000
0000659F
00000000
000065A1
000065A3
000065A5
00000000
00000000
000065A7
00000000
00000000
000065A8
00000000
00000000
00000000
00000000
000065A9
00000000
00000000
00000000
000065AA
00000000
000065AB
000065AC
00000000
0000661C
000065AE
00000000
00000000
00000000
000065AF
00000000
000065B5
000065B6
00000000
00000000
00000000
000065B8
00000000
000065B9
00000000
000065BA
00000000
00000000
00000000
000065BB
000065BC
00000000
000065BD
000065C0
000065C1
00000000
00000000
000065C2
000065C3
00000000
000065C9
000065CB
00000000
000065CC
00000000
000065CE
000065CF
00000000
000065D0
00000000
00000000
000065D2
000065D5
000065D6
000065D7
00000000
00000000
00000000
00000000
000065D9
000065DA
000065DB
000065DC
000065DE
00000000
00000000
00000000
00000000
000065DF
00000000
000065E0
000065E1
000065E2
00000000
000065E4
00000000
000065E5
000065E8
00000000
00000000
00000000
000065EA
00000000
000065EC
00000000
00000000
00000000
00000000
00000000
000065ED
00000000
000065EE
00000000
000065F0
00000000
00000000
00000000
00000000
00000000
000065F1
00000000
00000000
00000000
000065F2
00000000
000065F3
000065F5
00000000
00000000
000065F6
00000000
00000000
000065F7
00000000
000065F8
000065F9
00000000
00000000
00000000
00000000
000065FA
00000000
00000000
000065FB
000065FC
00000000
00000000
00000000
000065FD
000070B7
00000000
00000000
000065FE
000065FF
00000000
00000000
00006600
00006601
00006602
00000000
00000000
00006606
00000000
00000000
00000000
00006608
0000660A
00000000
00000000
00000000
0000660B
0000660C
00000000
00000000
00000000
00000000
00000000
00000000
0000660D
00006610
00000000
00000000
00006611
00006612
00000000
00006613
00000000
00000000
00000000
00000000
00006615
00000000
00000000
00000000
00006617
00000000
00000000
00006619
00000000
0000661A
0000661D
00000000
00000000
00000000
00000000
0000661E
00000000
00000000
00000000
00000000
00006620
00000000
00000000
00000000
00000000
00000000
00006625
00000000
00000000
00000000
00006626
00000000
00000000
00006627
00000000
00000000
00006628
00000000
00000000
00000000
00006629
00000000
00000000
0000662B
00000000
0000662D
00000000
00000000
00000000
0000662E
00000000
0000662F
00000000
00000000
00000000
00006631
00000000
00000000
00006632
00000000
00000000
00006633
00000000
00000000
00000000
00006634
00000000
00006635
00006636
00006637
00000000
00000000
00000000
00006638
00000000
00000000
0000663A
0000663B
00000000
00000000
00000000
0000663C
00000000
00000000
00000000
0000663F
00006640
00000000
00000000
00000000
00006641
00006642
00000000
00000000
00006644
00006646
00006647
00000000
00000000
00000000
00006F80
00000000
00006648
00000000
00000000
00000000
00006649
0000664A
00000000
0000664C
0000664D
0000664F
00006650
00000000
00000000
00006652
00006653
00000000
00000000
00000000
00006654
00000000
00000000
00006655
00000000
00000000
00006656
00006659
0000665B
00000000
00000000
0000665C
0000665D
00000000
00000000
00000000
00000000
00000000
00000000
00000000
00000000
00000000
00000000
00000000
0000665E
00006665
00000000
00000000
00006667
00000000
00000000
00006668
0000666A
0000666B
0000666D
0000666E
00000000
00000000
0000666F
00006672
00006677
00000000
00000000
00006678
00000000
00000000
00006679
0000667A
00000000
00000000
00000000
00000000
00000000
00000000
00000000
00000000
0000667B
0000667C
00000000
00000000
00000000
00000000
0000667D
0000667E
00000000
00000000
0000667F
00000000
00006681
00000000
00006682
00000000
00000000
00006684
00006685
00000000
00006E40
00006686
00000000
00000000
00000000
00000000
00006688
00000000
00000000
00000000
00000000
00000000
00000000
00006689
00000000
00000000
00000000
00000000
00000000
00000000
0000668C
0000668D
0000668E
00000000
00000000
00006690
00006691
00000000
00000000
00006692
00000000
00000000
00006693
00000000
00006694
00000000
00006696
00006697
00006698
00006699
0000669B
0000669C
0000669D
00000000
00000000
00000000
0000669E
0000669F
000066A0
00000000
000066A1
00000000
00000000
00000000
000066A3
00000000
00000000
000066A4
00000000
00000000
00000000
000066A5
000066A6
000066A7
000066A8
000066A9
000066AB
00000000
00000000
00000000
000066AC
00000000
00000000
00000000
00000000
00000000
000066AD
00000000
000066AE
00000000
00000000
000066AF
000066B0
00000000
00000000
00000000
000066B2
00000000
000066B4
00000000
00000000
00000000
00000000
00000000
000066B5
00000000
000066B6
00000000
00000000
000066B8
000066B9
00000000
00000000
000066BA
00000000
00000000
00000000
00000000
00000000
000066BB
00000000
00000000
00000000
00000000
000066BD
00000000
00000000
00000000
00000000
000066BF
00000000
000066C0
000066C3
00000000
000066C4
000066C5
000066C7
000066C8
00000000
00000000
000066C9
000066CA
000066CB
00000000
00000000
00000000
000066CC
00000000
00000000
000066CD
00000000
00000000
00000000
00000000
00000000
000066CE
000066CF
00000000
00000000
00000000
000066D1
00000000
000066D2
00000000
000066D3
00000000
00000000
000066D4
00000000
000066D5
00000000
00000000
00000000
000066D6
00000000
00000000
00000000
00000000
00000000
00000000
000066D9
00000000
000066DA
00000000
00000000
00000000
00000000
00000000
000066DB
00000000
000066DD
00000000
000066DE
00000000
000066E3
000066E6
000066E7
00000000
000066E8
000066E9
000066EA
00000000
00000000
000066EB
00000000
00000000
00000000
00000000
00000000
000066ED
000066EE
00000000
00000000
00000000
000066F1
00000000
00000000
00000000
000066F3
000066F5
000066F6
000066F7
00000000
00000000
000066F8
00000000
00000000
00000000
00000000
00000000
00000000
00000000
000066F9
000066FC
000066FD
00000000
00000000
00000000
000066FE
00006700
00000000
00000000
00006701
00000000
00000000
00000000
00000000
00000000
00006704
00006706
00000000
00000000
00006707
00006709
00000000
00000000
0000670C
00000000
00000000
00000000
00000000
0000670D
00000000
0000670E
0000670F
00000000
00006710
00000000
00000000
00000000
00000000
00006711
00000000
00000000
00006712
00006715
00006716
00000000
00000000
00000000
00000000
00000000
00006717
00000000
00000000
00000000
00006718
0000671B
00000000
0000671C
00000000
00000000
0000671D
00000000
0000671E
00000000
0000671F
00006720
00006723
00000000
00000000
00000000
00006724
00000000
00006725
00000000
00000000
00000000
00000000
00000000
00006726
00000000
00006727
00000000
00006728
00000000
00006729
00000000
00000000
0000672A
0000672B
00000000
00000000
00000000
0000672C
00000000
00000000
0000672D
00006731
00000000
00006732
00000000
00000000
00006734
00000000
00000000
00006735
00000000
00000000
00000000
00000000
00000000
00006736
00006737
00006738
00000000
00000000
00000000
00006739
00000000
00000000
0000673B
0000673C
00000000
00000000
0000673D
0000673F
00000000
00000000
00000000
00000000
00006741
00006742
00000000
00000000
00006743
00006744
00000000
00000000
00006746
00000000
00000000
00000000
00006747
00000000
00000000
00000000
0000674A
00000000
00000000
0000674B
00000000
00000000
0000674E
00000000
00000000
00000000
0000674F
00000000
00000000
00000000
00006750
00000000
00006751
00006753
00000000
00000000
00000000
00006754
00000000
00000000
00006755
00000000
00000000
00000000
00000000
00006964
00006759
00000000
0000675B
00000000
00000000
0000675E
00000000
00000000
0000675F
00000000
00006760
00000000
00000000
00000000
00006761
00006762
00000000
00000000
00000000
00000000
00006765
00000000
00006766
00000000
00000000
00006767
00000000
00000000
00006768
00000000
00000000
00000000
00000000
0000676B
0000676C
00000000
00000000
00000000
0000676F
00000000
00006770
00000000
00006771
00000000
00006772
00000000
00006773
00006774
00000000
00006775
00000000
00006776
00000000
00000000
00000000
00006777
00006778
00000000
00000000
0000677A
00000000
0000677B
00000000
0000677F
00000000
00006781
00000000
00006782
00006783
00000000
00000000
00000000
00000000
00000000
00000000
00000000
00000000
00000000
00006784
00006785
00000000
00006786
00000000
00000000
00006787
00000000
00000000
00000000
00000000
00000000
00000000
00006788
00000000
00000000
00006789
0000678A
0000678B
00000000
00000000
0000678C
00000000
0000678D
0000678E
00006790
00000000
00000000
00006791
00000000
00000000
00006792
00000000
00000000
00000000
00006793
00006797
00000000
00000000
00000000
00000000
00006798
0000679A
0000679B
00000000
00000000
0000679C
000067A0
00000000
00000000
000067A1
00000000
00000000
00000000
00000000
000067A2
00000000
00000000
00000000
000067A4
00000000
00000000
000067A5
000067A8
00000000
000067A9
000067AA
000067AC
00000000
00000000
00000000
000067AE
00000000
00000000
000067AF
00000000
00000000
00000000
000067B1
00000000
00000000
00000000
000067B6
00000000
00000000
00000000
000067B7
000067B8
000067B9
00000000
00000000
000067BA
00000000
00000000
00000000
000067BB
00000000
000067BC
00000000
00000000
00000000
000067BE
000067C1
000067C2
00000000
00000000
000067C4
00000000
00000000
00000000
00000000
00000000
00000000
00000000
000067C6
00000000
000067C7
000067CA
00000000
000067CE
00000000
000067CF
000067D2
00000000
00000000
000067D5
000067D6
00000000
000067D7
00000000
00000000
00000000
00000000
000067D8
000067DA
000067DB
00000000
000067DC
000067DE
00000000
00000000
000067E1
00000000
00000000
000067E2
00000000
00000000
000067E3
00000000
000067E4
00000000
00000000
000067E5
00000000
000067E6
00000000
00000000
000067E8
00000000
00000000
00000000
00000000
000067EA
00000000
000067EB
00000000
00000000
00000000
00000000
00000000
000067EC
00000000
00000000
00000000
000067EE
00000000
000067F0
00000000
00000000
00000000
000067F1
00000000
00000000
000067F2
00000000
000067F4
000067F5
00000000
00000000
000067F7
00000000
000067F8
00000000
00000000
00000000
00000000
00000000
00000000
000067F9
00000000
000067FA
000067FB
000067FD
00000000
00000000
00000000
000067FE
00000000
00000000
000067FF
00006800
00000000
00000000
00000000
00006801
00000000
00000000
00006802
00000000
00006803
00006804
00006805
00000000
00000000
00000000
00000000
00000000
00006806
00000000
00000000
00000000
00000000
00006807
00000000
00006808
0000680B
0000680D
00000000
00000000
00000000
00006811
00006815
00000000
00000000
00000000
00006816
00000000
00000000
00006817
00000000
00000000
00000000
00000000
00000000
00000000
00006818
00006819
0000681A
00000000
0000681B
0000681D
00000000
00000000
00006823
00000000
00000000
00000000
00000000
00006824
00006827
00000000
00000000
00006828
00000000
00000000
00000000
00006829
00000000
00000000
00000000
00000000
00000000
0000682A
0000682B
00000000
00000000
00000000
00000000
0000682C
00000000
00000000
0000682D
00000000
00000000
0000682E
00000000
00000000
00000000
0000682F
00006830
00006831
00000000
00006832
00006834
00000000
00006836
00000000
00006838
00000000
0000683B
00000000
00000000
00000000
00000000
0000683C
00000000
0000683F
00006841
00000000
00006842
00000000
00000000
00006846
00000000
00000000
00000000
00000000
00000000
00006847
00000000
00000000
00000000
00000000
00006848
00006849
00000000
00000000
00000000
0000684C
00000000
0000684D
00006850
00000000
00000000
00000000
00006851
00006852
00000000
00000000
00006853
00006854
00006856
00000000
00006858
00000000
00000000
00000000
00000000
00006859
00000000
00000000
0000685A
0000685C
00000000
00000000
0000685D
0000685E
00000000
00000000
0000685F
00000000
00000000
00000000
00006860
00006861
00000000
00000000
00006862
00006863
00006866
00006867
00000000
00006868
00006869
0000686B
0000686C
00000000
00000000
00000000
00000000
00000000
00000000
0000686D
0000686E
0000686F
00006870
00006872
00006873
00006874
00000000
00006876
00006877
00000000
0000687B
00000000
00000000
00000000
00000000
00000000
0000687C
0000687D
00000000
00000000
00000000
0000687E
00000000
00000000
00000000
00000000
00000000
00006880
00000000
00000000
00006882
00000000
00000000
00006884
00000000
00000000
00000000
00006885
00006886
00000000
00006889
0000688A
00000000
00000000
00000000
0000688D
00000000
00000000
0000688E
0000688F
00006891
00000000
00006893
00000000
00000000
00000000
00000000
00006894
00006895
00000000
00000000
00000000
00000000
00006896
00006898
00006899
0000689A
00000000
00000000
00000000
00000000
00000000
0000689B
0000689F
000068A0
00000000
000068A6
00000000
00000000
00000000
00000000
000068A7
000068AA
000068AC
00000000
00000000
00000000
00000000
000068AE
00000000
00000000
00000000
000068AF
000068B0
00000000
00000000
00000000
00000000
00000000
00000000
000068B3
00000000
00000000
000068B4
00000000
00000000
00000000
00000000
000068B5
000068B8
00000000
00000000
000068B9
00000000
000068BA
00000000
000068BB
000068BC
00000000
00000000
00000000
00000000
000068BE
00000000
00000000
00000000
00000000
000068BF
00000000
000068C0
000068C1
00000000
00000000
000068C2
00000000
000068C3
000068C4
000068C9
00000000
00000000
000068CA
00000000
00000000
00000000
00000000
00000000
000068CC
00000000
00000000
000068CD
000068CF
000068D1
000068D2
00000000
00000000
000068D3
000068D4
00000000
00000000
00000000
000068D6
000068D7
00000000
000068D8
00000000
00000000
00000000
000068D9
000068DA
00000000
00000000
000068DB
000068DC
00000000
00000000
000068DD
000068DF
00000000
00000000
000068E0
00000000
000068E1
000068E2
000068E3
000068E4
00000000
00000000
00000000
00000000
000068E5
00000000
00000000
00000000
000068E6
000068E8
00000000
00000000
00000000
000068E9
00000000
000068EA
00000000
00000000
000068EB
00000000
00000000
000068ED
000068EE
00000000
00000000
000068F1
00000000
00000000
000068F2
00000000
00000000
00000000
00000000
000068F3
00000000
00000000
00000000
00000000
000068F4
00000000
00000000
000068F6
000068F7
00000000
000068F8
00000000
00000000
000068F9
000068FA
00000000
00000000
000068FB
00000000
00000000
00000000
000068FF
00006900
00000000
00000000
00000000
00006901
00000000
00000000
00000000
00000000
00000000
00006903
00000000
00000000
00006905
00000000
00006906
00000000
00000000
00006907
00006908
00000000
00000000
00000000
00000000
00006909
0000690A
00000000
0000690D
00000000
00000000
0000690E
00000000
00006912
00000000
00000000
00006913
00000000
00000000
00006914
00006916
00000000
00006918
00000000
00000000
00000000
00006919
00000000
00000000
00000000
0000691A
00000000
00000000
00000000
0000691C
00000000
00000000
00000000
0000691D
00000000
0000691F
00000000
00000000
00000000
00000000
00006920
00000000
00006921
00006922
00000000
00000000
00006924
00000000
00000000
00000000
00000000
00000000
00000000
00006925
00000000
00000000
00006928
00000000
00006929
00000000
0000692A
00000000
00000000
00000000
0000692B
0000692C
0000692D
00000000
00000000
00000000
00000000
0000692E
00000000
00006930
00006931
00000000
00006932
00000000
00006933
00000000
00006934
00000000
00006936
00000000
00000000
00000000
00006937
00006938
00000000
00006939
0000693A
00000000
00000000
0000693B
0000693C
00000000
0000693F
00000000
00006942
00000000
00000000
00000000
00006944
00006949
0000694A
0000694B
00000000
00000000
0000694C
0000694D
00000000
00000000
00000000
0000694E
00000000
00000000
00000000
00000000
00000000
0000694F
00000000
00006951
00000000
00006952
00006953
00000000
00000000
00006954
00006957
00000000
00000000
00000000
00000000
00006958
00006959
00000000
0000695A
00000000
00000000
00000000
0000695B
00000000
00000000
0000695D
00000000
00000000
00000000
00000000
0000695E
00000000
0000695F
00006963
00006965
00000000
00000000
00000000
00006967
0000696A
00000000
00000000
0000696B
00000000
00000000
0000696E
00006973
00000000
00006974
00000000
00000000
00000000
00000000
00006976
00000000
00006978
00000000
00000000
00006979
0000697B
0000697C
0000697D
00000000
00000000
0000697F
00006980
00006983
00000000
00000000
00000000
00006984
00000000
00000000
00006985
00006988
00000000
00000000
00006989
00000000
00000000
00000000
00000000
00000000
0000698A
0000698B
0000698D
0000698E
00000000
00000000
00000000
0000698F
00006990
00000000
00000000
00006991
00006995
00000000
00006996
00000000
00000000
00000000
00006999
0000699A
00000000
00000000
0000699C
0000699D
00000000
0000699E
00000000
00000000
0000699F
00000000
00000000
00000000
00000000
00000000
00000000
000069A0
00000000
00000000
00000000
000069A1
00000000
00000000
000069A2
00000000
000069A3
00000000
00000000
00000000
00000000
000069A4
00000000
00000000
000069A5
00000000
00000000
00000000
000069A7
000069A8
00000000
00000000
00000000
000069A9
00000000
00000000
000069AA
00000000
00000000
00000000
00000000
000069AD
000069AE
00000000
00000000
000069AF
00000000
00000000
000069B0
00000000
00000000
00000000
000069B1
000069B3
00000000
000069B4
00000000
00000000
00000000
000069B5
00000000
00000000
00000000
000069B6
00000000
000069B7
00000000
00000000
000069BD
000069BE
000069BF
000069C2
00000000
00000000
00000000
000069C3
00000000
000069C4
000069C5
00000000
00000000
00000000
000069C6
000069C7
000069C8
00000000
00000000
000069C9
000069CB
00000000
00000000
00000000
000069D0
00000000
00000000
00000000
00000000
000069D1
00000000
00000000
000069D2
000069D3
000069D4
00000000
000069D5
000069D6
00000000
00000000
000069D8
00000000
00000000
000069D9
00000000
000069DA
000069DB
00000000
00000000
00000000
000069DD
00000000
00000000
000069E0
00000000
00000000
00000000
00000000
000069E1
000069E2
00000000
00000000
00000000
000069E3
00000000
00000000
00000000
00000000
00000000
00000000
000069E7
000069EC
00000000
000069ED
00000000
00000000
00000000
000069EF
00000000
00000000
00000000
00000000
000069F0
00000000
00000000
00000000
00000000
000069F1
00000000
000069F3
000069F4
000069F5
00000000
00000000
00000000
000069F6
000069F7
000069F8
00000000
000069F9
00000000
00000000
00000000
000069FA
000069FC
000069FD
00000000
00000000
00000000
000069FE
00000000
00000000
00000000
00000000
00000000
00000000
00000000
000069FF
00006A00
00006A01
00006A02
00000000
00000000
00000000
00000000
00006A03
00000000
00006A04
00006A05
00000000
00000000
00000000
00006A07
00000000
00000000
00000000
00000000
00000000
00000000
00000000
00006A08
00000000
00000000
00000000
00000000
00000000
00006A09
00000000
00000000
00006A0A
00000000
00006A0C
00000000
00000000
00000000
00000000
00000000
00000000
00000000
00006A0D
00000000
00000000
00000000
00000000
00000000
00006A0E
00006A0F
00000000
00006A12
00006A13
00006A15
00006A16
00000000
00000000
00006A17
00006A18
00006A19
00000000
00000000
00000000
00000000
00006A1A
00006A1B
00000000
00000000
00006A1F
00000000
00000000
00006A20
00006A21
00000000
00000000
00000000
00000000
00006A22
00006A23
00006A25
00000000
00006A27
00006A29
00000000
00000000
00000000
00000000
00000000
00000000
00000000
00006A2C
00000000
00000000
00000000
00000000
00006A2D
00000000
00006A2E
00000000
00006A2F
00000000
00000000
00000000
00006A31
00000000
00000000
00000000
00000000
00006A32
00000000
00000000
00000000
00000000
00000000
00006A33
00000000
00006A34
00006A35
00000000
00000000
00000000
00000000
00006A38
00006A39
00006A3A
00000000
00006A3B
00000000
00006A3C
00000000
00006A3D
00000000
00000000
00000000
00006A3E
00006A40
00000000
00000000
00006A41
00000000
00000000
00006A42
00006A45
00000000
00000000
00000000
00000000
00006A47
00000000
00000000
00000000
00000000
00000000
00000000
00006A48
00000000
00000000
00000000
00000000
00006A49
00000000
00000000
00000000
00000000
00006A4C
00000000
00000000
00000000
000072E5
00000000
00006A4D
00000000
00006A4E
00006A4F
00006A50
00000000
00006A51
00000000
00000000
00000000
00006A53
00000000
00006A54
00006A55
00000000
00006A57
00000000
00000000
00000000
00000000
00006A58
00000000
00000000
00000000
00006A5A
00000000
00000000
00006A5B
00000000
00006A5C
00006A5D
00006A5E
00006A5F
00000000
00006A60
00006A62
00006A64
00000000
00006A65
00006A66
00006A68
00000000
00006A6B
00000000
00000000
00000000
00006A6E
00006A6F
00000000
00000000
00006A70
00000000
00000000
00000000
00006A71
00000000
00000000
00006A72
00000000
00000000
00006A73
00000000
00000000
00000000
00000000
00000000
00000000
00006A74
00006A75
00006A76
00006A77
00000000
00006A78
00000000
00000000
00000000
00000000
00006A79
00000000
00000000
00000000
00000000
00000000
00000000
00006A7A
00006A7B
00000000
00006A7C
00000000
00000000
00006A7D
00006A7E
00000000
00000000
00000000
00006A80
00000000
00000000
00000000
00000000
00006A85
00006A86
00006A89
00000000
00000000
00000000
00006A8A
00006A8D
00000000
00000000
00006A8E
00000000
00006A8F
00000000
00000000
00000000
00000000
00006A90
00000000
00006A91
00006A92
00000000
00000000
00000000
00000000
00006A94
00000000
00000000
00006A95
00000000
00000000
00006A96
00000000
00000000
00000000
00006A99
00000000
00000000
00000000
00000000
00000000
00006A9A
00000000
00000000
00000000
00006A9B
00000000
00006A9E
00000000
00006A9F
00006AA2
00000000
00000000
00000000
00000000
00006AA3
00006AA4
00000000
00006AA5
00000000
00000000
00006AA6
00000000
00000000
00000000
00006AA7
00000000
00006AA9
00000000
00000000
00000000
00006AAA
00006AAC
00000000
00000000
00006AAD
00000000
00000000
00006AAF
00000000
00000000
00000000
00000000
00006AB0
00000000
00006AB2
00000000
00000000
00006AB3
00000000
00006AB4
00006AB5
00000000
00006AB7
00006AB8
00006ABA
00006ABB
00000000
00000000
00000000
00000000
00000000
00006ABC
00006ABD
00006ABE
00006ABF
00006AC0
00000000
00000000
00006AC1
00000000
00000000
00000000
00006AC3
00006AC4
00006AC5
00000000
00006AC7
00000000
00000000
00006AC8
00006AC9
00006ACA
00006ACC
00006ACF
00000000
00000000
00000000
00006AD0
00000000
00006AD3
00000000
00000000
00000000
00000000
00006AD8
00000000
00006AD9
00000000
00000000
00000000
00000000
00006ADA
00000000
00000000
00000000
00006ADD
00000000
00006ADE
00000000
00006ADF
00000000
00000000
00006AE3
00006AE5
00006AE7
00000000
00006AE8
00000000
00000000
00000000
00000000
00000000
00006AE9
00006AEA
00006AEB
00000000
00000000
00006AEC
00000000
00006AEE
00000000
00000000
00000000
00006AEF
00000000
00006AF0
00006AF1
00000000
00006AF3
00000000
00006AF6
00000000
00006AF7
00006AF8
00000000
00000000
00000000
00006AFA
00000000
00000000
00006AFB
00006AFC
00000000
00000000
00000000
00000000
00000000
00006AFD
00000000
00000000
00000000
00000000
00006B01
00000000
00000000
00006B02
00000000
00000000
00000000
00006B03
00000000
00000000
00006B04
00006B05
00000000
00000000
00000000
00000000
00006B06
00000000
00000000
00000000
00006B07
00000000
00000000
00000000
00000000
00000000
00006B08
00006B0A
00000000
00006B0B
00006B0C
00006B0F
00006B10
00000000
00000000
00000000
00006B11
00000000
00006B12
00006B13
00006B16
00006B1A
00000000
00006B1B
00006B1C
00000000
00000000
00000000
00000000
00006B1E
00000000
00006B1F
00000000
00000000
00000000
00006B21
00006B22
00000000
00006B25
00006B29
00000000
00000000
00000000
00006B2A
00000000
00000000
00000000
00006B2B
00000000
00000000
00000000
00000000
00006B2C
00000000
00000000
00006B2D
00000000
00000000
00000000
00000000
00000000
00000000
00006B2E
00006B30
00006B32
00000000
00006B33
00006B35
00006B36
00000000
00000000
00000000
00000000
00006B37
00006B38
00006B39
00000000
00000000
00006B3A
00006B3B
00006B3C
00000000
00000000
00006B3F
00000000
00000000
00000000
00000000
00006B40
00000000
00000000
00006B42
00006B43
00000000
00006B44
00000000
00000000
00006B46
00000000
00000000
00006B47
00000000
00000000
00000000
00006B48
00000000
00006B4C
00000000
00006B4E
00000000
00006B4F
00000000
00006B51
00006B52
00006B54
00000000
00006B55
00006B56
00000000
00000000
00000000
00000000
00006B58
00000000
00000000
00000000
00000000
00000000
00000000
00000000
00000000
00006B5A
00006B5D
00000000
00006B5E
00000000
00006B61
00006B62
00000000
00006B63
00000000
00000000
00000000
00000000
00006B64
00006B65
00000000
00000000
00000000
00006B66
00006B68
00006B69
00000000
00000000
00006B6A
00000000
00006B6B
00006B6E
00000000
00000000
00000000
00006B6F
00000000
00000000
00006B70
00000000
00006B71
00006B73
00000000
00000000
00006B74
00006B75
00006B76
00000000
00000000
00000000
00000000
00000000
00006B79
00000000
00000000
00006B7A
00006B7B
00006B7C
00006B7D
00006B7E
00006B7F
00000000
00006B80
00000000
00000000
00000000
00006B81
00006B85
00000000
00006B86
00006B87
00000000
00000000
00000000
00000000
00006B89
00006B8D
00000000
00006B8E
00006B8F
00006B90
00006B92
00000000
00006B93
00006B94
00000000
00000000
00006B95
00000000
00000000
00000000
00000000
00006B96
00000000
00000000
00000000
00006B9A
00006B9B
00000000
00000000
00000000
00000000
00006B9E
00000000
00000000
00000000
00006BA0
00000000
00000000
00000000
00006BA1
00006BA2
00000000
00000000
00000000
00006BA3
00000000
00000000
00000000
00000000
00000000
00006BA4
00006BA5
00000000
00000000
00006BA6
00000000
00000000
00000000
00006BA8
00006BA9
00000000
00006BAA
00000000
00000000
00000000
00000000
00006BAB
00000000
00006BAC
00000000
00006BAD
00006BAF
00006BB0
00000000
00000000
00006BB1
00000000
00006BB2
00000000
00000000
00000000
00000000
00000000
00000000
00000000
00006BB6
00000000
00000000
00000000
00000000
00006BB7
00000000
00000000
00000000
00006BB9
00006BBB
00006BBE
00006BBF
00000000
00000000
00006BC3
00000000
00000000
00000000
00006BC4
00006BC7
00006BC8
00000000
00006BCC
00006BCD
00000000
00000000
00000000
00006BCF
00000000
00000000
00000000
00000000
00006BD0
00006BD1
00000000
00006BD2
00006BD3
00006BD4
00000000
00000000
00000000
00000000
00000000
00006BD7
00006BDC
00006BDD
00000000
00006BDF
00000000
00000000
00006BE0
00006BE3
00006BE4
00000000
00000000
00000000
00000000
00006BE5
00000000
00000000
00006BE6
00006BE8
00000000
00000000
00000000
00006BE9
00000000
00000000
00000000
00006BEA
00000000
00000000
00000000
00006BEC
00006BF2
00000000
00000000
00006BF4
00000000
00000000
00006BF5
00000000
00000000
00006BF6
00000000
00000000
00000000
00000000
00006BF9
00006BFB
00000000
00006BFC
00006BFD
00000000
00000000
00006BFE
00006BFF
00000000
00000000
00006C00
00000000
00000000
00000000
00006C01
00006C02
00000000
00000000
00000000
00000000
00000000
00006C04
00000000
00000000
00006C05
00006C07
00006C08
00006C0A
00000000
00000000
00006C0C
0000721F
00006C0E
00000000
00000000
00006C10
00006C11
00000000
00006C12
00000000
00000000
00000000
00000000
00000000
00006C13
00006C16
00006C17
00000000
00000000
00006C18
00000000
00006C19
00000000
00000000
00006C1A
00000000
00000000
00000000
00000000
00000000
00006C1B
00006C1C
00000000
00000000
00006C1D
00000000
00000000
00000000
00006C1F
00000000
00006C20
00000000
00000000
00006C21
00006C22
00000000
00000000
00000000
00000000
00000000
00000000
00006C23
00000000
00006C26
00006C29
00000000
00000000
00006C2A
00000000
00006C2B
00000000
00000000
00000000
00006C2C
00000000
00000000
00000000
00006C2F
00000000
00000000
00006C30
00000000
00006C8E
00006C31
00000000
00000000
00006C34
00000000
00000000
00000000
00000000
00000000
00006C35
00000000
00006C36
00000000
00000000
00000000
00000000
00000000
00000000
00006C39
00000000
00000000
00000000
00000000
00000000
00006C3B
00006C3C
00006C40
00006C41
00000000
00006C42
00000000
00000000
00000000
00006C43
00000000
00006C44
00000000
00000000
00000000
00006C47
00000000
00000000
00000000
00000000
00000000
00006C49
00006C4A
00006C4B
00000000
00000000
00000000
00006C4C
00006C4D
00000000
00006C4E
00006C50
00006C51
00000000
00006C53
00006C55
00000000
00006C56
00000000
00006C57
00000000
00000000
00006C58
00000000
00006C59
00006C5B
00000000
00006C5D
00006C5F
00000000
00000000
00006C60
00000000
00006C61
00000000
00006C63
00000000
00006C64
00000000
00000000
00006C68
00006C6A
00000000
00000000
00006C6C
00000000
00000000
00000000
00000000
00000000
00006C6E
00006C72
00006C73
00000000
00000000
00000000
00006C75
00000000
00000000
00006C78
00006C79
00000000
00000000
00000000
00000000
00006C7A
00006C7B
00006C7C
00000000
00000000
00006C7F
00006C81
00006C82
00000000
00000000
00006C83
00000000
00000000
00000000
00006C84
00006C85
00000000
00000000
00000000
00000000
00000000
00006C86
00000000
00000000
00006C87
00006C88
00006C8A
00000000
00006C8B
00000000
00006C8D
00006C8F
00000000
00000000
00000000
00006C90
00000000
00006C94
00006C95
00000000
00000000
00000000
00006C97
00000000
00000000
00000000
00006C98
00000000
00006C99
00000000
00000000
00000000
00000000
00000000
00000000
00000000
00000000
00000000
00006C9A
00006C9C
00000000
00000000
00006C9D
00000000
00000000
00006CA0
00000000
00000000
00000000
00006CA1
00006CA2
00006CA3
00000000
00000000
00000000
00006CA4
00006CA5
00000000
00006CA8
00000000
00000000
00006CA9
00000000
00006CAA
00000000
00000000
00006CAC
00000000
00000000
00000000
00006CAF
00006CB0
00006CB1
00000000
00006CB3
00006CB4
00006CB6
00000000
00000000
00000000
00006CB8
00000000
00006CBA
00000000
00000000
00000000
00000000
00000000
00006CBB
00006CBC
00000000
00006CBD
00000000
00006CC1
00006CC2
00000000
00000000
00000000
00000000
00006CC5
00000000
00006CC6
00000000
00006CC8
00000000
00006CC9
00006CCA
00006CCC
00000000
00000000
00006CCD
00000000
00006CCE
00000000
00000000
00000000
00000000
00000000
00000000
00006CCF
00000000
00000000
00000000
00000000
00000000
00006CD0
00006CD1
00000000
00000000
00000000
00000000
00000000
00006CD2
00000000
00000000
00000000
00000000
00000000
00000000
00006CD4
00000000
00000000
00006CD6
00000000
00000000
00000000
00000000
00000000
00006CD7
00006CD8
00000000
00006CD9
00000000
00000000
00000000
00006CDA
00000000
00006CDC
00000000
00006CE1
00006CE6
00000000
00000000
00006CE7
00006CE8
00006CEA
00000000
00000000
00006CEB
00000000
00000000
00006CEC
00000000
00000000
00006CEE
00000000
00000000
00000000
00000000
00006CF0
00000000
00006CF1
00006CF2
00000000
00000000
00000000
00000000
00006CF3
00000000
00000000
00006CF6
00000000
00000000
00000000
00006CFB
00000000
00000000
00000000
00006CFE
00000000
00000000
00000000
00006D01
00000000
00006D02
00006D04
00006D05
00000000
00000000
00006D06
00006D07
00000000
00000000
00000000
00006D08
00006D09
00000000
00006D0C
00000000
00000000
00000000
00006D0D
00000000
00000000
00006D0E
00006D0F
00006D14
00000000
00006D15
00006D16
00006D18
00006D19
00000000
00000000
00006D1A
00000000
00006D1E
00006D1F
00000000
00000000
00006D20
00000000
00000000
00000000
00000000
00000000
00006D22
00000000
00000000
00000000
00006D23
00000000
00000000
00000000
00006D24
00000000
00006D29
00000000
00000000
00000000
00000000
00000000
00006D2A
00000000
00000000
00006D2B
00000000
00000000
00006D2C
00000000
00000000
00006D2F
00000000
00000000
00000000
00000000
00000000
00006D30
00006D32
00006D33
00000000
00000000
00000000
00006D34
00000000
00000000
00006D35
00000000
00000000
00000000
00000000
00006D38
00000000
00000000
00006D39
00006D3A
00000000
00000000
00006D3B
00000000
00006D3C
00000000
00000000
00000000
00000000
00006D40
00006D42
00006D45
00000000
00000000
00006D46
00000000
00006D48
00006D49
00000000
00000000
00006D4B
00006D4C
00000000
00006D4D
00006D50
00000000
00000000
00000000
00006D52
00006D53
00000000
00000000
00000000
00000000
00000000
00006D54
00000000
00006D56
00000000
00006D58
00006D59
00000000
00000000
00000000
00006D5A
00000000
00006D5B
00006D5C
00006D5D
00006D5E
00000000
00000000
00006D5F
00000000
00000000
00000000
00006D60
00006D63
00006D64
00006D65
00000000
00006D67
00006D69
00000000
00006D6A
00000000
00006D6B
00000000
00000000
00000000
00000000
00006D6C
00006D6D
00006D6F
00000000
00000000
00006D70
00000000
00006D71
00000000
00000000
00000000
00006D72
00006D73
00006D75
00006D76
00006D77
00006D78
00000000
00000000
00000000
00000000
00006D79
00006D7A
00000000
00006D7C
00000000
00006D7E
00000000
00000000
00000000
00000000
00006D7F
00000000
00000000
00000000
00000000
00000000
00006D81
00000000
00000000
00006D82
00000000
00006D83
00000000
00000000
00006D84
00000000
00000000
00000000
00006D86
00000000
00000000
00006D89
00006D8A
00006D8B
00000000
00000000
00000000
00000000
00000000
00000000
00000000
00006D8C
00000000
00000000
00000000
00000000
00006D8D
00000000
00006D8F
00006D90
00006D91
00000000
00000000
00006D92
00000000
00000000
00006D93
00000000
00006D94
00000000
00006D95
00006D96
00006D98
00006D99
00006D9A
00006D9E
00000000
00000000
00000000
00000000
00006D9F
00006DA2
00000000
00000000
00006DA4
00000000
00000000
00006DA5
00006DA6
00000000
00000000
00006DA7
00000000
00000000
00006DA8
00006DAC
00000000
00006DAF
00000000
00006DB0
00006DB1
00000000
00000000
00000000
00006DB2
00000000
00006DB6
00000000
00000000
00006DB7
00006DB8
00000000
00006DB9
00000000
00006DBB
00006DBC
00000000
00000000
00000000
00000000
00006DBF
00006DC0
00000000
00000000
00000000
00006DC2
00000000
00006DC6
00000000
00000000
00006DC7
00006DC9
00000000
00006DCA
00006DCB
00000000
00000000
00000000
00000000
00000000
00006DCE
00000000
00000000
00006DCF
00000000
00006DD0
00000000
00006DD3
00006DDA
00006DDB
00006DDC
00006DDD
00000000
00006DDE
00000000
00000000
00006DDF
00000000
00006DE1
00000000
00000000
00006DE2
00000000
00000000
00000000
00006DE3
00006DE5
00006DE6
00006DE7
00006DE9
00000000
00000000
00000000
00006DED
00000000
00006DF1
00000000
00000000
00006DF4
00000000
00006DF5
00000000
00000000
00000000
00006DF6
00000000
00000000
00000000
00000000
00006DF8
00000000
00000000
00000000
00000000
00000000
00000000
00006DF9
00000000
00000000
00006DFC
00006DFD
00000000
00000000
00006DFE
00000000
00000000
00006DFF
00006E01
00006E02
00006E03
00000000
00000000
00000000
00000000
00006E04
00000000
00000000
00000000
00006E05
00000000
00006E07
00000000
00000000
00006E09
00000000
00000000
00000000
00000000
00000000
00000000
00000000
00006E0A
00000000
00000000
00000000
00000000
00006E0B
00006E0C
00000000
00006E0E
00006E0F
00006E11
00000000
00006E12
00000000
00006E13
00000000
00006E14
00000000
00000000
00000000
00006E15
00006E16
00000000
00000000
00000000
00006E19
00000000
00006E1A
00006E1C
00000000
00000000
00006E1D
00000000
00000000
00000000
00000000
00006E1E
00006E20
00006E21
00006E24
00000000
00000000
00000000
00006E25
00006E2A
00006E2B
00006E2C
00000000
00000000
00006E2D
00006E2E
00006E30
00000000
00006E33
00006E35
00000000
00000000
00000000
00000000
00006E36
00006E37
00006E38
00000000
00006E39
00000000
00000000
00006E3A
00000000
00000000
00006E3B
00000000
00006E3C
00000000
00000000
00006E3E
00000000
00006E3F
00000000
00000000
00006E42
00000000
00000000
00000000
00000000
00000000
00000000
00000000
00000000
00006E45
00006E48
00000000
00000000
00006E49
00006E4C
00000000
00000000
00000000
00000000
00000000
00006E4D
00006E4E
00000000
00006E50
00000000
00000000
00006E51
00000000
00006E53
00006E54
00006E55
00000000
00006E56
00006E58
00000000
00000000
00006E59
00000000
00006E5C
00000000
00000000
00000000
00000000
00000000
00000000
00006E60
00006E61
00006E62
00006E63
00000000
00000000
00006E65
00000000
00000000
00000000
00000000
00000000
00000000
00000000
00006E67
00000000
00006E6A
00006E6B
00000000
00006E6C
00000000
00000000
00000000
00000000
00006E6D
00006E6E
00006E6F
00000000
00006E70
00000000
00006E71
00006E72
00000000
00000000
00000000
00006E73
00000000
00000000
00000000
00006E74
00006E76
00006E77
00000000
00000000
00000000
00006E78
00000000
00006E7C
00000000
00000000
00006E7D
00006E7F
00006E80
00000000
00000000
00000000
00000000
00006E81
00006E83
00006E84
00000000
00000000
00006E85
00000000
00006E86
00000000
00006E89
00000000
00000000
00000000
00000000
00000000
00000000
00006E8B
00000000
00000000
00000000
00006E8C
00006E8D
00000000
00000000
00006E8F
00000000
00000000
00000000
00000000
00006E90
00006E91
00006E92
00006E94
00000000
00000000
00000000
00000000
00006E95
00006E96
00006E9C
00006E9D
00000000
00000000
00000000
00006E9E
00000000
00000000
00000000
00006EA0
00006EA1
00000000
00000000
00000000
00000000
00006EA2
00000000
00000000
00000000
00006EA3
00000000
00006EA5
00000000
00000000
00000000
00006EA6
00000000
00006EA8
00006EAA
00006EAD
00000000
00000000
00006EAE
00000000
00000000
00006EB0
00000000
00000000
00006EB1
00000000
00000000
00000000
00000000
00006EB2
00006EB3
00000000
00000000
00000000
00000000
00000000
00006EB4
00000000
00000000
00000000
00006EB5
00006EB6
00000000
00006EB7
00000000
0000721B
00000000
00006EBB
00006EBC
00000000
00006EBD
00000000
00006EC2
00000000
00000000
00006EC3
00006EC4
00006EC6
00006EC8
00000000
00000000
00006EC9
00006ECB
00000000
00000000
00000000
00000000
00000000
00000000
00006ECC
00006ECE
00000000
00000000
00000000
00000000
00006ECF
00000000
00000000
00000000
00006ED0
00000000
00006ED3
00000000
00000000
00006ED4
00000000
00000000
00000000
00006ED5
00006ED6
00000000
00000000
00006ED7
00000000
00000000
00000000
00000000
00006ED8
00000000
00006EDA
00000000
00000000
00006EDB
00006EDC
00000000
00000000
00000000
00000000
00000000
00006EDD
00000000
00000000
00006EDE
00006EDF
00006EE0
00000000
00006EE1
00006EE2
00000000
00000000
00006EE3
00000000
00000000
00000000
00000000
00000000
00006EE5
00006EE6
00000000
00000000
00000000
00000000
00000000
00000000
00006EE7
00000000
00000000
00006EEB
00006EEC
00000000
00000000
00000000
00006EEE
00006EEF
00006EF1
00000000
00000000
00006EF4
00000000
00000000
00000000
00000000
00000000
00000000
00000000
00006EF6
00006EF8
00000000
00000000
00000000
00000000
00000000
00006EF9
00000000
00000000
00006EFA
00000000
00000000
00000000
00006EFB
00000000
00006EFD
00000000
00006EFF
00000000
00000000
00000000
00006F00
00006F01
00000000
00000000
00006F03
00000000
00000000
00000000
00000000
00006F04
00006F05
00000000
00000000
00006F06
00006F07
00000000
00000000
00000000
00000000
00006F08
00000000
00000000
00006F09
00000000
00000000
00006F0B
00000000
00000000
00006F0C
00000000
00000000
00006F0D
00000000
00000000
00000000
00000000
00006F0E
00006F10
00006F12
00000000
00000000
00000000
00000000
00006F13
00000000
00000000
00000000
00000000
00006F14
00006F16
00006F17
00000000
00006F18
00000000
00000000
00006F19
00006F1A
00006F1B
00000000
00000000
00006F1C
00000000
00006F1D
00006F1E
00006F1F
00006F20
00006F21
00000000
00000000
00006F23
00000000
00000000
00000000
00000000
00006F24
00006F25
00000000
00006F26
00006F27
00000000
00006F28
00006F29
00000000
00006F2A
00000000
00000000
00006F2B
00006F2C
00000000
00006F2D
00000000
00000000
00006F2E
00000000
00000000
00000000
00006F2F
00006F30
00006F31
00000000
00000000
00000000
00000000
00000000
00000000
00000000
00000000
00006F32
00000000
00006F34
00006F35
00000000
00000000
00000000
00006F36
00006F3A
00006F3B
00006F3D
00000000
00000000
00000000
00000000
00000000
00006F40
00000000
00000000
00006F41
00000000
00000000
00006F42
00006F45
00000000
00006F46
00006F47
00006F49
00006F4A
00006F4B
00006F6E
00000000
00000000
00000000
00000000
00006F4C
00000000
00000000
00006F4D
00006F4E
00006F50
00000000
00000000
00006F51
00000000
00000000
00000000
00000000
00000000
00000000
00000000
00006F52
00000000
00000000
00000000
00006F55
00006F56
00006F58
00000000
00006F5F
00006F60
00000000
00006F61
00000000
00000000
00000000
00000000
00006F62
00000000
00000000
00006F63
00000000
00006F67
00006F68
00006F6B
00000000
00000000
00006F6D
00000000
00000000
00006F6F
00000000
00000000
00000000
00006F70
00000000
00000000
00000000
00000000
00000000
00006F71
00006F73
00000000
00000000
00000000
00000000
00006F74
00006F77
00000000
00006F78
00000000
00000000
00000000
00000000
00006F79
00000000
00000000
00006F7A
00000000
00006F7B
00000000
00000000
00000000
00006F7C
00006F7D
00000000
00006F7E
00000000
00006F7F
00006F83
00006F84
00006F85
00006F8A
00000000
00006F8E
00000000
00000000
00000000
00000000
00000000
00006F8F
00006F90
00000000
00000000
00006F91
00000000
00006F94
00006F95
00006F96
00000000
00006F97
00006F99
00000000
00006F9A
00000000
00000000
00000000
00006F9B
00006F9C
00000000
00000000
00006F9D
00000000
00006F9F
00006FA0
00000000
00000000
00000000
00006FA1
00000000
00006FA5
00000000
00000000
00000000
00006FA8
00006FA9
00000000
00000000
00006FAA
00000000
00000000
00006FAB
00000000
00000000
00006FAE
00000000
00000000
00006FB0
00000000
00000000
00000000
00000000
00006FB1
00000000
00006FB2
00000000
00006FB3
00000000
00000000
00006FB4
00006FB7
00006FB9
00000000
00000000
00000000
00000000
00006FBA
00006FBB
00000000
00000000
00000000
00000000
00000000
00000000
00006FBC
00000000
00000000
00006FBD
00000000
00000000
00000000
00000000
00000000
00006FBE
00000000
00000000
00006FBF
00000000
00006FC0
00000000
00000000
00006FC1
00006FC3
00006FC7
00006FCB
00006FCE
00000000
00006FCF
00006FD0
00000000
00000000
00006FD2
00006FD3
00000000
00000000
00006FD5
00000000
00006FD6
00000000
00000000
00000000
00000000
00006FD7
00006FD9
00000000
00006FDA
00006FDB
00000000
00006FDC
00000000
00000000
00006FDE
00006FDF
00000000
00006FE1
00000000
00000000
00006FE3
00000000
00000000
00000000
00000000
00000000
00006FE4
00006FE5
00006FE6
00000000
00006FE7
00000000
00000000
00000000
00000000
00006FE8
00000000
00006FEA
00000000
00006FEB
00000000
00000000
00006FEC
00000000
00000000
00000000
00000000
00000000
00006FED
00000000
00006FEE
00006FEF
00000000
00000000
00006FF1
00006FF2
00000000
00006FF5
00006FF6
00000000
00000000
00000000
00006FF7
00000000
00000000
00006FF8
00000000
00000000
00006FFA
00000000
00000000
00000000
00006FFC
00000000
00006FFD
00000000
00000000
00000000
00006FFE
00000000
00006FFF
00000000
00000000
00007000
00000000
00000000
00000000
00000000
00007001
00007003
00000000
00007004
00000000
00007006
00000000
00000000
00007008
00000000
0000700B
00000000
00000000
00000000
0000700D
00000000
00000000
00000000
00000000
0000700E
00000000
00007010
00007012
00000000
00000000
00000000
00007013
00000000
00000000
00007014
00000000
00007016
00007019
00000000
00000000
00000000
0000701A
00000000
00000000
0000701D
00007023
00007024
00007025
00000000
00007026
00000000
00000000
00000000
00000000
00007027
00007028
00000000
00007029
0000702A
00000000
00000000
00000000
00000000
0000702B
0000702D
0000702E
0000702F
00007030
00000000
00000000
00000000
00000000
00007031
00007032
00000000
00007034
00000000
00000000
00007035
00000000
00000000
00000000
00007036
00000000
00007039
00000000
00000000
00000000
00000000
0000703E
00000000
00000000
0000703F
00000000
00000000
00007041
00000000
00000000
00000000
00000000
00007044
00000000
00000000
00000000
00000000
00007047
00007048
00000000
0000704A
00000000
0000704B
00000000
00000000
00000000
0000704D
0000704E
00007052
00007053
00000000
00000000
00000000
00007055
00007058
00007059
0000705A
00000000
00000000
00000000
00000000
0000705B
00000000
00000000
0000705C
0000705E
00000000
00000000
00000000
0000705F
00007060
00007061
00000000
00000000
00007062
00000000
00007063
00007064
00000000
00000000
00000000
00000000
00007065
00007068
00000000
00000000
00000000
00000000
00007069
0000706C
0000706D
00000000
00000000
00000000
0000706E
0000706F
00000000
00000000
00007070
00000000
00000000
00007071
00000000
00000000
00007072
00000000
00000000
00007075
00007076
00000000
00000000
00000000
00000000
00007078
0000707A
0000707B
00000000
0000707C
0000707D
00000000
0000707E
00000000
0000707F
00007080
00000000
00007081
00007082
00000000
00000000
00007083
00000000
00000000
00000000
00000000
00007085
00007086
00007089
00000000
0000708A
00000000
00000000
00000000
00000000
00000000
00000000
00000000
0000708B
00000000
0000708E
00000000
00000000
00000000
0000708F
00007090
00007092
00007094
00000000
00000000
00007095
00007096
00000000
0000709A
00000000
00000000
00000000
00000000
0000709C
00000000
00000000
0000709D
0000709E
00000000
00000000
00000000
00000000
000070A1
000070A2
00000000
00000000
00000000
000070A4
000070A5
00000000
000070A6
00000000
00000000
00000000
000070A7
00000000
00000000
00000000
00000000
000070A8
00000000
000070A9
00000000
000070AA
00000000
00000000
000070AB
000070AC
00000000
00000000
00000000
000070AE
00000000
00000000
000070AF
00000000
000070B0
00000000
000070B2
00000000
00000000
000070B3
000070B5
000070B6
00000000
000070B8
00000000
00000000
000070B9
000070BA
00000000
000070BB
000070BC
00000000
000070BD
00000000
00000000
00000000
000070BE
000070C0
00000000
000070C1
00000000
000070C3
00000000
00000000
00000000
00000000
000070C4
00000000
000070C6
00000000
000070C9
00000000
00000000
00000000
00000000
00000000
000070CA
00000000
000070CC
00000000
00000000
00000000
00000000
000070CD
000070CF
000070D1
000070D2
000070D5
00000000
000070D8
00000000
00000000
00000000
00000000
000070D9
00000000
000070DA
00000000
00000000
00000000
00000000
00000000
00000000
00000000
00000000
000070DC
00000000
000070DE
00000000
00000000
000070DF
000070E0
00000000
00000000
00000000
00000000
00000000
000070E2
000070E3
000070E4
00000000
00000000
000070E6
00000000
00000000
000070E7
00000000
00000000
00000000
00000000
000070E8
000070EA
000070EB
00000000
000070EC
00000000
00000000
000070ED
00000000
00000000
00000000
000070EE
00000000
000070F0
00000000
00000000
000070F1
00000000
00000000
00000000
00000000
00000000
000070F2
00000000
000070F3
000070F4
00000000
00000000
00000000
000070F5
00000000
00000000
000070F8
00000000
00000000
00000000
00000000
000070FB
00000000
00000000
00000000
00000000
000070FC
00000000
00000000
00000000
000070FE
000070FF
00007100
00007101
00000000
00000000
00000000
00000000
00000000
00007102
00000000
00000000
00007104
00000000
00007105
00000000
00000000
00000000
00007106
00000000
00000000
00000000
00000000
00007108
00000000
00000000
00000000
00007109
0000710A
0000710B
0000710D
0000710E
00007110
00007111
00000000
00007112
00000000
00000000
00007113
00007116
00007118
00000000
00000000
00000000
00007119
0000711B
0000711C
0000711F
00000000
00000000
00000000
00000000
00000000
00000000
00007120
00000000
00007121
00000000
00000000
00000000
00000000
00007122
00000000
00007123
00000000
00000000
00007125
00007126
00007127
00000000
00000000
00000000
00000000
0000712B
0000712C
00000000
0000712D
00000000
00000000
00000000
0000712E
00007130
00007131
00000000
00007132
00007133
00000000
00007134
00000000
00007136
00000000
00007137
00007138
0000713C
0000713F
00000000
00000000
00007144
00007145
00007146
00000000
00007147
00007148
00000000
0000714B
0000714C
00000000
00000000
0000714F
00007150
00007151
00000000
00000000
00000000
00007152
00000000
00007153
00000000
00007154
00007155
00000000
00007156
00007158
00007159
00000000
00000000
0000715A
00000000
00000000
00000000
0000715B
00000000
00000000
00000000
0000715E
0000715F
00000000
00007160
00000000
00007162
00007165
00000000
00000000
00007166
00007167
0000716A
00000000
00000000
0000716B
00000000
0000716C
0000716D
00000000
00000000
0000716E
00000000
00000000
00000000
00007171
00000000
00000000
00000000
00000000
00007172
00007174
00000000
00007177
0000717B
00000000
00000000
0000717C
00000000
00000000
0000717E
00007180
00000000
00007181
00007182
00000000
00000000
00007183
00000000
00007184
00007185
00000000
00000000
00000000
00007186
00000000
00000000
00007187
00007189
0000718A
00000000
00000000
00000000
0000718D
00000000
00000000
00000000
00000000
00000000
0000718E
0000718F
00000000
00007190
00000000
00007191
00000000
00007193
00007195
00000000
00000000
00000000
00000000
00007196
00000000
00007197
00000000
00000000
00000000
00000000
00000000
00007199
00000000
00000000
0000719A
00000000
0000719B
0000719D
00000000
0000719E
00000000
0000719F
00000000
00000000
00000000
000071A0
000071A1
000071A2
00000000
00000000
00000000
000071A5
000071A6
000071A7
00000000
000071AD
00000000
00000000
00000000
000071AE
00000000
000071AF
00000000
00000000
00000000
00000000
00000000
00000000
000071B0
000071B1
00000000
00000000
000071B2
000071B4
000071BA
000071BB
00000000
000071BC
000071BD
00000000
00000000
000071BE
00000000
00000000
00000000
000071C0
00000000
00000000
00000000
000071C1
00000000
000071C4
000071C6
00000000
000071C7
00000000
000071C9
00000000
00000000
00000000
00000000
00000000
00000000
00000000
000071CA
00000000
000071CB
00000000
000071CC
000071D1
000071D4
00000000
00000000
00000000
000071D5
00000000
00000000
000071D6
00000000
00000000
000071D7
00000000
00000000
00000000
00000000
00000000
000071D8
00000000
00000000
000071D9
00000000
00000000
00000000
000071DD
00000000
00000000
000071DF
00000000
00000000
000071E0
000071E1
00000000
00000000
000071E4
00000000
00000000
00000000
00000000
000071E5
000071E6
00000000
000071E8
000071E9
00000000
000071EF
00000000
00000000
000071F0
00000000
00000000
000071F1
00000000
00000000
000071F2
00000000
00000000
00000000
00000000
00000000
00000000
000071F4
00000000
00000000
000071F5
00000000
00000000
00000000
000071F6
000071F7
00000000
00000000
000071F8
00000000
000071F9
00000000
000071FB
000071FE
00007201
00007202
00000000
00007203
00000000
00000000
00000000
00007204
00000000
00000000
00000000
00000000
00000000
00007207
00000000
00000000
00007208
00000000
0000720A
0000720B
00000000
00000000
0000720D
0000720E
0000720F
00007210
00000000
00007212
00007213
00007214
00000000
00000000
00000000
00000000
00000000
00000000
00000000
00007215
00007218
00000000
00000000
00000000
00007219
00000000
0000721A
00000000
00000000
00000000
0000721D
00000000
00007220
00000000
00000000
00007221
00007223
00000000
00007224
00000000
00000000
00000000
00007225
00000000
00007226
00007227
00000000
00000000
00007228
00007229
00000000
00000000
0000722A
00000000
0000722B
00000000
0000722C
0000722D
00000000
0000722E
00000000
00000000
00000000
00000000
0000722F
00000000
00000000
00007231
00000000
00007233
00007234
00000000
00000000
00000000
00007236
00000000
00007237
00000000
00000000
00000000
00007238
00007239
0000723A
00000000
00000000
0000723D
00007240
00000000
00007241
00000000
00000000
00000000
00007244
00000000
00000000
00007245
00007246
00000000
00000000
00000000
00007247
00000000
00007249
0000724A
0000724B
0000724C
00000000
0000724E
0000724F
00000000
00000000
00000000
00000000
00007251
00000000
00000000
00007254
00007255
00000000
00007256
00007257
00000000
00000000
00000000
00000000
00000000
00000000
00000000
00007258
00000000
00000000
00000000
00000000
00000000
0000725A
0000725C
00000000
0000725D
00000000
00000000
0000725F
00000000
00007260
00000000
00000000
00007261
00000000
00000000
00000000
00000000
00000000
00000000
00000000
00007263
00000000
00007265
00000000
00000000
00000000
00007266
00000000
00000000
0000726A
0000726B
0000726E
00000000
0000726F
00007270
00000000
00000000
00007272
00000000
00007273
00007276
00007277
00000000
00000000
00007278
00000000
00000000
00000000
00000000
00000000
00000000
00007279
0000727A
00000000
0000727C
0000727D
0000727E
0000727F
00007285
00007286
00000000
00007289
00000000
0000728A
0000728C
0000728E
0000728F
00000000
00007291
00000000
00000000
00000000
00000000
00000000
00000000
00007292
00000000
00007293
00000000
00000000
00000000
00000000
00000000
00007294
00007295
00007297
0000729A
00000000
00000000
00000000
0000729C
00000000
00000000
00000000
00000000
00000000
00000000
0000729D
0000729F
00000000
000072A4
000072A5
00000000
000072A6
00000000
00000000
00000000
000072A7
00000000
00000000
00000000
000072A8
00000000
00000000
000072A9
000072AA
00000000
000072AB
00000000
00000000
00000000
000072AD
000072AF
00000000
00000000
00000000
000072B0
00000000
00000000
00000000
00000000
00000000
00000000
000072B1
00000000
00000000
00000000
000072B2
000072B3
00000000
00000000
000072B4
00000000
00000000
000072B5
00000000
00000000
000072B7
00000000
00000000
00000000
000072B8
000072B9
00000000
00000000
00000000
000072BB
00000000
00000000
00000000
00000000
000072BC
000072BD
000072BE
000072BF
00000000
00000000
000072C0
00000000
000072C7
000072C8
000072CA
00000000
00000000
000072CB
00000000
00000000
000072CF
00000000
00000000
000072D2
00000000
00000000
00000000
00000000
00000000
000072D3
00000000
00000000
000072D4
00000000
00000000
00000000
000072D6
000072D8
000072DB
00000000
000072DC
00000000
00000000
00000000
000072DE
00000000
00000000
00000000
00000000
000072DF
000072E1
000072E2
00000000
00000000
00000000
00000000
00000000
00000000
000072E3
00000000
000072E4
00000000
000072E6
00000000
000072EC
000072ED
00000000
00000000
000072F1
00000000
00000000
000072F2
00000000
000072F5
00000000
00000000
00000000
000072F6
000072F8
00000000
000072F9
00000000
00000000
000072FA
00000000
00000000
00000000
000072FB
00000000
00000000
000072FD
000072FE
000072FF
00000000
00000000
00007302
00000000
00000000
00000000
00000000
00007305
00007307
00000000
00007308
00007309
0000730A
00000000
0000730D
00000000
00000000
0000730F
00000000
00000000
00007311
00000000
00007312
00000000
00000000
00000000
00007317
00000000
00007319
00000000
00000000
00000000
0000731B
0000731C
0000731E
00000000
00000000
0000731F
00007322
00007326
00000000
00000000
00000000
00007327
00000000
0000732A
00000000
00000000
00000000
00000000
00000000
0000732B
00000000
00000000
0000732C
0000732D
00007333
00007334
00000000
00007336
00000000
00000000
00000000
00007337
00000000
00000000
00000000
00007338
00007339
0000733A
0000733B
00000000
00000000
00000000
0000733C
00000000
00000000
0000733E
0000733F
00000000
00007340
00000000
00000000
00000000
00000000
00007341
00007342
00007343
00000000
00007344
00000000
00007345
00007347
00007348
0000734B
00000000
00000000
00000000
00000000
0000734C
00000000
0000734D
00000000
00007350
00000000
00000000
00000000
00007353
00007356
00007357
00000000
00000000
00000000
00007358
00000000
00000000
00000000
00007359
00000000
0000735A
0000735C
0000735E
0000735F
00007365
00000000
00000000
00000000
00000000
00000000
00007367
00000000
00000000
00000000
00000000
00000000
00000000
0000736D
00000000
0000736F
00007370
00000000
00000000
00007372
00000000
00000000
00000000
00007373
00000000
00007374
00000000
00000000
00000000
00007375
00000000
00000000
00007376
00007377
00000000
00007379
0000737A
00000000
0000737B
00000000
00000000
0000737C
00000000
0000737D
0000737F
00007380
00000000
00000000
00000000
00000000
00000000
00000000
00000000
00007381
00000000
00007382
00000000
00000000
00007383
00007384
00000000
00000000
00000000
00007387
00000000
0000738B
00000000
00000000
00000000
00000000
00000000
0000738C
00000000
00000000
0000738D
00000000
00000000
00000000
0000738E
00000000
00000000
0000738F
00007390
00000000
00000000
00007392
00007394
00007395
00000000
00000000
00007396
00000000
00000000
00000000
00007397
00000000
00000000
00000000
00007398
00000000
00000000
00007399
0000739A
00000000
0000739C
0000739D
00000000
00000000
00000000
000073A0
00000000
000073A3
00000000
00000000
00000000
000073A6
00000000
00000000
000073A7
00000000
00000000
00000000
00000000
000073A8
000073A9
00000000
00000000
00000000
000073AA
00000000
00000000
00000000
000073AB
